[
{
  "model": "auth.group",
  "pk": 1,
  "fields": {
    "name": "admin",
    "permissions": []
  }
},
{
  "model": "auth.group",
  "pk": 2,
  "fields": {
    "name": "cashier",
    "permissions": []
  }
},
{
  "model": "auth.group",
  "pk": 3,
  "fields": {
    "name": "warehouse_staff",
    "permissions": []
  }
},
{
  "model": "auth.group",
  "pk": 4,
  "fields": {
    "name": "finance_user",
    "permissions": []
  }
},
{
  "model": "auth.user",
  "pk": 1,
  "fields": {
    "password": "pbkdf2_sha256$1000000$aTDGH5a3PqjIkVSJ6uiXbO$HCl0E5XZagyTBrizeMuB0u+hzBW/8HULrJGGi4JjRdk=",
    "last_login": "2026-05-25T13:40:48.949Z",
    "is_superuser": true,
    "username": "admin",
    "first_name": "System",
    "last_name": "Admin",
    "email": "admin@hute.local",
    "is_staff": true,
    "is_active": true,
    "date_joined": "2026-03-24T00:09:36Z",
    "groups": [
      1
    ],
    "user_permissions": [
      85,
      86,
      87,
      88,
      25,
      26,
      27,
      28,
      1,
      2,
      3,
      4,
      9,
      10,
      11,
      12,
      5,
      6,
      7,
      8,
      13,
      14,
      15,
      16,
      17,
      18,
      19,
      20,
      77,
      78,
      79,
      80,
      81,
      82,
      83,
      84,
      65,
      66,
      67,
      68,
      29,
      30,
      31,
      32,
      57,
      58,
      59,
      60,
      61,
      62,
      63,
      64,
      37,
      38,
      39,
      40,
      41,
      42,
      43,
      44,
      53,
      54,
      55,
      56,
      69,
      70,
      71,
      72,
      73,
      74,
      75,
      76,
      33,
      34,
      35,
      36,
      45,
      46,
      47,
      48,
      49,
      50,
      51,
      52,
      21,
      22,
      23,
      24
    ]
  }
},
{
  "model": "auth.user",
  "pk": 2,
  "fields": {
    "password": "pbkdf2_sha256$1000000$fVIrtTXqkBGVKYNDin8ieZ$W3OktKf44tbHIEt2POlnHj1FgCF0slKud5OkG38QYqU=",
    "last_login": null,
    "is_superuser": false,
    "username": "user1",
    "first_name": "Test",
    "last_name": "User1",
    "email": "user1@hutemail.com",
    "is_staff": false,
    "is_active": true,
    "date_joined": "2026-04-03T15:27:42Z",
    "groups": [
      2
    ],
    "user_permissions": [
      45,
      46,
      48,
      49,
      50,
      52,
      21,
      22,
      24
    ]
  }
},
{
  "model": "auth.user",
  "pk": 3,
  "fields": {
    "password": "pbkdf2_sha256$1000000$W5Ur9mFfGuScsUWt5557lz$swhfm870Rrj4gPlc2MwVWr8g+zFE7frwTDOjeQ6pT5Y=",
    "last_login": null,
    "is_superuser": false,
    "username": "User-Manager",
    "first_name": "Test-Manager",
    "last_name": "Manager",
    "email": "manager@hute.com",
    "is_staff": false,
    "is_active": true,
    "date_joined": "2026-04-03T15:29:03Z",
    "groups": [
      3
    ],
    "user_permissions": [
      65,
      66,
      67,
      68,
      29,
      30,
      31,
      32,
      57,
      60,
      61,
      62,
      64,
      37,
      38,
      39,
      40,
      41,
      42,
      43,
      44,
      53,
      54,
      56,
      69,
      72,
      73,
      76,
      36,
      45,
      46,
      48,
      49,
      50,
      52,
      21,
      22,
      24
    ]
  }
},
{
  "model": "auth.user",
  "pk": 4,
  "fields": {
    "password": "pbkdf2_sha256$1000000$r3Fcdnk76zC5tUP9wXT7TA$yyPa8g3oeGMBKuwptUHHBw+ixO/uw86PsWAH+hTYMCA=",
    "last_login": null,
    "is_superuser": false,
    "username": "Finance-user",
    "first_name": "Finance-user1",
    "last_name": "Finance",
    "email": "finance-user@hute.com",
    "is_staff": false,
    "is_active": true,
    "date_joined": "2026-04-03T15:29:52Z",
    "groups": [
      4
    ],
    "user_permissions": [
      85,
      86,
      87,
      88,
      77,
      78,
      79,
      80,
      81,
      82,
      83,
      84,
      69,
      70,
      71,
      72,
      73,
      74,
      75,
      76
    ]
  }
},
{
  "model": "auth.user",
  "pk": 5,
  "fields": {
    "password": "pbkdf2_sha256$1000000$7UzlcdfkgnoviNUVuI6LiD$+f7aJd7vV0yusgG/HmKl7KDClo/FUCjtQVuMGjNWvbE=",
    "last_login": null,
    "is_superuser": true,
    "username": "admin2",
    "first_name": "",
    "last_name": "",
    "email": "admin@hute.com",
    "is_staff": true,
    "is_active": true,
    "date_joined": "2026-04-13T21:45:05.810Z",
    "groups": [],
    "user_permissions": []
  }
},
{
  "model": "accounts.cashiershift",
  "pk": 1,
  "fields": {
    "user": 1,
    "terminal_id": "TERM-1775322922152-FH4GMO",
    "opened_at": "2026-04-05T02:49:59.225Z",
    "closed_at": "2026-04-05T02:52:09.385Z",
    "opening_float": "100.00",
    "expected_cash": "100.00",
    "actual_cash": "112.70",
    "cash_sales": "0.00",
    "card_sales": "0.00",
    "variance": "12.70",
    "status": "closed"
  }
},
{
  "model": "accounts.cashiershift",
  "pk": 2,
  "fields": {
    "user": 2,
    "terminal_id": "TERM-1775322922152-FH4GMO",
    "opened_at": "2026-04-05T02:56:03.310Z",
    "closed_at": "2026-04-05T02:57:28.944Z",
    "opening_float": "100.00",
    "expected_cash": "123.00",
    "actual_cash": "123.00",
    "cash_sales": "23.00",
    "card_sales": "0.00",
    "variance": "0.00",
    "status": "closed"
  }
},
{
  "model": "accounts.cashiershift",
  "pk": 3,
  "fields": {
    "user": 1,
    "terminal_id": "TERM-1775322922152-FH4GMO",
    "opened_at": "2026-04-05T20:23:52.947Z",
    "closed_at": "2026-04-05T20:24:53.362Z",
    "opening_float": "500.00",
    "expected_cash": "500.00",
    "actual_cash": "22.00",
    "cash_sales": "0.00",
    "card_sales": "0.00",
    "variance": "-478.00",
    "status": "closed"
  }
},
{
  "model": "accounts.cashiershift",
  "pk": 4,
  "fields": {
    "user": 1,
    "terminal_id": "TERM-1775322922152-FH4GMO",
    "opened_at": "2026-04-05T20:39:56.446Z",
    "closed_at": "2026-04-05T20:40:35.606Z",
    "opening_float": "100.00",
    "expected_cash": "100.00",
    "actual_cash": "105.00",
    "cash_sales": "0.00",
    "card_sales": "0.00",
    "variance": "5.00",
    "status": "closed"
  }
},
{
  "model": "accounts.cashiershift",
  "pk": 5,
  "fields": {
    "user": 1,
    "terminal_id": "TERM-1775322922152-FH4GMO",
    "opened_at": "2026-04-05T21:09:53.472Z",
    "closed_at": "2026-04-05T21:15:45.105Z",
    "opening_float": "100.00",
    "expected_cash": "100.00",
    "actual_cash": "25.00",
    "cash_sales": "0.00",
    "card_sales": "0.00",
    "variance": "-75.00",
    "status": "closed"
  }
},
{
  "model": "accounts.cashiershift",
  "pk": 6,
  "fields": {
    "user": 1,
    "terminal_id": "TERM-1775322922152-FH4GMO",
    "opened_at": "2026-04-05T21:16:27.862Z",
    "closed_at": "2026-04-05T21:17:00.928Z",
    "opening_float": "25.00",
    "expected_cash": "25.00",
    "actual_cash": "20.00",
    "cash_sales": "0.00",
    "card_sales": "0.00",
    "variance": "-5.00",
    "status": "closed"
  }
},
{
  "model": "accounts.cashiershift",
  "pk": 7,
  "fields": {
    "user": 1,
    "terminal_id": "TERM-1775322922152-FH4GMO",
    "opened_at": "2026-04-05T21:32:03.540Z",
    "closed_at": "2026-04-05T21:32:29.284Z",
    "opening_float": "50.00",
    "expected_cash": "50.00",
    "actual_cash": "25.00",
    "cash_sales": "0.00",
    "card_sales": "0.00",
    "variance": "-25.00",
    "status": "closed"
  }
},
{
  "model": "accounts.cashiershift",
  "pk": 8,
  "fields": {
    "user": 2,
    "terminal_id": "TERM-1775322922152-FH4GMO",
    "opened_at": "2026-04-05T21:32:49.380Z",
    "closed_at": "2026-04-05T21:33:18.556Z",
    "opening_float": "40.00",
    "expected_cash": "40.00",
    "actual_cash": "35.00",
    "cash_sales": "0.00",
    "card_sales": "0.00",
    "variance": "-5.00",
    "status": "closed"
  }
},
{
  "model": "accounts.cashiershift",
  "pk": 9,
  "fields": {
    "user": 1,
    "terminal_id": "TERM-1775322922152-FH4GMO",
    "opened_at": "2026-04-05T23:18:26.009Z",
    "closed_at": "2026-04-05T23:19:02.984Z",
    "opening_float": "25.00",
    "expected_cash": "35.00",
    "actual_cash": "15.00",
    "cash_sales": "10.00",
    "card_sales": "0.00",
    "variance": "-20.00",
    "status": "closed"
  }
},
{
  "model": "accounts.cashiershift",
  "pk": 10,
  "fields": {
    "user": 1,
    "terminal_id": "TERM-1775322922152-FH4GMO",
    "opened_at": "2026-04-05T23:38:55.130Z",
    "closed_at": "2026-04-05T23:39:33.387Z",
    "opening_float": "100.00",
    "expected_cash": "100.00",
    "actual_cash": "35.00",
    "cash_sales": "0.00",
    "card_sales": "0.00",
    "variance": "-65.00",
    "status": "closed"
  }
},
{
  "model": "accounts.cashiershift",
  "pk": 11,
  "fields": {
    "user": 1,
    "terminal_id": "TERM-1775322922152-FH4GMO",
    "opened_at": "2026-04-07T23:18:35.014Z",
    "closed_at": "2026-04-07T23:19:09.374Z",
    "opening_float": "100.00",
    "expected_cash": "100.00",
    "actual_cash": "50.00",
    "cash_sales": "0.00",
    "card_sales": "0.00",
    "variance": "-50.00",
    "status": "closed"
  }
},
{
  "model": "accounts.cashiershift",
  "pk": 12,
  "fields": {
    "user": 1,
    "terminal_id": "TERM-1775322922152-FH4GMO",
    "opened_at": "2026-04-07T23:20:10.603Z",
    "closed_at": "2026-04-07T23:20:27.652Z",
    "opening_float": "500.00",
    "expected_cash": "500.00",
    "actual_cash": "100.00",
    "cash_sales": "0.00",
    "card_sales": "0.00",
    "variance": "-400.00",
    "status": "closed"
  }
},
{
  "model": "accounts.cashiershift",
  "pk": 13,
  "fields": {
    "user": 1,
    "terminal_id": "TERM-1775322922152-FH4GMO",
    "opened_at": "2026-04-13T10:53:29.642Z",
    "closed_at": "2026-04-13T10:54:42.545Z",
    "opening_float": "100.00",
    "expected_cash": "120.00",
    "actual_cash": "80.00",
    "cash_sales": "20.00",
    "card_sales": "0.00",
    "variance": "-40.00",
    "status": "closed"
  }
},
{
  "model": "accounts.cashiershift",
  "pk": 14,
  "fields": {
    "user": 1,
    "terminal_id": "TERM-1775322922152-FH4GMO",
    "opened_at": "2026-04-13T14:06:18.865Z",
    "closed_at": "2026-04-13T14:35:12.957Z",
    "opening_float": "100.00",
    "expected_cash": "110.00",
    "actual_cash": "60.00",
    "cash_sales": "10.00",
    "card_sales": "0.00",
    "variance": "-50.00",
    "status": "closed"
  }
},
{
  "model": "accounts.cashiershift",
  "pk": 15,
  "fields": {
    "user": 1,
    "terminal_id": "TERM-1775322922152-FH4GMO",
    "opened_at": "2026-04-13T14:36:03.392Z",
    "closed_at": "2026-04-13T14:36:35.001Z",
    "opening_float": "500.00",
    "expected_cash": "528.00",
    "actual_cash": "100.00",
    "cash_sales": "28.00",
    "card_sales": "0.00",
    "variance": "-428.00",
    "status": "closed"
  }
},
{
  "model": "accounts.cashiershift",
  "pk": 16,
  "fields": {
    "user": 1,
    "terminal_id": "TERM-1775322922152-FH4GMO",
    "opened_at": "2026-04-13T15:12:06.536Z",
    "closed_at": "2026-04-13T15:12:26.289Z",
    "opening_float": "300.00",
    "expected_cash": "300.00",
    "actual_cash": "25.00",
    "cash_sales": "0.00",
    "card_sales": "0.00",
    "variance": "-275.00",
    "status": "closed"
  }
},
{
  "model": "accounts.cashiershift",
  "pk": 17,
  "fields": {
    "user": 5,
    "terminal_id": "TERM-1775322922152-FH4GMO",
    "opened_at": "2026-04-13T21:54:56.448Z",
    "closed_at": "2026-04-13T21:55:07.552Z",
    "opening_float": "100.00",
    "expected_cash": "100.00",
    "actual_cash": "50.00",
    "cash_sales": "0.00",
    "card_sales": "0.00",
    "variance": "-50.00",
    "status": "closed"
  }
},
{
  "model": "accounts.cashiershift",
  "pk": 18,
  "fields": {
    "user": 5,
    "terminal_id": "TERM-1775322922152-FH4GMO",
    "opened_at": "2026-04-13T21:55:16.029Z",
    "closed_at": "2026-04-13T21:57:03.821Z",
    "opening_float": "80.00",
    "expected_cash": "136.70",
    "actual_cash": "45.00",
    "cash_sales": "56.70",
    "card_sales": "0.00",
    "variance": "-91.70",
    "status": "closed"
  }
},
{
  "model": "accounts.cashiershift",
  "pk": 19,
  "fields": {
    "user": 5,
    "terminal_id": "TERM-1775322922152-FH4GMO",
    "opened_at": "2026-04-13T22:43:42.427Z",
    "closed_at": "2026-04-13T22:47:28.627Z",
    "opening_float": "20.00",
    "expected_cash": "29.80",
    "actual_cash": "78.00",
    "cash_sales": "9.80",
    "card_sales": "0.00",
    "variance": "48.20",
    "status": "closed"
  }
},
{
  "model": "accounts.cashiershift",
  "pk": 20,
  "fields": {
    "user": 5,
    "terminal_id": "TERM-1775322922152-FH4GMO",
    "opened_at": "2026-04-14T15:38:25.439Z",
    "closed_at": "2026-04-14T15:39:00.832Z",
    "opening_float": "100.00",
    "expected_cash": "120.00",
    "actual_cash": "122.00",
    "cash_sales": "20.00",
    "card_sales": "0.00",
    "variance": "2.00",
    "status": "closed"
  }
},
{
  "model": "accounts.cashiershift",
  "pk": 21,
  "fields": {
    "user": 5,
    "terminal_id": "TERM-1775322922152-FH4GMO",
    "opened_at": "2026-04-14T16:28:10.797Z",
    "closed_at": "2026-04-17T09:42:41.081Z",
    "opening_float": "100.00",
    "expected_cash": "183.06",
    "actual_cash": "100.00",
    "cash_sales": "83.06",
    "card_sales": "0.00",
    "variance": "-83.06",
    "status": "closed"
  }
},
{
  "model": "accounts.cashiershift",
  "pk": 22,
  "fields": {
    "user": 5,
    "terminal_id": "TERM-1775322922152-FH4GMO",
    "opened_at": "2026-04-17T09:43:06.832Z",
    "closed_at": "2026-04-17T11:58:42.152Z",
    "opening_float": "100.00",
    "expected_cash": "128.52",
    "actual_cash": "100.00",
    "cash_sales": "28.52",
    "card_sales": "0.00",
    "variance": "-28.52",
    "status": "closed"
  }
},
{
  "model": "accounts.cashiershift",
  "pk": 23,
  "fields": {
    "user": 5,
    "terminal_id": "TERM-1775322922152-FH4GMO",
    "opened_at": "2026-04-17T11:58:49.186Z",
    "closed_at": "2026-04-17T11:59:44.134Z",
    "opening_float": "100.00",
    "expected_cash": "146.92",
    "actual_cash": "146.92",
    "cash_sales": "46.92",
    "card_sales": "0.00",
    "variance": "0.00",
    "status": "closed"
  }
},
{
  "model": "accounts.cashiershift",
  "pk": 24,
  "fields": {
    "user": 5,
    "terminal_id": "TERM-1775322922152-FH4GMO",
    "opened_at": "2026-04-17T11:59:57.559Z",
    "closed_at": "2026-04-17T12:00:40.662Z",
    "opening_float": "500.00",
    "expected_cash": "505.52",
    "actual_cash": "50.00",
    "cash_sales": "5.52",
    "card_sales": "0.00",
    "variance": "-455.52",
    "status": "closed"
  }
},
{
  "model": "accounts.anomalycase",
  "pk": 1,
  "fields": {
    "anomaly_type": "repeated_cashier_shortage",
    "severity": "medium",
    "score": 65,
    "title": "Repeated shortages detected for admin",
    "description": "Cashier admin has 3 shortage shifts in recent closed shift history.",
    "detected_date": "2026-04-06",
    "metadata": {
      "cashier_username": "admin",
      "shortage_shift_count": 3
    },
    "dedupe_key": "",
    "source_reference": "",
    "auto_created": false,
    "status": "open",
    "priority": "medium",
    "assigned_to": null,
    "created_by": 1,
    "notes": "",
    "resolution_notes": "",
    "sla_due_at": null,
    "sla_breached": false,
    "escalation_level": 0,
    "escalated_at": null,
    "created_at": "2026-04-05T23:19:42.783Z",
    "updated_at": "2026-04-05T23:19:42.783Z",
    "closed_at": null
  }
},
{
  "model": "accounts.anomalycase",
  "pk": 2,
  "fields": {
    "anomaly_type": "out_of_hours_sale",
    "severity": "medium",
    "score": 60,
    "title": "Out-of-hours sale detected: RCPT-20260405231834259293",
    "description": "Sale RCPT-20260405231834259293 was recorded at 2026-04-05 23:18:34.259514+00:00 by admin.",
    "detected_date": "2026-04-06",
    "metadata": {
      "sale_id": 50,
      "receipt_number": "RCPT-20260405231834259293",
      "cashier_username": "admin",
      "warehouse_name": "Branch Warehouse",
      "shift_id": 9,
      "created_at": "2026-04-05 23:18:34.259514+00:00",
      "total_amount": "10.00"
    },
    "dedupe_key": "",
    "source_reference": "",
    "auto_created": false,
    "status": "open",
    "priority": "medium",
    "assigned_to": null,
    "created_by": 1,
    "notes": "",
    "resolution_notes": "",
    "sla_due_at": null,
    "sla_breached": false,
    "escalation_level": 0,
    "escalated_at": null,
    "created_at": "2026-04-05T23:19:44.816Z",
    "updated_at": "2026-04-05T23:19:44.816Z",
    "closed_at": null
  }
},
{
  "model": "accounts.anomalycase",
  "pk": 3,
  "fields": {
    "anomaly_type": "repeated_cashier_shortage",
    "severity": "medium",
    "score": 65,
    "title": "Repeated shortages detected for admin",
    "description": "Cashier admin has 3 shortage shifts in recent closed shift history.",
    "detected_date": "2026-04-06",
    "metadata": {
      "cashier_username": "admin",
      "shortage_shift_count": 3
    },
    "dedupe_key": "2026-04-06:repeated_cashier_shortage:cashier-shortage:admin:3",
    "source_reference": "cashier-shortage:admin:3",
    "auto_created": true,
    "status": "open",
    "priority": "medium",
    "assigned_to": null,
    "created_by": null,
    "notes": "",
    "resolution_notes": "",
    "sla_due_at": null,
    "sla_breached": false,
    "escalation_level": 0,
    "escalated_at": null,
    "created_at": "2026-04-05T23:38:38.048Z",
    "updated_at": "2026-04-05T23:38:38.048Z",
    "closed_at": null
  }
},
{
  "model": "accounts.anomalycase",
  "pk": 4,
  "fields": {
    "anomaly_type": "out_of_hours_sale",
    "severity": "medium",
    "score": 60,
    "title": "Out-of-hours sale detected: RCPT-20260405231834259293",
    "description": "Sale RCPT-20260405231834259293 was recorded at 2026-04-05 23:18:34.259514+00:00 by admin.",
    "detected_date": "2026-04-06",
    "metadata": {
      "sale_id": 50,
      "receipt_number": "RCPT-20260405231834259293",
      "cashier_username": "admin",
      "warehouse_name": "Branch Warehouse",
      "shift_id": 9,
      "created_at": "2026-04-05 23:18:34.259514+00:00",
      "total_amount": "10.00"
    },
    "dedupe_key": "2026-04-06:out_of_hours_sale:sale:50",
    "source_reference": "sale:50",
    "auto_created": true,
    "status": "open",
    "priority": "medium",
    "assigned_to": null,
    "created_by": null,
    "notes": "",
    "resolution_notes": "",
    "sla_due_at": null,
    "sla_breached": false,
    "escalation_level": 0,
    "escalated_at": null,
    "created_at": "2026-04-05T23:38:38.058Z",
    "updated_at": "2026-04-05T23:38:38.058Z",
    "closed_at": null
  }
},
{
  "model": "accounts.anomalycase",
  "pk": 5,
  "fields": {
    "anomaly_type": "large_shift_variance",
    "severity": "high",
    "score": 80,
    "title": "Large shift variance detected for shift 10",
    "description": "Cashier admin closed shift 10 with variance £-65.00 on terminal TERM-1775322922152-FH4GMO.",
    "detected_date": "2026-04-06",
    "metadata": {
      "shift_id": 10,
      "cashier_username": "admin",
      "terminal_id": "TERM-1775322922152-FH4GMO",
      "variance": "-65.00",
      "variance_abs": "65.00",
      "closed_at": "2026-04-05 23:39:33.387274+00:00"
    },
    "dedupe_key": "2026-04-06:large_shift_variance:shift:10",
    "source_reference": "shift:10",
    "auto_created": true,
    "status": "open",
    "priority": "high",
    "assigned_to": null,
    "created_by": null,
    "notes": "",
    "resolution_notes": "",
    "sla_due_at": null,
    "sla_breached": false,
    "escalation_level": 0,
    "escalated_at": null,
    "created_at": "2026-04-05T23:39:55.661Z",
    "updated_at": "2026-04-05T23:39:55.661Z",
    "closed_at": null
  }
},
{
  "model": "accounts.anomalycase",
  "pk": 6,
  "fields": {
    "anomaly_type": "repeated_cashier_shortage",
    "severity": "medium",
    "score": 65,
    "title": "Repeated shortages detected for admin",
    "description": "Cashier admin has 4 shortage shifts in recent closed shift history.",
    "detected_date": "2026-04-06",
    "metadata": {
      "cashier_username": "admin",
      "shortage_shift_count": 4
    },
    "dedupe_key": "2026-04-06:repeated_cashier_shortage:cashier-shortage:admin:4",
    "source_reference": "cashier-shortage:admin:4",
    "auto_created": true,
    "status": "open",
    "priority": "medium",
    "assigned_to": null,
    "created_by": null,
    "notes": "",
    "resolution_notes": "",
    "sla_due_at": null,
    "sla_breached": false,
    "escalation_level": 0,
    "escalated_at": null,
    "created_at": "2026-04-05T23:39:55.671Z",
    "updated_at": "2026-04-05T23:39:55.671Z",
    "closed_at": null
  }
},
{
  "model": "accounts.anomalycase",
  "pk": 7,
  "fields": {
    "anomaly_type": "out_of_hours_sale",
    "severity": "medium",
    "score": 60,
    "title": "Out-of-hours sale detected: RCPT-20260405233907084413",
    "description": "Sale RCPT-20260405233907084413 was recorded at 2026-04-05 23:39:07.084636+00:00 by admin.",
    "detected_date": "2026-04-06",
    "metadata": {
      "sale_id": 52,
      "receipt_number": "RCPT-20260405233907084413",
      "cashier_username": "admin",
      "warehouse_name": "Branch Warehouse",
      "shift_id": 10,
      "created_at": "2026-04-05 23:39:07.084636+00:00",
      "total_amount": "0.00"
    },
    "dedupe_key": "2026-04-06:out_of_hours_sale:sale:52",
    "source_reference": "sale:52",
    "auto_created": true,
    "status": "open",
    "priority": "medium",
    "assigned_to": null,
    "created_by": null,
    "notes": "",
    "resolution_notes": "",
    "sla_due_at": null,
    "sla_breached": false,
    "escalation_level": 0,
    "escalated_at": null,
    "created_at": "2026-04-05T23:39:55.677Z",
    "updated_at": "2026-04-05T23:39:55.677Z",
    "closed_at": null
  }
},
{
  "model": "accounts.anomalycase",
  "pk": 8,
  "fields": {
    "anomaly_type": "out_of_hours_sale",
    "severity": "medium",
    "score": 60,
    "title": "Out-of-hours sale detected: RCPT-20260405233903917457",
    "description": "Sale RCPT-20260405233903917457 was recorded at 2026-04-05 23:39:03.917692+00:00 by admin.",
    "detected_date": "2026-04-06",
    "metadata": {
      "sale_id": 51,
      "receipt_number": "RCPT-20260405233903917457",
      "cashier_username": "admin",
      "warehouse_name": "Branch Warehouse",
      "shift_id": 10,
      "created_at": "2026-04-05 23:39:03.917692+00:00",
      "total_amount": "0.00"
    },
    "dedupe_key": "2026-04-06:out_of_hours_sale:sale:51",
    "source_reference": "sale:51",
    "auto_created": true,
    "status": "open",
    "priority": "medium",
    "assigned_to": null,
    "created_by": null,
    "notes": "",
    "resolution_notes": "",
    "sla_due_at": null,
    "sla_breached": false,
    "escalation_level": 0,
    "escalated_at": null,
    "created_at": "2026-04-05T23:39:55.684Z",
    "updated_at": "2026-04-05T23:39:55.684Z",
    "closed_at": null
  }
},
{
  "model": "accounts.anomalycase",
  "pk": 9,
  "fields": {
    "anomaly_type": "repeated_cashier_shortage",
    "severity": "medium",
    "score": 65,
    "title": "Repeated shortages detected for admin",
    "description": "Cashier admin has 4 shortage shifts in recent closed shift history.",
    "detected_date": "2026-04-07",
    "metadata": {
      "cashier_username": "admin",
      "shortage_shift_count": 4
    },
    "dedupe_key": "2026-04-07:repeated_cashier_shortage:cashier-shortage:admin:4",
    "source_reference": "cashier-shortage:admin:4",
    "auto_created": true,
    "status": "open",
    "priority": "medium",
    "assigned_to": null,
    "created_by": null,
    "notes": "",
    "resolution_notes": "",
    "sla_due_at": "2026-04-08T22:00:43.413Z",
    "sla_breached": false,
    "escalation_level": 0,
    "escalated_at": null,
    "created_at": "2026-04-07T22:00:43.413Z",
    "updated_at": "2026-04-07T22:00:43.413Z",
    "closed_at": null
  }
},
{
  "model": "accounts.anomalycase",
  "pk": 10,
  "fields": {
    "anomaly_type": "repeated_cashier_shortage",
    "severity": "medium",
    "score": 65,
    "title": "Repeated shortages detected for admin",
    "description": "Cashier admin has 4 shortage shifts in recent closed shift history.",
    "detected_date": "2026-04-08",
    "metadata": {
      "cashier_username": "admin",
      "shortage_shift_count": 4
    },
    "dedupe_key": "2026-04-08:repeated_cashier_shortage:cashier-shortage:admin:4",
    "source_reference": "cashier-shortage:admin:4",
    "auto_created": true,
    "status": "open",
    "priority": "medium",
    "assigned_to": null,
    "created_by": null,
    "notes": "",
    "resolution_notes": "",
    "sla_due_at": "2026-04-08T23:08:51.534Z",
    "sla_breached": false,
    "escalation_level": 0,
    "escalated_at": null,
    "created_at": "2026-04-07T23:08:51.534Z",
    "updated_at": "2026-04-07T23:08:51.534Z",
    "closed_at": null
  }
},
{
  "model": "accounts.anomalycaseevidence",
  "pk": 1,
  "fields": {
    "case": 8,
    "file": "anomaly_case_evidence/case_8/shift_sales_report.pdf",
    "original_filename": "shift_sales_report.pdf",
    "note": "",
    "uploaded_by": 1,
    "created_at": "2026-04-05T23:58:09.544Z"
  }
},
{
  "model": "accounts.anomalycasetimeline",
  "pk": 1,
  "fields": {
    "case": 9,
    "action": "created",
    "description": "Case auto-created from anomaly detection",
    "performed_by": null,
    "metadata": {
      "auto_created": true,
      "dedupe_key": "2026-04-07:repeated_cashier_shortage:cashier-shortage:admin:4",
      "source_reference": "cashier-shortage:admin:4"
    },
    "created_at": "2026-04-07T22:00:43.421Z"
  }
},
{
  "model": "accounts.anomalycasetimeline",
  "pk": 2,
  "fields": {
    "case": 9,
    "action": "sla_set",
    "description": "SLA set for 24 hours",
    "performed_by": null,
    "metadata": {
      "priority": "medium",
      "sla_due_at": "2026-04-08 22:00:43.413605+00:00"
    },
    "created_at": "2026-04-07T22:00:43.427Z"
  }
},
{
  "model": "accounts.anomalycasetimeline",
  "pk": 3,
  "fields": {
    "case": 10,
    "action": "created",
    "description": "Case auto-created from anomaly detection",
    "performed_by": null,
    "metadata": {
      "auto_created": true,
      "dedupe_key": "2026-04-08:repeated_cashier_shortage:cashier-shortage:admin:4",
      "source_reference": "cashier-shortage:admin:4"
    },
    "created_at": "2026-04-07T23:08:51.541Z"
  }
},
{
  "model": "accounts.anomalycasetimeline",
  "pk": 4,
  "fields": {
    "case": 10,
    "action": "sla_set",
    "description": "SLA set for priority medium",
    "performed_by": null,
    "metadata": {
      "priority": "medium",
      "sla_due_at": "2026-04-08 23:08:51.534407+00:00"
    },
    "created_at": "2026-04-07T23:08:51.547Z"
  }
},
{
  "model": "accounts.auditlog",
  "pk": 1,
  "fields": {
    "actor": 1,
    "action": "login",
    "target_type": "",
    "target_id": "",
    "description": "admin logged in",
    "metadata": {},
    "created_at": "2026-04-03T14:43:46.465Z"
  }
},
{
  "model": "accounts.auditlog",
  "pk": 2,
  "fields": {
    "actor": 1,
    "action": "login",
    "target_type": "",
    "target_id": "",
    "description": "admin logged in",
    "metadata": {},
    "created_at": "2026-04-03T15:18:44.184Z"
  }
},
{
  "model": "accounts.auditlog",
  "pk": 3,
  "fields": {
    "actor": 1,
    "action": "login",
    "target_type": "user",
    "target_id": "1",
    "description": "admin logged in",
    "metadata": {
      "username": "admin"
    },
    "created_at": "2026-04-03T15:26:31.301Z"
  }
},
{
  "model": "accounts.auditlog",
  "pk": 4,
  "fields": {
    "actor": 1,
    "action": "user_created",
    "target_type": "user",
    "target_id": "2",
    "description": "Created user user1 with role cashier",
    "metadata": {
      "username": "user1",
      "email": "user1@hutemail.com",
      "role": "cashier"
    },
    "created_at": "2026-04-03T15:27:43.673Z"
  }
},
{
  "model": "accounts.auditlog",
  "pk": 5,
  "fields": {
    "actor": 1,
    "action": "user_created",
    "target_type": "user",
    "target_id": "3",
    "description": "Created user User-Manager with role warehouse_staff",
    "metadata": {
      "username": "User-Manager",
      "email": "manager@hute.com",
      "role": "warehouse_staff"
    },
    "created_at": "2026-04-03T15:29:04.132Z"
  }
},
{
  "model": "accounts.auditlog",
  "pk": 6,
  "fields": {
    "actor": 1,
    "action": "user_created",
    "target_type": "user",
    "target_id": "4",
    "description": "Created user Finance-user with role finance_user",
    "metadata": {
      "username": "Finance-user",
      "email": "finance-user@hute.com",
      "role": "finance_user"
    },
    "created_at": "2026-04-03T15:29:53.333Z"
  }
},
{
  "model": "accounts.auditlog",
  "pk": 7,
  "fields": {
    "actor": 1,
    "action": "login",
    "target_type": "user",
    "target_id": "1",
    "description": "admin logged in",
    "metadata": {
      "username": "admin"
    },
    "created_at": "2026-04-03T16:36:17.009Z"
  }
},
{
  "model": "accounts.auditlog",
  "pk": 8,
  "fields": {
    "actor": 2,
    "action": "login",
    "target_type": "user",
    "target_id": "2",
    "description": "user1 logged in",
    "metadata": {
      "username": "user1"
    },
    "created_at": "2026-04-03T16:47:03.016Z"
  }
},
{
  "model": "accounts.auditlog",
  "pk": 9,
  "fields": {
    "actor": 2,
    "action": "sale_checkout",
    "target_type": "sale",
    "target_id": "23",
    "description": "Created sale RCPT-20260403164813929712 for Main Warehouse.",
    "metadata": {
      "receipt_number": "RCPT-20260403164813929712",
      "warehouse_id": 1,
      "warehouse_name": "Main Warehouse",
      "total_amount": "5.00",
      "total_profit": "2.00",
      "items": [
        {
          "product_id": 5,
          "product_name": "Mixed fruits",
          "quantity": 1,
          "unit_price": "5.00"
        }
      ]
    },
    "created_at": "2026-04-03T16:48:13.938Z"
  }
},
{
  "model": "accounts.auditlog",
  "pk": 10,
  "fields": {
    "actor": 1,
    "action": "login",
    "target_type": "user",
    "target_id": "1",
    "description": "admin logged in",
    "metadata": {
      "username": "admin"
    },
    "created_at": "2026-04-03T16:50:44.488Z"
  }
},
{
  "model": "accounts.auditlog",
  "pk": 11,
  "fields": {
    "actor": 4,
    "action": "login",
    "target_type": "user",
    "target_id": "4",
    "description": "Finance-user logged in",
    "metadata": {
      "username": "Finance-user"
    },
    "created_at": "2026-04-03T16:51:19.879Z"
  }
},
{
  "model": "accounts.auditlog",
  "pk": 12,
  "fields": {
    "actor": 2,
    "action": "login",
    "target_type": "user",
    "target_id": "2",
    "description": "user1 logged in",
    "metadata": {
      "username": "user1"
    },
    "created_at": "2026-04-03T16:51:59.955Z"
  }
},
{
  "model": "accounts.auditlog",
  "pk": 13,
  "fields": {
    "actor": 1,
    "action": "login",
    "target_type": "user",
    "target_id": "1",
    "description": "admin logged in",
    "metadata": {
      "username": "admin"
    },
    "created_at": "2026-04-03T16:52:12.961Z"
  }
},
{
  "model": "accounts.auditlog",
  "pk": 14,
  "fields": {
    "actor": 1,
    "action": "login",
    "target_type": "user",
    "target_id": "1",
    "description": "admin logged in",
    "metadata": {
      "username": "admin"
    },
    "created_at": "2026-04-03T16:58:42.046Z"
  }
},
{
  "model": "accounts.auditlog",
  "pk": 15,
  "fields": {
    "actor": 1,
    "action": "purchase_order_created",
    "target_type": "purchase_order",
    "target_id": "7",
    "description": "Created PO PO-20260403170001538542 for Jaggers wholesalers.",
    "metadata": {
      "po_number": "PO-20260403170001538542",
      "supplier_id": 1,
      "supplier_name": "Jaggers wholesalers",
      "warehouse_id": 2,
      "warehouse_name": "Branch Warehouse",
      "items": [
        {
          "product_id": 6,
          "product_name": "Flour",
          "quantity": 50,
          "unit_cost": "3.5"
        }
      ]
    },
    "created_at": "2026-04-03T17:00:01.546Z"
  }
},
{
  "model": "accounts.auditlog",
  "pk": 16,
  "fields": {
    "actor": 1,
    "action": "purchase_order_received",
    "target_type": "purchase_order",
    "target_id": "7",
    "description": "Received PO PO-20260403170001538542 into Branch Warehouse.",
    "metadata": {
      "po_number": "PO-20260403170001538542",
      "warehouse_id": 2,
      "warehouse_name": "Branch Warehouse",
      "grn_number": "GRN-20260403170146316917",
      "invoice_number": "INV-PO-20260403170146318034",
      "items": [
        {
          "product_id": 6,
          "product_name": "Flour",
          "quantity": 50,
          "unit_cost": "3.50"
        }
      ]
    },
    "created_at": "2026-04-03T17:01:46.325Z"
  }
},
{
  "model": "accounts.auditlog",
  "pk": 17,
  "fields": {
    "actor": 1,
    "action": "product_created",
    "target_type": "product",
    "target_id": "9",
    "description": "Created product Coffee beans from Django admin.",
    "metadata": {
      "product_id": 9,
      "name": "Coffee beans",
      "sku": "PRD-009",
      "barcode": "1000000054",
      "selling_price": "4",
      "cost_price": "2",
      "reorder_level": 0,
      "source": "django_admin"
    },
    "created_at": "2026-04-03T17:20:02.155Z"
  }
},
{
  "model": "accounts.auditlog",
  "pk": 18,
  "fields": {
    "actor": 1,
    "action": "login",
    "target_type": "user",
    "target_id": "1",
    "description": "admin logged in",
    "metadata": {
      "username": "admin"
    },
    "created_at": "2026-04-03T17:20:29.657Z"
  }
},
{
  "model": "accounts.auditlog",
  "pk": 19,
  "fields": {
    "actor": 1,
    "action": "sale_checkout",
    "target_type": "sale",
    "target_id": "24",
    "description": "Created sale RCPT-20260403172118570254 for Branch Warehouse.",
    "metadata": {
      "receipt_number": "RCPT-20260403172118570254",
      "warehouse_id": 2,
      "warehouse_name": "Branch Warehouse",
      "total_amount": "5.00",
      "total_profit": "1.50",
      "items": [
        {
          "product_id": 6,
          "product_name": "Flour",
          "quantity": 1,
          "unit_price": "5.00"
        }
      ]
    },
    "created_at": "2026-04-03T17:21:18.579Z"
  }
},
{
  "model": "accounts.auditlog",
  "pk": 20,
  "fields": {
    "actor": 1,
    "action": "supplier_created",
    "target_type": "supplier",
    "target_id": "4",
    "description": "Created supplier Amato wholesalers from Django admin.",
    "metadata": {
      "supplier_id": 4,
      "name": "Amato wholesalers",
      "contact_person": "Makamba",
      "email": "demo@hute.com",
      "phone": "0682222",
      "address": "Masasa, Harare",
      "is_active": true,
      "source": "django_admin"
    },
    "created_at": "2026-04-03T17:25:20.537Z"
  }
},
{
  "model": "accounts.auditlog",
  "pk": 21,
  "fields": {
    "actor": 1,
    "action": "stock_transfer_created",
    "target_type": "stock_transfer",
    "target_id": "10",
    "description": "Created stock transfer #10 from Django admin.",
    "metadata": {
      "stock_transfer_id": 10,
      "product_id": 6,
      "product_name": "Flour",
      "from_warehouse_id": 1,
      "from_warehouse_name": "Main Warehouse",
      "to_warehouse_id": 2,
      "to_warehouse_name": "Branch Warehouse",
      "quantity": 10,
      "created_by_id": 1,
      "created_by_username": "admin",
      "source": "django_admin"
    },
    "created_at": "2026-04-03T17:25:59.447Z"
  }
},
{
  "model": "accounts.auditlog",
  "pk": 22,
  "fields": {
    "actor": 1,
    "action": "login",
    "target_type": "user",
    "target_id": "1",
    "description": "admin logged in",
    "metadata": {
      "username": "admin"
    },
    "created_at": "2026-04-03T17:26:26.401Z"
  }
},
{
  "model": "accounts.auditlog",
  "pk": 23,
  "fields": {
    "actor": 1,
    "action": "login",
    "target_type": "user",
    "target_id": "1",
    "description": "admin logged in",
    "metadata": {
      "username": "admin"
    },
    "created_at": "2026-04-03T23:10:25.707Z"
  }
},
{
  "model": "accounts.auditlog",
  "pk": 24,
  "fields": {
    "actor": 2,
    "action": "login",
    "target_type": "user",
    "target_id": "2",
    "description": "user1 logged in",
    "metadata": {
      "username": "user1"
    },
    "created_at": "2026-04-03T23:11:29.238Z"
  }
},
{
  "model": "accounts.auditlog",
  "pk": 25,
  "fields": {
    "actor": 1,
    "action": "login",
    "target_type": "user",
    "target_id": "1",
    "description": "admin logged in",
    "metadata": {
      "username": "admin"
    },
    "created_at": "2026-04-03T23:11:57.277Z"
  }
},
{
  "model": "accounts.auditlog",
  "pk": 26,
  "fields": {
    "actor": 3,
    "action": "login",
    "target_type": "user",
    "target_id": "3",
    "description": "User-Manager logged in",
    "metadata": {
      "username": "User-Manager"
    },
    "created_at": "2026-04-03T23:12:30.468Z"
  }
},
{
  "model": "accounts.auditlog",
  "pk": 27,
  "fields": {
    "actor": 1,
    "action": "login",
    "target_type": "user",
    "target_id": "1",
    "description": "admin logged in",
    "metadata": {
      "username": "admin"
    },
    "created_at": "2026-04-03T23:36:57.198Z"
  }
},
{
  "model": "accounts.auditlog",
  "pk": 28,
  "fields": {
    "actor": 1,
    "action": "login",
    "target_type": "user",
    "target_id": "1",
    "description": "admin logged in",
    "metadata": {
      "username": "admin"
    },
    "created_at": "2026-04-03T23:43:20.883Z"
  }
},
{
  "model": "accounts.auditlog",
  "pk": 29,
  "fields": {
    "actor": 1,
    "action": "login",
    "target_type": "user",
    "target_id": "1",
    "description": "admin logged in",
    "metadata": {
      "username": "admin"
    },
    "created_at": "2026-04-03T23:55:23.286Z"
  }
},
{
  "model": "accounts.auditlog",
  "pk": 30,
  "fields": {
    "actor": 1,
    "action": "sale_checkout",
    "target_type": "sale",
    "target_id": "26",
    "description": "Created sale RCPT-20260403235700182488 for Branch Warehouse.",
    "metadata": {
      "receipt_number": "RCPT-20260403235700182488",
      "warehouse_id": 2,
      "warehouse_name": "Branch Warehouse",
      "total_amount": "4.80",
      "total_profit": "0.80",
      "items": [
        {
          "product_id": 2,
          "product_name": "Cooking Oil 2L",
          "quantity": 1,
          "unit_price": "4.80"
        }
      ]
    },
    "created_at": "2026-04-03T23:57:00.192Z"
  }
},
{
  "model": "accounts.auditlog",
  "pk": 31,
  "fields": {
    "actor": 1,
    "action": "login",
    "target_type": "user",
    "target_id": "1",
    "description": "admin logged in",
    "metadata": {
      "username": "admin"
    },
    "created_at": "2026-04-04T00:03:24.722Z"
  }
},
{
  "model": "accounts.auditlog",
  "pk": 32,
  "fields": {
    "actor": 1,
    "action": "sale_checkout",
    "target_type": "sale",
    "target_id": "29",
    "description": "Created sale RCPT-20260404000433268516 for Branch Warehouse.",
    "metadata": {
      "receipt_number": "RCPT-20260404000433268516",
      "warehouse_id": 2,
      "warehouse_name": "Branch Warehouse",
      "total_amount": "5.00",
      "total_profit": "1.50",
      "items": [
        {
          "product_id": 6,
          "product_name": "Flour",
          "quantity": 1,
          "unit_price": "5.00"
        }
      ]
    },
    "created_at": "2026-04-04T00:04:33.277Z"
  }
},
{
  "model": "accounts.auditlog",
  "pk": 33,
  "fields": {
    "actor": 1,
    "action": "login",
    "target_type": "user",
    "target_id": "1",
    "description": "admin logged in",
    "metadata": {
      "username": "admin"
    },
    "created_at": "2026-04-04T00:08:53.623Z"
  }
},
{
  "model": "accounts.auditlog",
  "pk": 34,
  "fields": {
    "actor": 1,
    "action": "login",
    "target_type": "user",
    "target_id": "1",
    "description": "admin logged in",
    "metadata": {
      "username": "admin"
    },
    "created_at": "2026-04-04T00:28:31.833Z"
  }
},
{
  "model": "accounts.auditlog",
  "pk": 35,
  "fields": {
    "actor": 1,
    "action": "sale_checkout",
    "target_type": "sale",
    "target_id": "30",
    "description": "Created sale RCPT-20260404002920031447 for Branch Warehouse.",
    "metadata": {
      "receipt_number": "RCPT-20260404002920031447",
      "warehouse_id": 2,
      "warehouse_name": "Branch Warehouse",
      "total_amount": "5.00",
      "total_profit": "1.50",
      "items": [
        {
          "product_id": 6,
          "product_name": "Flour",
          "quantity": 1,
          "unit_price": "5.00"
        }
      ]
    },
    "created_at": "2026-04-04T00:29:20.041Z"
  }
},
{
  "model": "accounts.auditlog",
  "pk": 36,
  "fields": {
    "actor": 1,
    "action": "login",
    "target_type": "user",
    "target_id": "1",
    "description": "admin logged in",
    "metadata": {
      "username": "admin"
    },
    "created_at": "2026-04-04T17:14:31.088Z"
  }
},
{
  "model": "accounts.auditlog",
  "pk": 37,
  "fields": {
    "actor": 1,
    "action": "login",
    "target_type": "user",
    "target_id": "1",
    "description": "admin logged in",
    "metadata": {
      "username": "admin"
    },
    "created_at": "2026-04-04T17:27:26.747Z"
  }
},
{
  "model": "accounts.auditlog",
  "pk": 38,
  "fields": {
    "actor": 1,
    "action": "terminal_registered",
    "target_type": "terminal",
    "target_id": "1",
    "description": "Registered terminal POS Terminal 1.",
    "metadata": {
      "terminal_id": "TERM-1775322922152-FH4GMO",
      "terminal_name": "POS Terminal 1",
      "preferred_print_mode": "browser",
      "auto_print": true
    },
    "created_at": "2026-04-04T17:28:00.377Z"
  }
},
{
  "model": "accounts.auditlog",
  "pk": 39,
  "fields": {
    "actor": 1,
    "action": "terminal_updated",
    "target_type": "terminal",
    "target_id": "1",
    "description": "Updated terminal POS Terminal 1.",
    "metadata": {
      "terminal_id": "TERM-1775322922152-FH4GMO",
      "terminal_name": "POS Terminal 1",
      "preferred_print_mode": "browser",
      "auto_print": true
    },
    "created_at": "2026-04-04T17:28:00.401Z"
  }
},
{
  "model": "accounts.auditlog",
  "pk": 40,
  "fields": {
    "actor": 1,
    "action": "terminal_updated",
    "target_type": "terminal",
    "target_id": "1",
    "description": "Updated terminal POS Terminal 1.",
    "metadata": {
      "terminal_id": "TERM-1775322922152-FH4GMO",
      "terminal_name": "POS Terminal 1",
      "preferred_print_mode": "browser",
      "auto_print": true
    },
    "created_at": "2026-04-04T17:29:03.978Z"
  }
},
{
  "model": "accounts.auditlog",
  "pk": 41,
  "fields": {
    "actor": 1,
    "action": "terminal_updated",
    "target_type": "terminal",
    "target_id": "1",
    "description": "Updated terminal POS Terminal 1.",
    "metadata": {
      "terminal_id": "TERM-1775322922152-FH4GMO",
      "terminal_name": "POS Terminal 1",
      "preferred_print_mode": "browser",
      "auto_print": true
    },
    "created_at": "2026-04-04T17:29:04.011Z"
  }
},
{
  "model": "accounts.auditlog",
  "pk": 42,
  "fields": {
    "actor": 1,
    "action": "login",
    "target_type": "user",
    "target_id": "1",
    "description": "admin logged in",
    "metadata": {
      "username": "admin"
    },
    "created_at": "2026-04-04T17:37:20.784Z"
  }
},
{
  "model": "accounts.auditlog",
  "pk": 43,
  "fields": {
    "actor": 1,
    "action": "terminal_updated",
    "target_type": "terminal",
    "target_id": "1",
    "description": "Updated terminal POS Terminal 1.",
    "metadata": {
      "terminal_id": "TERM-1775322922152-FH4GMO",
      "terminal_name": "POS Terminal 1",
      "preferred_print_mode": "browser",
      "auto_print": true
    },
    "created_at": "2026-04-04T17:39:35.031Z"
  }
},
{
  "model": "accounts.auditlog",
  "pk": 44,
  "fields": {
    "actor": 1,
    "action": "terminal_updated",
    "target_type": "terminal",
    "target_id": "1",
    "description": "Updated terminal POS Terminal 1.",
    "metadata": {
      "terminal_id": "TERM-1775322922152-FH4GMO",
      "terminal_name": "POS Terminal 1",
      "preferred_print_mode": "browser",
      "auto_print": true
    },
    "created_at": "2026-04-04T17:39:35.053Z"
  }
},
{
  "model": "accounts.auditlog",
  "pk": 45,
  "fields": {
    "actor": 1,
    "action": "login",
    "target_type": "user",
    "target_id": "1",
    "description": "admin logged in",
    "metadata": {
      "username": "admin"
    },
    "created_at": "2026-04-04T17:55:57.490Z"
  }
},
{
  "model": "accounts.auditlog",
  "pk": 46,
  "fields": {
    "actor": 1,
    "action": "login",
    "target_type": "user",
    "target_id": "1",
    "description": "admin logged in",
    "metadata": {
      "username": "admin"
    },
    "created_at": "2026-04-04T18:10:03.062Z"
  }
},
{
  "model": "accounts.auditlog",
  "pk": 47,
  "fields": {
    "actor": 1,
    "action": "terminal_updated",
    "target_type": "terminal",
    "target_id": "1",
    "description": "Updated terminal POS Terminal 1.",
    "metadata": {
      "terminal_id": "TERM-1775322922152-FH4GMO",
      "terminal_name": "POS Terminal 1",
      "preferred_print_mode": "browser",
      "auto_print": true
    },
    "created_at": "2026-04-04T18:10:43.999Z"
  }
},
{
  "model": "accounts.auditlog",
  "pk": 48,
  "fields": {
    "actor": 1,
    "action": "terminal_updated",
    "target_type": "terminal",
    "target_id": "1",
    "description": "Updated terminal POS Terminal 1.",
    "metadata": {
      "terminal_id": "TERM-1775322922152-FH4GMO",
      "terminal_name": "POS Terminal 1",
      "preferred_print_mode": "browser",
      "auto_print": true
    },
    "created_at": "2026-04-04T18:10:44.017Z"
  }
},
{
  "model": "accounts.auditlog",
  "pk": 49,
  "fields": {
    "actor": 1,
    "action": "terminal_updated",
    "target_type": "terminal",
    "target_id": "1",
    "description": "Updated terminal POS Terminal 1.",
    "metadata": {
      "terminal_id": "TERM-1775322922152-FH4GMO",
      "terminal_name": "POS Terminal 1",
      "preferred_print_mode": "browser",
      "auto_print": true
    },
    "created_at": "2026-04-04T18:11:33.987Z"
  }
},
{
  "model": "accounts.auditlog",
  "pk": 50,
  "fields": {
    "actor": 1,
    "action": "terminal_updated",
    "target_type": "terminal",
    "target_id": "1",
    "description": "Updated terminal POS Terminal 1.",
    "metadata": {
      "terminal_id": "TERM-1775322922152-FH4GMO",
      "terminal_name": "POS Terminal 1",
      "preferred_print_mode": "browser",
      "auto_print": true
    },
    "created_at": "2026-04-04T18:11:34.017Z"
  }
},
{
  "model": "accounts.auditlog",
  "pk": 51,
  "fields": {
    "actor": 1,
    "action": "login",
    "target_type": "user",
    "target_id": "1",
    "description": "admin logged in",
    "metadata": {
      "username": "admin"
    },
    "created_at": "2026-04-04T19:38:41.546Z"
  }
},
{
  "model": "accounts.auditlog",
  "pk": 52,
  "fields": {
    "actor": 1,
    "action": "terminal_updated",
    "target_type": "terminal",
    "target_id": "1",
    "description": "Updated terminal POS Terminal 1.",
    "metadata": {
      "terminal_id": "TERM-1775322922152-FH4GMO",
      "terminal_name": "POS Terminal 1",
      "preferred_print_mode": "browser",
      "auto_print": true
    },
    "created_at": "2026-04-04T19:39:15.382Z"
  }
},
{
  "model": "accounts.auditlog",
  "pk": 53,
  "fields": {
    "actor": 1,
    "action": "terminal_updated",
    "target_type": "terminal",
    "target_id": "1",
    "description": "Updated terminal POS Terminal 1.",
    "metadata": {
      "terminal_id": "TERM-1775322922152-FH4GMO",
      "terminal_name": "POS Terminal 1",
      "preferred_print_mode": "browser",
      "auto_print": true
    },
    "created_at": "2026-04-04T19:39:15.775Z"
  }
},
{
  "model": "accounts.auditlog",
  "pk": 54,
  "fields": {
    "actor": 1,
    "action": "terminal_updated",
    "target_type": "terminal",
    "target_id": "1",
    "description": "Updated terminal POS Terminal 1.",
    "metadata": {
      "terminal_id": "TERM-1775322922152-FH4GMO",
      "terminal_name": "POS Terminal 1",
      "preferred_print_mode": "browser",
      "auto_print": true
    },
    "created_at": "2026-04-04T19:41:26.034Z"
  }
},
{
  "model": "accounts.auditlog",
  "pk": 55,
  "fields": {
    "actor": 1,
    "action": "terminal_updated",
    "target_type": "terminal",
    "target_id": "1",
    "description": "Updated terminal POS Terminal 1.",
    "metadata": {
      "terminal_id": "TERM-1775322922152-FH4GMO",
      "terminal_name": "POS Terminal 1",
      "preferred_print_mode": "browser",
      "auto_print": true
    },
    "created_at": "2026-04-04T19:41:26.066Z"
  }
},
{
  "model": "accounts.auditlog",
  "pk": 56,
  "fields": {
    "actor": 1,
    "action": "login",
    "target_type": "user",
    "target_id": "1",
    "description": "admin logged in",
    "metadata": {
      "username": "admin"
    },
    "created_at": "2026-04-04T20:00:28.830Z"
  }
},
{
  "model": "accounts.auditlog",
  "pk": 57,
  "fields": {
    "actor": 1,
    "action": "terminal_updated",
    "target_type": "terminal",
    "target_id": "1",
    "description": "Updated terminal POS Terminal 1.",
    "metadata": {
      "terminal_id": "TERM-1775322922152-FH4GMO",
      "terminal_name": "POS Terminal 1",
      "preferred_print_mode": "browser",
      "auto_print": true
    },
    "created_at": "2026-04-04T20:00:32.634Z"
  }
},
{
  "model": "accounts.auditlog",
  "pk": 58,
  "fields": {
    "actor": 1,
    "action": "terminal_updated",
    "target_type": "terminal",
    "target_id": "1",
    "description": "Updated terminal POS Terminal 1.",
    "metadata": {
      "terminal_id": "TERM-1775322922152-FH4GMO",
      "terminal_name": "POS Terminal 1",
      "preferred_print_mode": "browser",
      "auto_print": true
    },
    "created_at": "2026-04-04T20:00:32.654Z"
  }
},
{
  "model": "accounts.auditlog",
  "pk": 59,
  "fields": {
    "actor": 1,
    "action": "sale_checkout",
    "target_type": "sale",
    "target_id": "35",
    "description": "Created sale RCPT-20260404200038773812 for Branch Warehouse.",
    "metadata": {
      "sale_id": 35,
      "receipt_number": "RCPT-20260404200038773812",
      "warehouse_id": 2,
      "warehouse_name": "Branch Warehouse",
      "cashier_id": 1,
      "cashier_username": "admin",
      "payment_method": "cash",
      "total_amount": "4.80",
      "total_cost": "4.00",
      "total_profit": "0.80",
      "terminal_id": "TERM-1775322922152-FH4GMO",
      "terminal_name": "POS Terminal 1",
      "items": [
        {
          "product_id": 2,
          "product_name": "Cooking Oil 2L",
          "quantity": 1,
          "unit_price": "4.80"
        }
      ]
    },
    "created_at": "2026-04-04T20:00:38.782Z"
  }
},
{
  "model": "accounts.auditlog",
  "pk": 60,
  "fields": {
    "actor": 1,
    "action": "login",
    "target_type": "user",
    "target_id": "1",
    "description": "admin logged in",
    "metadata": {
      "username": "admin"
    },
    "created_at": "2026-04-04T20:19:50.686Z"
  }
},
{
  "model": "accounts.auditlog",
  "pk": 61,
  "fields": {
    "actor": 1,
    "action": "terminal_updated",
    "target_type": "terminal",
    "target_id": "1",
    "description": "Updated terminal POS Terminal 1.",
    "metadata": {
      "terminal_id": "TERM-1775322922152-FH4GMO",
      "terminal_name": "POS Terminal 1",
      "preferred_print_mode": "browser",
      "auto_print": true
    },
    "created_at": "2026-04-04T20:19:56.205Z"
  }
},
{
  "model": "accounts.auditlog",
  "pk": 62,
  "fields": {
    "actor": 1,
    "action": "terminal_updated",
    "target_type": "terminal",
    "target_id": "1",
    "description": "Updated terminal POS Terminal 1.",
    "metadata": {
      "terminal_id": "TERM-1775322922152-FH4GMO",
      "terminal_name": "POS Terminal 1",
      "preferred_print_mode": "browser",
      "auto_print": true
    },
    "created_at": "2026-04-04T20:19:56.238Z"
  }
},
{
  "model": "accounts.auditlog",
  "pk": 63,
  "fields": {
    "actor": 1,
    "action": "sale_checkout",
    "target_type": "sale",
    "target_id": "36",
    "description": "Created sale RCPT-20260404202002314413 for Branch Warehouse.",
    "metadata": {
      "sale_id": 36,
      "receipt_number": "RCPT-20260404202002314413",
      "warehouse_id": 2,
      "warehouse_name": "Branch Warehouse",
      "cashier_id": 1,
      "cashier_username": "admin",
      "payment_method": "cash",
      "total_amount": "5.00",
      "total_cost": "3.50",
      "total_profit": "1.50",
      "terminal_id": "TERM-1775322922152-FH4GMO",
      "terminal_name": "POS Terminal 1",
      "items": [
        {
          "product_id": 6,
          "product_name": "Flour",
          "quantity": 1,
          "unit_price": "5.00"
        }
      ]
    },
    "created_at": "2026-04-04T20:20:02.326Z"
  }
},
{
  "model": "accounts.auditlog",
  "pk": 64,
  "fields": {
    "actor": 1,
    "action": "login",
    "target_type": "user",
    "target_id": "1",
    "description": "admin logged in",
    "metadata": {
      "username": "admin"
    },
    "created_at": "2026-04-04T20:22:10.744Z"
  }
},
{
  "model": "accounts.auditlog",
  "pk": 65,
  "fields": {
    "actor": 1,
    "action": "terminal_updated",
    "target_type": "terminal",
    "target_id": "1",
    "description": "Updated terminal POS Terminal 1.",
    "metadata": {
      "terminal_id": "TERM-1775322922152-FH4GMO",
      "terminal_name": "POS Terminal 1",
      "preferred_print_mode": "browser",
      "auto_print": true
    },
    "created_at": "2026-04-04T20:25:18.257Z"
  }
},
{
  "model": "accounts.auditlog",
  "pk": 66,
  "fields": {
    "actor": 1,
    "action": "terminal_updated",
    "target_type": "terminal",
    "target_id": "1",
    "description": "Updated terminal POS Terminal 1.",
    "metadata": {
      "terminal_id": "TERM-1775322922152-FH4GMO",
      "terminal_name": "POS Terminal 1",
      "preferred_print_mode": "browser",
      "auto_print": true
    },
    "created_at": "2026-04-04T20:25:18.299Z"
  }
},
{
  "model": "accounts.auditlog",
  "pk": 67,
  "fields": {
    "actor": 1,
    "action": "sale_checkout",
    "target_type": "sale",
    "target_id": "37",
    "description": "Created sale RCPT-20260404202524800084 for Branch Warehouse.",
    "metadata": {
      "sale_id": 37,
      "receipt_number": "RCPT-20260404202524800084",
      "warehouse_id": 2,
      "warehouse_name": "Branch Warehouse",
      "cashier_id": 1,
      "cashier_username": "admin",
      "payment_method": "cash",
      "total_amount": "5.00",
      "total_cost": "3.00",
      "total_profit": "2.00",
      "terminal_id": "TERM-1775322922152-FH4GMO",
      "terminal_name": "POS Terminal 1",
      "items": [
        {
          "product_id": 4,
          "product_name": "Liquid soap",
          "quantity": 1,
          "unit_price": "5.00"
        }
      ]
    },
    "created_at": "2026-04-04T20:25:24.812Z"
  }
},
{
  "model": "accounts.auditlog",
  "pk": 68,
  "fields": {
    "actor": 1,
    "action": "terminal_updated",
    "target_type": "terminal",
    "target_id": "1",
    "description": "Updated terminal POS Terminal 1.",
    "metadata": {
      "terminal_id": "TERM-1775322922152-FH4GMO",
      "terminal_name": "POS Terminal 1",
      "preferred_print_mode": "browser",
      "auto_print": true
    },
    "created_at": "2026-04-04T20:27:04.914Z"
  }
},
{
  "model": "accounts.auditlog",
  "pk": 69,
  "fields": {
    "actor": 1,
    "action": "terminal_updated",
    "target_type": "terminal",
    "target_id": "1",
    "description": "Updated terminal POS Terminal 1.",
    "metadata": {
      "terminal_id": "TERM-1775322922152-FH4GMO",
      "terminal_name": "POS Terminal 1",
      "preferred_print_mode": "browser",
      "auto_print": true
    },
    "created_at": "2026-04-04T20:27:04.945Z"
  }
},
{
  "model": "accounts.auditlog",
  "pk": 70,
  "fields": {
    "actor": 1,
    "action": "login",
    "target_type": "user",
    "target_id": "1",
    "description": "admin logged in",
    "metadata": {
      "username": "admin"
    },
    "created_at": "2026-04-04T20:27:30.829Z"
  }
},
{
  "model": "accounts.auditlog",
  "pk": 71,
  "fields": {
    "actor": 1,
    "action": "terminal_updated",
    "target_type": "terminal",
    "target_id": "1",
    "description": "Updated terminal POS Terminal 1.",
    "metadata": {
      "terminal_id": "TERM-1775322922152-FH4GMO",
      "terminal_name": "POS Terminal 1",
      "preferred_print_mode": "browser",
      "auto_print": true
    },
    "created_at": "2026-04-04T20:27:33.007Z"
  }
},
{
  "model": "accounts.auditlog",
  "pk": 72,
  "fields": {
    "actor": 1,
    "action": "terminal_updated",
    "target_type": "terminal",
    "target_id": "1",
    "description": "Updated terminal POS Terminal 1.",
    "metadata": {
      "terminal_id": "TERM-1775322922152-FH4GMO",
      "terminal_name": "POS Terminal 1",
      "preferred_print_mode": "browser",
      "auto_print": true
    },
    "created_at": "2026-04-04T20:27:33.024Z"
  }
},
{
  "model": "accounts.auditlog",
  "pk": 73,
  "fields": {
    "actor": 1,
    "action": "sale_checkout",
    "target_type": "sale",
    "target_id": "38",
    "description": "Created sale RCPT-20260404202740138856 for Branch Warehouse.",
    "metadata": {
      "sale_id": 38,
      "receipt_number": "RCPT-20260404202740138856",
      "warehouse_id": 2,
      "warehouse_name": "Branch Warehouse",
      "cashier_id": 1,
      "cashier_username": "admin",
      "payment_method": "cash",
      "total_amount": "2.70",
      "total_cost": "1.90",
      "total_profit": "0.80",
      "terminal_id": "TERM-1775322922152-FH4GMO",
      "terminal_name": "POS Terminal 1",
      "items": [
        {
          "product_id": 3,
          "product_name": "Sugar 2kg",
          "quantity": 1,
          "unit_price": "2.70"
        }
      ]
    },
    "created_at": "2026-04-04T20:27:40.147Z"
  }
},
{
  "model": "accounts.auditlog",
  "pk": 74,
  "fields": {
    "actor": 1,
    "action": "login",
    "target_type": "user",
    "target_id": "1",
    "description": "admin logged in",
    "metadata": {
      "username": "admin"
    },
    "created_at": "2026-04-05T01:58:49.908Z"
  }
},
{
  "model": "accounts.auditlog",
  "pk": 75,
  "fields": {
    "actor": 1,
    "action": "terminal_updated",
    "target_type": "terminal",
    "target_id": "1",
    "description": "Updated terminal POS Terminal 1.",
    "metadata": {
      "terminal_id": "TERM-1775322922152-FH4GMO",
      "terminal_name": "POS Terminal 1",
      "preferred_print_mode": "browser",
      "auto_print": true
    },
    "created_at": "2026-04-05T01:59:50.033Z"
  }
},
{
  "model": "accounts.auditlog",
  "pk": 76,
  "fields": {
    "actor": 1,
    "action": "terminal_updated",
    "target_type": "terminal",
    "target_id": "1",
    "description": "Updated terminal POS Terminal 1.",
    "metadata": {
      "terminal_id": "TERM-1775322922152-FH4GMO",
      "terminal_name": "POS Terminal 1",
      "preferred_print_mode": "browser",
      "auto_print": true
    },
    "created_at": "2026-04-05T01:59:50.065Z"
  }
},
{
  "model": "accounts.auditlog",
  "pk": 77,
  "fields": {
    "actor": 1,
    "action": "login",
    "target_type": "user",
    "target_id": "1",
    "description": "admin logged in",
    "metadata": {
      "username": "admin"
    },
    "created_at": "2026-04-05T02:07:09.089Z"
  }
},
{
  "model": "accounts.auditlog",
  "pk": 78,
  "fields": {
    "actor": 1,
    "action": "login",
    "target_type": "user",
    "target_id": "1",
    "description": "admin logged in",
    "metadata": {
      "username": "admin"
    },
    "created_at": "2026-04-05T02:13:19.419Z"
  }
},
{
  "model": "accounts.auditlog",
  "pk": 79,
  "fields": {
    "actor": 1,
    "action": "login",
    "target_type": "user",
    "target_id": "1",
    "description": "admin logged in",
    "metadata": {
      "username": "admin"
    },
    "created_at": "2026-04-05T02:32:48.299Z"
  }
},
{
  "model": "accounts.auditlog",
  "pk": 80,
  "fields": {
    "actor": 1,
    "action": "login",
    "target_type": "user",
    "target_id": "1",
    "description": "admin logged in",
    "metadata": {
      "username": "admin"
    },
    "created_at": "2026-04-05T02:49:20.647Z"
  }
},
{
  "model": "accounts.auditlog",
  "pk": 81,
  "fields": {
    "actor": 1,
    "action": "terminal_updated",
    "target_type": "terminal",
    "target_id": "1",
    "description": "Updated terminal POS Terminal 1.",
    "metadata": {
      "terminal_id": "TERM-1775322922152-FH4GMO",
      "terminal_name": "POS Terminal 1",
      "preferred_print_mode": "browser",
      "auto_print": true
    },
    "created_at": "2026-04-05T02:50:05.008Z"
  }
},
{
  "model": "accounts.auditlog",
  "pk": 82,
  "fields": {
    "actor": 1,
    "action": "terminal_updated",
    "target_type": "terminal",
    "target_id": "1",
    "description": "Updated terminal POS Terminal 1.",
    "metadata": {
      "terminal_id": "TERM-1775322922152-FH4GMO",
      "terminal_name": "POS Terminal 1",
      "preferred_print_mode": "browser",
      "auto_print": true
    },
    "created_at": "2026-04-05T02:50:05.047Z"
  }
},
{
  "model": "accounts.auditlog",
  "pk": 83,
  "fields": {
    "actor": 1,
    "action": "login",
    "target_type": "user",
    "target_id": "1",
    "description": "admin logged in",
    "metadata": {
      "username": "admin"
    },
    "created_at": "2026-04-05T02:55:32.883Z"
  }
},
{
  "model": "accounts.auditlog",
  "pk": 84,
  "fields": {
    "actor": 2,
    "action": "login",
    "target_type": "user",
    "target_id": "2",
    "description": "user1 logged in",
    "metadata": {
      "username": "user1"
    },
    "created_at": "2026-04-05T02:55:53.481Z"
  }
},
{
  "model": "accounts.auditlog",
  "pk": 85,
  "fields": {
    "actor": 2,
    "action": "terminal_updated",
    "target_type": "terminal",
    "target_id": "1",
    "description": "Updated terminal POS Terminal 1.",
    "metadata": {
      "terminal_id": "TERM-1775322922152-FH4GMO",
      "terminal_name": "POS Terminal 1",
      "preferred_print_mode": "browser",
      "auto_print": true
    },
    "created_at": "2026-04-05T02:56:06.459Z"
  }
},
{
  "model": "accounts.auditlog",
  "pk": 86,
  "fields": {
    "actor": 2,
    "action": "terminal_updated",
    "target_type": "terminal",
    "target_id": "1",
    "description": "Updated terminal POS Terminal 1.",
    "metadata": {
      "terminal_id": "TERM-1775322922152-FH4GMO",
      "terminal_name": "POS Terminal 1",
      "preferred_print_mode": "browser",
      "auto_print": true
    },
    "created_at": "2026-04-05T02:56:06.489Z"
  }
},
{
  "model": "accounts.auditlog",
  "pk": 87,
  "fields": {
    "actor": 2,
    "action": "sale_checkout",
    "target_type": "sale",
    "target_id": "42",
    "description": "Created sale RCPT-20260405025613225824 for Branch Warehouse.",
    "metadata": {
      "sale_id": 42,
      "receipt_number": "RCPT-20260405025613225824",
      "warehouse_id": 2,
      "warehouse_name": "Branch Warehouse",
      "cashier_id": 2,
      "cashier_username": "user1",
      "payment_method": "cash",
      "total_amount": "5.00",
      "total_cost": "3.00",
      "total_profit": "2.00",
      "terminal_id": "TERM-1775322922152-FH4GMO",
      "terminal_name": "POS Terminal 1",
      "shift_id": 2,
      "shift_terminal_id": "TERM-1775322922152-FH4GMO",
      "items": [
        {
          "product_id": 4,
          "product_name": "Liquid soap",
          "quantity": 1,
          "unit_price": "5.00"
        }
      ]
    },
    "created_at": "2026-04-05T02:56:13.234Z"
  }
},
{
  "model": "accounts.auditlog",
  "pk": 88,
  "fields": {
    "actor": 2,
    "action": "sale_checkout",
    "target_type": "sale",
    "target_id": "43",
    "description": "Created sale RCPT-20260405025630632882 for Branch Warehouse.",
    "metadata": {
      "sale_id": 43,
      "receipt_number": "RCPT-20260405025630632882",
      "warehouse_id": 2,
      "warehouse_name": "Branch Warehouse",
      "cashier_id": 2,
      "cashier_username": "user1",
      "payment_method": "cash",
      "total_amount": "18.00",
      "total_cost": "3.00",
      "total_profit": "15.00",
      "terminal_id": "TERM-1775322922152-FH4GMO",
      "terminal_name": "POS Terminal 1",
      "shift_id": 2,
      "shift_terminal_id": "TERM-1775322922152-FH4GMO",
      "items": [
        {
          "product_id": 1,
          "product_name": "Rice 10kg",
          "quantity": 1,
          "unit_price": "18.00"
        }
      ]
    },
    "created_at": "2026-04-05T02:56:30.640Z"
  }
},
{
  "model": "accounts.auditlog",
  "pk": 89,
  "fields": {
    "actor": 1,
    "action": "login",
    "target_type": "user",
    "target_id": "1",
    "description": "admin logged in",
    "metadata": {
      "username": "admin"
    },
    "created_at": "2026-04-05T02:57:42.566Z"
  }
},
{
  "model": "accounts.auditlog",
  "pk": 90,
  "fields": {
    "actor": 1,
    "action": "login",
    "target_type": "user",
    "target_id": "1",
    "description": "admin logged in",
    "metadata": {
      "username": "admin"
    },
    "created_at": "2026-04-05T03:04:57.006Z"
  }
},
{
  "model": "accounts.auditlog",
  "pk": 91,
  "fields": {
    "actor": 1,
    "action": "login",
    "target_type": "user",
    "target_id": "1",
    "description": "admin logged in",
    "metadata": {
      "username": "admin"
    },
    "created_at": "2026-04-05T03:12:43.818Z"
  }
},
{
  "model": "accounts.auditlog",
  "pk": 92,
  "fields": {
    "actor": 1,
    "action": "login",
    "target_type": "user",
    "target_id": "1",
    "description": "admin logged in",
    "metadata": {
      "username": "admin"
    },
    "created_at": "2026-04-05T20:21:12.239Z"
  }
},
{
  "model": "accounts.auditlog",
  "pk": 93,
  "fields": {
    "actor": 1,
    "action": "terminal_updated",
    "target_type": "terminal",
    "target_id": "1",
    "description": "Updated terminal POS Terminal 1.",
    "metadata": {
      "terminal_id": "TERM-1775322922152-FH4GMO",
      "terminal_name": "POS Terminal 1",
      "preferred_print_mode": "browser",
      "auto_print": true
    },
    "created_at": "2026-04-05T20:23:24.755Z"
  }
},
{
  "model": "accounts.auditlog",
  "pk": 94,
  "fields": {
    "actor": 1,
    "action": "terminal_updated",
    "target_type": "terminal",
    "target_id": "1",
    "description": "Updated terminal POS Terminal 1.",
    "metadata": {
      "terminal_id": "TERM-1775322922152-FH4GMO",
      "terminal_name": "POS Terminal 1",
      "preferred_print_mode": "browser",
      "auto_print": true
    },
    "created_at": "2026-04-05T20:23:24.795Z"
  }
},
{
  "model": "accounts.auditlog",
  "pk": 95,
  "fields": {
    "actor": 1,
    "action": "terminal_updated",
    "target_type": "terminal",
    "target_id": "1",
    "description": "Updated terminal POS Terminal 1.",
    "metadata": {
      "terminal_id": "TERM-1775322922152-FH4GMO",
      "terminal_name": "POS Terminal 1",
      "preferred_print_mode": "browser",
      "auto_print": true
    },
    "created_at": "2026-04-05T20:24:03.336Z"
  }
},
{
  "model": "accounts.auditlog",
  "pk": 96,
  "fields": {
    "actor": 1,
    "action": "terminal_updated",
    "target_type": "terminal",
    "target_id": "1",
    "description": "Updated terminal POS Terminal 1.",
    "metadata": {
      "terminal_id": "TERM-1775322922152-FH4GMO",
      "terminal_name": "POS Terminal 1",
      "preferred_print_mode": "browser",
      "auto_print": true
    },
    "created_at": "2026-04-05T20:24:03.368Z"
  }
},
{
  "model": "accounts.auditlog",
  "pk": 97,
  "fields": {
    "actor": 1,
    "action": "login",
    "target_type": "user",
    "target_id": "1",
    "description": "admin logged in",
    "metadata": {
      "username": "admin"
    },
    "created_at": "2026-04-05T20:28:25.542Z"
  }
},
{
  "model": "accounts.auditlog",
  "pk": 98,
  "fields": {
    "actor": 1,
    "action": "login",
    "target_type": "user",
    "target_id": "1",
    "description": "admin logged in",
    "metadata": {
      "username": "admin"
    },
    "created_at": "2026-04-05T20:39:43.267Z"
  }
},
{
  "model": "accounts.auditlog",
  "pk": 99,
  "fields": {
    "actor": 1,
    "action": "terminal_updated",
    "target_type": "terminal",
    "target_id": "1",
    "description": "Updated terminal POS Terminal 1.",
    "metadata": {
      "terminal_id": "TERM-1775322922152-FH4GMO",
      "terminal_name": "POS Terminal 1",
      "preferred_print_mode": "browser",
      "auto_print": true
    },
    "created_at": "2026-04-05T20:40:01.586Z"
  }
},
{
  "model": "accounts.auditlog",
  "pk": 100,
  "fields": {
    "actor": 1,
    "action": "terminal_updated",
    "target_type": "terminal",
    "target_id": "1",
    "description": "Updated terminal POS Terminal 1.",
    "metadata": {
      "terminal_id": "TERM-1775322922152-FH4GMO",
      "terminal_name": "POS Terminal 1",
      "preferred_print_mode": "browser",
      "auto_print": true
    },
    "created_at": "2026-04-05T20:40:01.619Z"
  }
},
{
  "model": "accounts.auditlog",
  "pk": 101,
  "fields": {
    "actor": 1,
    "action": "login",
    "target_type": "user",
    "target_id": "1",
    "description": "admin logged in",
    "metadata": {
      "username": "admin"
    },
    "created_at": "2026-04-05T20:47:56.449Z"
  }
},
{
  "model": "accounts.auditlog",
  "pk": 102,
  "fields": {
    "actor": 1,
    "action": "login",
    "target_type": "user",
    "target_id": "1",
    "description": "admin logged in",
    "metadata": {
      "username": "admin"
    },
    "created_at": "2026-04-05T21:09:17.283Z"
  }
},
{
  "model": "accounts.auditlog",
  "pk": 103,
  "fields": {
    "actor": 1,
    "action": "terminal_updated",
    "target_type": "terminal",
    "target_id": "1",
    "description": "Updated terminal POS Terminal 1.",
    "metadata": {
      "terminal_id": "TERM-1775322922152-FH4GMO",
      "terminal_name": "POS Terminal 1",
      "preferred_print_mode": "browser",
      "auto_print": true
    },
    "created_at": "2026-04-05T21:09:58.882Z"
  }
},
{
  "model": "accounts.auditlog",
  "pk": 104,
  "fields": {
    "actor": 1,
    "action": "terminal_updated",
    "target_type": "terminal",
    "target_id": "1",
    "description": "Updated terminal POS Terminal 1.",
    "metadata": {
      "terminal_id": "TERM-1775322922152-FH4GMO",
      "terminal_name": "POS Terminal 1",
      "preferred_print_mode": "browser",
      "auto_print": true
    },
    "created_at": "2026-04-05T21:09:58.912Z"
  }
},
{
  "model": "accounts.auditlog",
  "pk": 105,
  "fields": {
    "actor": 1,
    "action": "stock_transfer_created",
    "target_type": "stock_transfer",
    "target_id": "11",
    "description": "Transferred 10 of Mixed fruits from Main Warehouse to Branch Warehouse.",
    "metadata": {
      "product_id": 5,
      "product_name": "Mixed fruits",
      "from_warehouse_id": 1,
      "from_warehouse_name": "Main Warehouse",
      "to_warehouse_id": 2,
      "to_warehouse_name": "Branch Warehouse",
      "quantity": 10
    },
    "created_at": "2026-04-05T21:11:07.815Z"
  }
},
{
  "model": "accounts.auditlog",
  "pk": 106,
  "fields": {
    "actor": 1,
    "action": "login",
    "target_type": "user",
    "target_id": "1",
    "description": "admin logged in",
    "metadata": {
      "username": "admin"
    },
    "created_at": "2026-04-05T21:15:31.852Z"
  }
},
{
  "model": "accounts.auditlog",
  "pk": 107,
  "fields": {
    "actor": 1,
    "action": "terminal_updated",
    "target_type": "terminal",
    "target_id": "1",
    "description": "Updated terminal POS Terminal 1.",
    "metadata": {
      "terminal_id": "TERM-1775322922152-FH4GMO",
      "terminal_name": "POS Terminal 1",
      "preferred_print_mode": "browser",
      "auto_print": true
    },
    "created_at": "2026-04-05T21:16:22.576Z"
  }
},
{
  "model": "accounts.auditlog",
  "pk": 108,
  "fields": {
    "actor": 1,
    "action": "terminal_updated",
    "target_type": "terminal",
    "target_id": "1",
    "description": "Updated terminal POS Terminal 1.",
    "metadata": {
      "terminal_id": "TERM-1775322922152-FH4GMO",
      "terminal_name": "POS Terminal 1",
      "preferred_print_mode": "browser",
      "auto_print": true
    },
    "created_at": "2026-04-05T21:16:22.598Z"
  }
},
{
  "model": "accounts.auditlog",
  "pk": 109,
  "fields": {
    "actor": 1,
    "action": "terminal_updated",
    "target_type": "terminal",
    "target_id": "1",
    "description": "Updated terminal POS Terminal 1.",
    "metadata": {
      "terminal_id": "TERM-1775322922152-FH4GMO",
      "terminal_name": "POS Terminal 1",
      "preferred_print_mode": "browser",
      "auto_print": true
    },
    "created_at": "2026-04-05T21:16:30.735Z"
  }
},
{
  "model": "accounts.auditlog",
  "pk": 110,
  "fields": {
    "actor": 1,
    "action": "terminal_updated",
    "target_type": "terminal",
    "target_id": "1",
    "description": "Updated terminal POS Terminal 1.",
    "metadata": {
      "terminal_id": "TERM-1775322922152-FH4GMO",
      "terminal_name": "POS Terminal 1",
      "preferred_print_mode": "browser",
      "auto_print": true
    },
    "created_at": "2026-04-05T21:16:30.768Z"
  }
},
{
  "model": "accounts.auditlog",
  "pk": 111,
  "fields": {
    "actor": 1,
    "action": "login",
    "target_type": "user",
    "target_id": "1",
    "description": "admin logged in",
    "metadata": {
      "username": "admin"
    },
    "created_at": "2026-04-05T21:20:34.402Z"
  }
},
{
  "model": "accounts.auditlog",
  "pk": 112,
  "fields": {
    "actor": 1,
    "action": "login",
    "target_type": "user",
    "target_id": "1",
    "description": "admin logged in",
    "metadata": {
      "username": "admin"
    },
    "created_at": "2026-04-05T21:31:13.206Z"
  }
},
{
  "model": "accounts.auditlog",
  "pk": 113,
  "fields": {
    "actor": 1,
    "action": "terminal_updated",
    "target_type": "terminal",
    "target_id": "1",
    "description": "Updated terminal POS Terminal 1.",
    "metadata": {
      "terminal_id": "TERM-1775322922152-FH4GMO",
      "terminal_name": "POS Terminal 1",
      "preferred_print_mode": "browser",
      "auto_print": true
    },
    "created_at": "2026-04-05T21:32:06.448Z"
  }
},
{
  "model": "accounts.auditlog",
  "pk": 114,
  "fields": {
    "actor": 1,
    "action": "terminal_updated",
    "target_type": "terminal",
    "target_id": "1",
    "description": "Updated terminal POS Terminal 1.",
    "metadata": {
      "terminal_id": "TERM-1775322922152-FH4GMO",
      "terminal_name": "POS Terminal 1",
      "preferred_print_mode": "browser",
      "auto_print": true
    },
    "created_at": "2026-04-05T21:32:06.485Z"
  }
},
{
  "model": "accounts.auditlog",
  "pk": 115,
  "fields": {
    "actor": 2,
    "action": "login",
    "target_type": "user",
    "target_id": "2",
    "description": "user1 logged in",
    "metadata": {
      "username": "user1"
    },
    "created_at": "2026-04-05T21:32:42.267Z"
  }
},
{
  "model": "accounts.auditlog",
  "pk": 116,
  "fields": {
    "actor": 2,
    "action": "terminal_updated",
    "target_type": "terminal",
    "target_id": "1",
    "description": "Updated terminal POS Terminal 1.",
    "metadata": {
      "terminal_id": "TERM-1775322922152-FH4GMO",
      "terminal_name": "POS Terminal 1",
      "preferred_print_mode": "browser",
      "auto_print": true
    },
    "created_at": "2026-04-05T21:32:52.262Z"
  }
},
{
  "model": "accounts.auditlog",
  "pk": 117,
  "fields": {
    "actor": 2,
    "action": "terminal_updated",
    "target_type": "terminal",
    "target_id": "1",
    "description": "Updated terminal POS Terminal 1.",
    "metadata": {
      "terminal_id": "TERM-1775322922152-FH4GMO",
      "terminal_name": "POS Terminal 1",
      "preferred_print_mode": "browser",
      "auto_print": true
    },
    "created_at": "2026-04-05T21:32:52.281Z"
  }
},
{
  "model": "accounts.auditlog",
  "pk": 118,
  "fields": {
    "actor": 1,
    "action": "login",
    "target_type": "user",
    "target_id": "1",
    "description": "admin logged in",
    "metadata": {
      "username": "admin"
    },
    "created_at": "2026-04-05T21:33:27.983Z"
  }
},
{
  "model": "accounts.auditlog",
  "pk": 119,
  "fields": {
    "actor": 1,
    "action": "login",
    "target_type": "user",
    "target_id": "1",
    "description": "admin logged in",
    "metadata": {
      "username": "admin"
    },
    "created_at": "2026-04-05T21:52:26.980Z"
  }
},
{
  "model": "accounts.auditlog",
  "pk": 120,
  "fields": {
    "actor": 1,
    "action": "login",
    "target_type": "user",
    "target_id": "1",
    "description": "admin logged in",
    "metadata": {
      "username": "admin"
    },
    "created_at": "2026-04-05T22:01:59.105Z"
  }
},
{
  "model": "accounts.auditlog",
  "pk": 121,
  "fields": {
    "actor": 1,
    "action": "login",
    "target_type": "user",
    "target_id": "1",
    "description": "admin logged in",
    "metadata": {
      "username": "admin"
    },
    "created_at": "2026-04-05T22:19:18.931Z"
  }
},
{
  "model": "accounts.auditlog",
  "pk": 122,
  "fields": {
    "actor": 1,
    "action": "login",
    "target_type": "user",
    "target_id": "1",
    "description": "admin logged in",
    "metadata": {
      "username": "admin"
    },
    "created_at": "2026-04-05T23:00:14.693Z"
  }
},
{
  "model": "accounts.auditlog",
  "pk": 123,
  "fields": {
    "actor": 1,
    "action": "login",
    "target_type": "user",
    "target_id": "1",
    "description": "admin logged in",
    "metadata": {
      "username": "admin"
    },
    "created_at": "2026-04-05T23:17:28.015Z"
  }
},
{
  "model": "accounts.auditlog",
  "pk": 124,
  "fields": {
    "actor": 1,
    "action": "terminal_updated",
    "target_type": "terminal",
    "target_id": "1",
    "description": "Updated terminal POS Terminal 1.",
    "metadata": {
      "terminal_id": "TERM-1775322922152-FH4GMO",
      "terminal_name": "POS Terminal 1",
      "preferred_print_mode": "browser",
      "auto_print": true
    },
    "created_at": "2026-04-05T23:18:18.244Z"
  }
},
{
  "model": "accounts.auditlog",
  "pk": 125,
  "fields": {
    "actor": 1,
    "action": "terminal_updated",
    "target_type": "terminal",
    "target_id": "1",
    "description": "Updated terminal POS Terminal 1.",
    "metadata": {
      "terminal_id": "TERM-1775322922152-FH4GMO",
      "terminal_name": "POS Terminal 1",
      "preferred_print_mode": "browser",
      "auto_print": true
    },
    "created_at": "2026-04-05T23:18:18.278Z"
  }
},
{
  "model": "accounts.auditlog",
  "pk": 126,
  "fields": {
    "actor": 1,
    "action": "terminal_updated",
    "target_type": "terminal",
    "target_id": "1",
    "description": "Updated terminal POS Terminal 1.",
    "metadata": {
      "terminal_id": "TERM-1775322922152-FH4GMO",
      "terminal_name": "POS Terminal 1",
      "preferred_print_mode": "browser",
      "auto_print": true
    },
    "created_at": "2026-04-05T23:18:27.386Z"
  }
},
{
  "model": "accounts.auditlog",
  "pk": 127,
  "fields": {
    "actor": 1,
    "action": "terminal_updated",
    "target_type": "terminal",
    "target_id": "1",
    "description": "Updated terminal POS Terminal 1.",
    "metadata": {
      "terminal_id": "TERM-1775322922152-FH4GMO",
      "terminal_name": "POS Terminal 1",
      "preferred_print_mode": "browser",
      "auto_print": true
    },
    "created_at": "2026-04-05T23:18:27.420Z"
  }
},
{
  "model": "accounts.auditlog",
  "pk": 128,
  "fields": {
    "actor": 1,
    "action": "sale_checkout",
    "target_type": "sale",
    "target_id": "50",
    "description": "Created sale RCPT-20260405231834259293 for Branch Warehouse.",
    "metadata": {
      "sale_id": 50,
      "receipt_number": "RCPT-20260405231834259293",
      "warehouse_id": 2,
      "warehouse_name": "Branch Warehouse",
      "cashier_id": 1,
      "cashier_username": "admin",
      "shift_id": 9,
      "payment_method": "cash",
      "total_amount": "10.00",
      "total_cost": "6.00",
      "total_profit": "4.00",
      "terminal_id": "TERM-1775322922152-FH4GMO",
      "terminal_name": "POS Terminal 1",
      "items": [
        {
          "product_id": 4,
          "product_name": "Liquid soap",
          "quantity": 1,
          "unit_price": "5.00"
        },
        {
          "product_id": 5,
          "product_name": "Mixed fruits",
          "quantity": 1,
          "unit_price": "5.00"
        }
      ]
    },
    "created_at": "2026-04-05T23:18:34.269Z"
  }
},
{
  "model": "accounts.auditlog",
  "pk": 129,
  "fields": {
    "actor": 1,
    "action": "login",
    "target_type": "user",
    "target_id": "1",
    "description": "admin logged in",
    "metadata": {
      "username": "admin"
    },
    "created_at": "2026-04-05T23:24:28.198Z"
  }
},
{
  "model": "accounts.auditlog",
  "pk": 130,
  "fields": {
    "actor": 1,
    "action": "login",
    "target_type": "user",
    "target_id": "1",
    "description": "admin logged in",
    "metadata": {
      "username": "admin"
    },
    "created_at": "2026-04-05T23:38:21.485Z"
  }
},
{
  "model": "accounts.auditlog",
  "pk": 131,
  "fields": {
    "actor": 1,
    "action": "terminal_updated",
    "target_type": "terminal",
    "target_id": "1",
    "description": "Updated terminal POS Terminal 1.",
    "metadata": {
      "terminal_id": "TERM-1775322922152-FH4GMO",
      "terminal_name": "POS Terminal 1",
      "preferred_print_mode": "browser",
      "auto_print": true
    },
    "created_at": "2026-04-05T23:38:56.238Z"
  }
},
{
  "model": "accounts.auditlog",
  "pk": 132,
  "fields": {
    "actor": 1,
    "action": "terminal_updated",
    "target_type": "terminal",
    "target_id": "1",
    "description": "Updated terminal POS Terminal 1.",
    "metadata": {
      "terminal_id": "TERM-1775322922152-FH4GMO",
      "terminal_name": "POS Terminal 1",
      "preferred_print_mode": "browser",
      "auto_print": true
    },
    "created_at": "2026-04-05T23:38:56.269Z"
  }
},
{
  "model": "accounts.auditlog",
  "pk": 133,
  "fields": {
    "actor": 1,
    "action": "login",
    "target_type": "user",
    "target_id": "1",
    "description": "admin logged in",
    "metadata": {
      "username": "admin"
    },
    "created_at": "2026-04-05T23:57:27.926Z"
  }
},
{
  "model": "accounts.auditlog",
  "pk": 134,
  "fields": {
    "actor": 1,
    "action": "login",
    "target_type": "user",
    "target_id": "1",
    "description": "admin logged in",
    "metadata": {
      "username": "admin"
    },
    "created_at": "2026-04-06T01:09:42.956Z"
  }
},
{
  "model": "accounts.auditlog",
  "pk": 135,
  "fields": {
    "actor": 1,
    "action": "login",
    "target_type": "user",
    "target_id": "1",
    "description": "admin logged in",
    "metadata": {
      "username": "admin"
    },
    "created_at": "2026-04-06T01:22:35.262Z"
  }
},
{
  "model": "accounts.auditlog",
  "pk": 136,
  "fields": {
    "actor": 1,
    "action": "login",
    "target_type": "user",
    "target_id": "1",
    "description": "admin logged in",
    "metadata": {
      "username": "admin"
    },
    "created_at": "2026-04-07T22:00:16.564Z"
  }
},
{
  "model": "accounts.auditlog",
  "pk": 137,
  "fields": {
    "actor": 1,
    "action": "login",
    "target_type": "user",
    "target_id": "1",
    "description": "admin logged in",
    "metadata": {
      "username": "admin"
    },
    "created_at": "2026-04-07T23:16:14.291Z"
  }
},
{
  "model": "accounts.auditlog",
  "pk": 138,
  "fields": {
    "actor": 1,
    "action": "terminal_updated",
    "target_type": "terminal",
    "target_id": "1",
    "description": "Updated terminal POS Terminal 1.",
    "metadata": {
      "terminal_id": "TERM-1775322922152-FH4GMO",
      "terminal_name": "POS Terminal 1",
      "preferred_print_mode": "browser",
      "auto_print": true
    },
    "created_at": "2026-04-07T23:18:40.911Z"
  }
},
{
  "model": "accounts.auditlog",
  "pk": 139,
  "fields": {
    "actor": 1,
    "action": "terminal_updated",
    "target_type": "terminal",
    "target_id": "1",
    "description": "Updated terminal POS Terminal 1.",
    "metadata": {
      "terminal_id": "TERM-1775322922152-FH4GMO",
      "terminal_name": "POS Terminal 1",
      "preferred_print_mode": "browser",
      "auto_print": true
    },
    "created_at": "2026-04-07T23:18:40.944Z"
  }
},
{
  "model": "accounts.auditlog",
  "pk": 140,
  "fields": {
    "actor": 1,
    "action": "terminal_updated",
    "target_type": "terminal",
    "target_id": "1",
    "description": "Updated terminal POS Terminal 1.",
    "metadata": {
      "terminal_id": "TERM-1775322922152-FH4GMO",
      "terminal_name": "POS Terminal 1",
      "preferred_print_mode": "browser",
      "auto_print": true
    },
    "created_at": "2026-04-07T23:20:13.870Z"
  }
},
{
  "model": "accounts.auditlog",
  "pk": 141,
  "fields": {
    "actor": 1,
    "action": "terminal_updated",
    "target_type": "terminal",
    "target_id": "1",
    "description": "Updated terminal POS Terminal 1.",
    "metadata": {
      "terminal_id": "TERM-1775322922152-FH4GMO",
      "terminal_name": "POS Terminal 1",
      "preferred_print_mode": "browser",
      "auto_print": true
    },
    "created_at": "2026-04-07T23:20:13.900Z"
  }
},
{
  "model": "accounts.auditlog",
  "pk": 142,
  "fields": {
    "actor": 1,
    "action": "login",
    "target_type": "user",
    "target_id": "1",
    "description": "admin logged in",
    "metadata": {
      "username": "admin"
    },
    "created_at": "2026-04-07T23:21:25.428Z"
  }
},
{
  "model": "accounts.auditlog",
  "pk": 143,
  "fields": {
    "actor": 1,
    "action": "login",
    "target_type": "user",
    "target_id": "1",
    "description": "admin logged in",
    "metadata": {
      "username": "admin"
    },
    "created_at": "2026-04-07T23:31:11.340Z"
  }
},
{
  "model": "accounts.auditlog",
  "pk": 144,
  "fields": {
    "actor": 1,
    "action": "login",
    "target_type": "user",
    "target_id": "1",
    "description": "admin logged in",
    "metadata": {
      "username": "admin"
    },
    "created_at": "2026-04-07T23:58:06.164Z"
  }
},
{
  "model": "accounts.auditlog",
  "pk": 145,
  "fields": {
    "actor": 1,
    "action": "terminal_updated",
    "target_type": "terminal",
    "target_id": "1",
    "description": "Updated terminal POS Terminal 1.",
    "metadata": {
      "terminal_id": "TERM-1775322922152-FH4GMO",
      "terminal_name": "POS Terminal 1",
      "preferred_print_mode": "browser",
      "auto_print": true
    },
    "created_at": "2026-04-07T23:59:47.486Z"
  }
},
{
  "model": "accounts.auditlog",
  "pk": 146,
  "fields": {
    "actor": 1,
    "action": "terminal_updated",
    "target_type": "terminal",
    "target_id": "1",
    "description": "Updated terminal POS Terminal 1.",
    "metadata": {
      "terminal_id": "TERM-1775322922152-FH4GMO",
      "terminal_name": "POS Terminal 1",
      "preferred_print_mode": "browser",
      "auto_print": true
    },
    "created_at": "2026-04-07T23:59:47.518Z"
  }
},
{
  "model": "accounts.auditlog",
  "pk": 147,
  "fields": {
    "actor": 1,
    "action": "login",
    "target_type": "user",
    "target_id": "1",
    "description": "admin logged in",
    "metadata": {
      "username": "admin"
    },
    "created_at": "2026-04-09T23:36:40.570Z"
  }
},
{
  "model": "accounts.auditlog",
  "pk": 148,
  "fields": {
    "actor": 1,
    "action": "login",
    "target_type": "user",
    "target_id": "1",
    "description": "admin logged in",
    "metadata": {
      "username": "admin"
    },
    "created_at": "2026-04-10T00:00:13.129Z"
  }
},
{
  "model": "accounts.auditlog",
  "pk": 149,
  "fields": {
    "actor": 1,
    "action": "login",
    "target_type": "user",
    "target_id": "1",
    "description": "admin logged in",
    "metadata": {
      "username": "admin"
    },
    "created_at": "2026-04-10T00:18:37.975Z"
  }
},
{
  "model": "accounts.auditlog",
  "pk": 150,
  "fields": {
    "actor": 1,
    "action": "login",
    "target_type": "user",
    "target_id": "1",
    "description": "admin logged in",
    "metadata": {
      "username": "admin"
    },
    "created_at": "2026-04-10T00:32:15.575Z"
  }
},
{
  "model": "accounts.auditlog",
  "pk": 151,
  "fields": {
    "actor": 1,
    "action": "login",
    "target_type": "user",
    "target_id": "1",
    "description": "admin logged in",
    "metadata": {
      "username": "admin"
    },
    "created_at": "2026-04-11T20:57:51.086Z"
  }
},
{
  "model": "accounts.auditlog",
  "pk": 152,
  "fields": {
    "actor": 1,
    "action": "login",
    "target_type": "user",
    "target_id": "1",
    "description": "admin logged in",
    "metadata": {
      "username": "admin"
    },
    "created_at": "2026-04-11T22:15:57.324Z"
  }
},
{
  "model": "accounts.auditlog",
  "pk": 153,
  "fields": {
    "actor": 1,
    "action": "login",
    "target_type": "user",
    "target_id": "1",
    "description": "admin logged in",
    "metadata": {
      "username": "admin"
    },
    "created_at": "2026-04-11T22:32:37.612Z"
  }
},
{
  "model": "accounts.auditlog",
  "pk": 154,
  "fields": {
    "actor": 1,
    "action": "login",
    "target_type": "user",
    "target_id": "1",
    "description": "admin logged in",
    "metadata": {
      "username": "admin"
    },
    "created_at": "2026-04-12T22:17:00.561Z"
  }
},
{
  "model": "accounts.auditlog",
  "pk": 155,
  "fields": {
    "actor": 1,
    "action": "login",
    "target_type": "user",
    "target_id": "1",
    "description": "admin logged in",
    "metadata": {
      "username": "admin"
    },
    "created_at": "2026-04-12T22:31:02.737Z"
  }
},
{
  "model": "accounts.auditlog",
  "pk": 156,
  "fields": {
    "actor": 1,
    "action": "login",
    "target_type": "user",
    "target_id": "1",
    "description": "admin logged in",
    "metadata": {
      "username": "admin"
    },
    "created_at": "2026-04-12T23:05:01.705Z"
  }
},
{
  "model": "accounts.auditlog",
  "pk": 157,
  "fields": {
    "actor": 1,
    "action": "terminal_updated",
    "target_type": "terminal",
    "target_id": "1",
    "description": "Updated terminal POS Terminal 1.",
    "metadata": {
      "terminal_id": "TERM-1775322922152-FH4GMO",
      "terminal_name": "POS Terminal 1",
      "preferred_print_mode": "browser",
      "auto_print": true
    },
    "created_at": "2026-04-12T23:05:43.970Z"
  }
},
{
  "model": "accounts.auditlog",
  "pk": 158,
  "fields": {
    "actor": 1,
    "action": "terminal_updated",
    "target_type": "terminal",
    "target_id": "1",
    "description": "Updated terminal POS Terminal 1.",
    "metadata": {
      "terminal_id": "TERM-1775322922152-FH4GMO",
      "terminal_name": "POS Terminal 1",
      "preferred_print_mode": "browser",
      "auto_print": true
    },
    "created_at": "2026-04-12T23:05:44.003Z"
  }
},
{
  "model": "accounts.auditlog",
  "pk": 159,
  "fields": {
    "actor": 1,
    "action": "login",
    "target_type": "user",
    "target_id": "1",
    "description": "admin logged in",
    "metadata": {
      "username": "admin"
    },
    "created_at": "2026-04-12T23:15:12.856Z"
  }
},
{
  "model": "accounts.auditlog",
  "pk": 160,
  "fields": {
    "actor": 1,
    "action": "login",
    "target_type": "user",
    "target_id": "1",
    "description": "admin logged in",
    "metadata": {
      "username": "admin"
    },
    "created_at": "2026-04-12T23:24:55.443Z"
  }
},
{
  "model": "accounts.auditlog",
  "pk": 161,
  "fields": {
    "actor": 1,
    "action": "login",
    "target_type": "user",
    "target_id": "1",
    "description": "admin logged in",
    "metadata": {
      "username": "admin"
    },
    "created_at": "2026-04-13T10:51:58.325Z"
  }
},
{
  "model": "accounts.auditlog",
  "pk": 162,
  "fields": {
    "actor": 1,
    "action": "terminal_updated",
    "target_type": "terminal",
    "target_id": "1",
    "description": "Updated terminal POS Terminal 1.",
    "metadata": {
      "terminal_id": "TERM-1775322922152-FH4GMO",
      "terminal_name": "POS Terminal 1",
      "preferred_print_mode": "browser",
      "auto_print": true
    },
    "created_at": "2026-04-13T10:53:16.687Z"
  }
},
{
  "model": "accounts.auditlog",
  "pk": 163,
  "fields": {
    "actor": 1,
    "action": "terminal_updated",
    "target_type": "terminal",
    "target_id": "1",
    "description": "Updated terminal POS Terminal 1.",
    "metadata": {
      "terminal_id": "TERM-1775322922152-FH4GMO",
      "terminal_name": "POS Terminal 1",
      "preferred_print_mode": "browser",
      "auto_print": true
    },
    "created_at": "2026-04-13T10:53:16.709Z"
  }
},
{
  "model": "accounts.auditlog",
  "pk": 164,
  "fields": {
    "actor": 1,
    "action": "terminal_updated",
    "target_type": "terminal",
    "target_id": "1",
    "description": "Updated terminal POS Terminal 1.",
    "metadata": {
      "terminal_id": "TERM-1775322922152-FH4GMO",
      "terminal_name": "POS Terminal 1",
      "preferred_print_mode": "browser",
      "auto_print": true
    },
    "created_at": "2026-04-13T10:53:32.394Z"
  }
},
{
  "model": "accounts.auditlog",
  "pk": 165,
  "fields": {
    "actor": 1,
    "action": "terminal_updated",
    "target_type": "terminal",
    "target_id": "1",
    "description": "Updated terminal POS Terminal 1.",
    "metadata": {
      "terminal_id": "TERM-1775322922152-FH4GMO",
      "terminal_name": "POS Terminal 1",
      "preferred_print_mode": "browser",
      "auto_print": true
    },
    "created_at": "2026-04-13T10:53:32.434Z"
  }
},
{
  "model": "accounts.auditlog",
  "pk": 166,
  "fields": {
    "actor": 1,
    "action": "sale_checkout",
    "target_type": "sale",
    "target_id": "55",
    "description": "Created sale RCPT-20260413105342188825 for Branch Warehouse.",
    "metadata": {
      "sale_id": 55,
      "receipt_number": "RCPT-20260413105342188825",
      "warehouse_id": 2,
      "warehouse_name": "Branch Warehouse",
      "cashier_id": 1,
      "cashier_username": "admin",
      "shift_id": 13,
      "payment_method": "cash",
      "total_amount": "20.00",
      "total_cost": "12.50",
      "total_profit": "7.50",
      "terminal_id": "TERM-1775322922152-FH4GMO",
      "terminal_name": "POS Terminal 1",
      "items": [
        {
          "product_id": 6,
          "product_name": "Flour",
          "quantity": 1,
          "unit_price": "5.00"
        },
        {
          "product_id": 4,
          "product_name": "Liquid soap",
          "quantity": 2,
          "unit_price": "5.00"
        },
        {
          "product_id": 5,
          "product_name": "Mixed fruits",
          "quantity": 1,
          "unit_price": "5.00"
        }
      ]
    },
    "created_at": "2026-04-13T10:53:42.201Z"
  }
},
{
  "model": "accounts.auditlog",
  "pk": 167,
  "fields": {
    "actor": 1,
    "action": "login",
    "target_type": "user",
    "target_id": "1",
    "description": "admin logged in",
    "metadata": {
      "username": "admin"
    },
    "created_at": "2026-04-13T11:01:45.951Z"
  }
},
{
  "model": "accounts.auditlog",
  "pk": 168,
  "fields": {
    "actor": 1,
    "action": "terminal_updated",
    "target_type": "terminal",
    "target_id": "1",
    "description": "Updated terminal POS Terminal 1.",
    "metadata": {
      "terminal_id": "TERM-1775322922152-FH4GMO",
      "terminal_name": "POS Terminal 1",
      "preferred_print_mode": "browser",
      "auto_print": true
    },
    "created_at": "2026-04-13T11:03:05.966Z"
  }
},
{
  "model": "accounts.auditlog",
  "pk": 169,
  "fields": {
    "actor": 1,
    "action": "terminal_updated",
    "target_type": "terminal",
    "target_id": "1",
    "description": "Updated terminal POS Terminal 1.",
    "metadata": {
      "terminal_id": "TERM-1775322922152-FH4GMO",
      "terminal_name": "POS Terminal 1",
      "preferred_print_mode": "browser",
      "auto_print": true
    },
    "created_at": "2026-04-13T11:03:06.000Z"
  }
},
{
  "model": "accounts.auditlog",
  "pk": 170,
  "fields": {
    "actor": 1,
    "action": "login",
    "target_type": "user",
    "target_id": "1",
    "description": "admin logged in",
    "metadata": {
      "username": "admin"
    },
    "created_at": "2026-04-13T12:12:11.640Z"
  }
},
{
  "model": "accounts.auditlog",
  "pk": 171,
  "fields": {
    "actor": 1,
    "action": "login",
    "target_type": "user",
    "target_id": "1",
    "description": "admin logged in",
    "metadata": {
      "username": "admin"
    },
    "created_at": "2026-04-13T12:12:16.903Z"
  }
},
{
  "model": "accounts.auditlog",
  "pk": 172,
  "fields": {
    "actor": 1,
    "action": "login",
    "target_type": "user",
    "target_id": "1",
    "description": "admin logged in",
    "metadata": {
      "username": "admin"
    },
    "created_at": "2026-04-13T12:12:31.222Z"
  }
},
{
  "model": "accounts.auditlog",
  "pk": 173,
  "fields": {
    "actor": 1,
    "action": "login",
    "target_type": "user",
    "target_id": "1",
    "description": "admin logged in",
    "metadata": {
      "username": "admin"
    },
    "created_at": "2026-04-13T12:15:12.762Z"
  }
},
{
  "model": "accounts.auditlog",
  "pk": 174,
  "fields": {
    "actor": 1,
    "action": "login",
    "target_type": "user",
    "target_id": "1",
    "description": "admin logged in",
    "metadata": {
      "username": "admin"
    },
    "created_at": "2026-04-13T13:28:24.607Z"
  }
},
{
  "model": "accounts.auditlog",
  "pk": 175,
  "fields": {
    "actor": 1,
    "action": "terminal_updated",
    "target_type": "terminal",
    "target_id": "1",
    "description": "Updated terminal POS Terminal 1.",
    "metadata": {
      "terminal_id": "TERM-1775322922152-FH4GMO",
      "terminal_name": "POS Terminal 1",
      "preferred_print_mode": "browser",
      "auto_print": true
    },
    "created_at": "2026-04-13T13:28:44.946Z"
  }
},
{
  "model": "accounts.auditlog",
  "pk": 176,
  "fields": {
    "actor": 1,
    "action": "terminal_updated",
    "target_type": "terminal",
    "target_id": "1",
    "description": "Updated terminal POS Terminal 1.",
    "metadata": {
      "terminal_id": "TERM-1775322922152-FH4GMO",
      "terminal_name": "POS Terminal 1",
      "preferred_print_mode": "browser",
      "auto_print": true
    },
    "created_at": "2026-04-13T13:28:44.963Z"
  }
},
{
  "model": "accounts.auditlog",
  "pk": 177,
  "fields": {
    "actor": 1,
    "action": "login",
    "target_type": "user",
    "target_id": "1",
    "description": "admin logged in",
    "metadata": {
      "username": "admin"
    },
    "created_at": "2026-04-13T13:51:54.231Z"
  }
},
{
  "model": "accounts.auditlog",
  "pk": 178,
  "fields": {
    "actor": 1,
    "action": "login",
    "target_type": "user",
    "target_id": "1",
    "description": "admin logged in",
    "metadata": {
      "username": "admin"
    },
    "created_at": "2026-04-13T14:05:19.854Z"
  }
},
{
  "model": "accounts.auditlog",
  "pk": 179,
  "fields": {
    "actor": 1,
    "action": "login",
    "target_type": "user",
    "target_id": "1",
    "description": "admin logged in",
    "metadata": {
      "username": "admin"
    },
    "created_at": "2026-04-13T14:20:52.510Z"
  }
},
{
  "model": "accounts.auditlog",
  "pk": 180,
  "fields": {
    "actor": 1,
    "action": "sale_checkout",
    "target_type": "sale",
    "target_id": "56",
    "description": "Created sale RCPT-20260413142223600144 for Branch Warehouse.",
    "metadata": {
      "sale_id": 56,
      "receipt_number": "RCPT-20260413142223600144",
      "warehouse_id": 2,
      "warehouse_name": "Branch Warehouse",
      "cashier_id": 1,
      "cashier_username": "admin",
      "shift_id": 14,
      "payment_method": "cash",
      "total_amount": "10.00",
      "total_cost": "6.50",
      "total_profit": "3.50",
      "terminal_id": "TERM-1775322922152-FH4GMO",
      "terminal_name": "POS Terminal 1",
      "items": [
        {
          "product_id": 6,
          "product_name": "Flour",
          "quantity": 1,
          "unit_price": "5.00"
        },
        {
          "product_id": 4,
          "product_name": "Liquid soap",
          "quantity": 1,
          "unit_price": "5.00"
        }
      ]
    },
    "created_at": "2026-04-13T14:22:23.610Z"
  }
},
{
  "model": "accounts.auditlog",
  "pk": 181,
  "fields": {
    "actor": 1,
    "action": "login",
    "target_type": "user",
    "target_id": "1",
    "description": "admin logged in",
    "metadata": {
      "username": "admin"
    },
    "created_at": "2026-04-13T14:33:54.165Z"
  }
},
{
  "model": "accounts.auditlog",
  "pk": 182,
  "fields": {
    "actor": 1,
    "action": "terminal_updated",
    "target_type": "terminal",
    "target_id": "1",
    "description": "Updated terminal POS Terminal 1.",
    "metadata": {
      "terminal_id": "TERM-1775322922152-FH4GMO",
      "terminal_name": "POS Terminal 1",
      "preferred_print_mode": "browser",
      "auto_print": true
    },
    "created_at": "2026-04-13T14:34:46.493Z"
  }
},
{
  "model": "accounts.auditlog",
  "pk": 183,
  "fields": {
    "actor": 1,
    "action": "terminal_updated",
    "target_type": "terminal",
    "target_id": "1",
    "description": "Updated terminal POS Terminal 1.",
    "metadata": {
      "terminal_id": "TERM-1775322922152-FH4GMO",
      "terminal_name": "POS Terminal 1",
      "preferred_print_mode": "browser",
      "auto_print": true
    },
    "created_at": "2026-04-13T14:34:46.526Z"
  }
},
{
  "model": "accounts.auditlog",
  "pk": 184,
  "fields": {
    "actor": 1,
    "action": "terminal_updated",
    "target_type": "terminal",
    "target_id": "1",
    "description": "Updated terminal POS Terminal 1.",
    "metadata": {
      "terminal_id": "TERM-1775322922152-FH4GMO",
      "terminal_name": "POS Terminal 1",
      "preferred_print_mode": "browser",
      "auto_print": true
    },
    "created_at": "2026-04-13T14:34:56.672Z"
  }
},
{
  "model": "accounts.auditlog",
  "pk": 185,
  "fields": {
    "actor": 1,
    "action": "terminal_updated",
    "target_type": "terminal",
    "target_id": "1",
    "description": "Updated terminal POS Terminal 1.",
    "metadata": {
      "terminal_id": "TERM-1775322922152-FH4GMO",
      "terminal_name": "POS Terminal 1",
      "preferred_print_mode": "browser",
      "auto_print": true
    },
    "created_at": "2026-04-13T14:34:56.724Z"
  }
},
{
  "model": "accounts.auditlog",
  "pk": 186,
  "fields": {
    "actor": 1,
    "action": "terminal_updated",
    "target_type": "terminal",
    "target_id": "1",
    "description": "Updated terminal POS Terminal 1.",
    "metadata": {
      "terminal_id": "TERM-1775322922152-FH4GMO",
      "terminal_name": "POS Terminal 1",
      "preferred_print_mode": "browser",
      "auto_print": true
    },
    "created_at": "2026-04-13T14:36:08.489Z"
  }
},
{
  "model": "accounts.auditlog",
  "pk": 187,
  "fields": {
    "actor": 1,
    "action": "terminal_updated",
    "target_type": "terminal",
    "target_id": "1",
    "description": "Updated terminal POS Terminal 1.",
    "metadata": {
      "terminal_id": "TERM-1775322922152-FH4GMO",
      "terminal_name": "POS Terminal 1",
      "preferred_print_mode": "browser",
      "auto_print": true
    },
    "created_at": "2026-04-13T14:36:08.524Z"
  }
},
{
  "model": "accounts.auditlog",
  "pk": 188,
  "fields": {
    "actor": 1,
    "action": "sale_checkout",
    "target_type": "sale",
    "target_id": "57",
    "description": "Created sale RCPT-20260413143615197100 for Branch Warehouse.",
    "metadata": {
      "sale_id": 57,
      "receipt_number": "RCPT-20260413143615197100",
      "warehouse_id": 2,
      "warehouse_name": "Branch Warehouse",
      "cashier_id": 1,
      "cashier_username": "admin",
      "shift_id": 15,
      "payment_method": "cash",
      "total_amount": "28.00",
      "total_cost": "9.50",
      "total_profit": "18.50",
      "terminal_id": "TERM-1775322922152-FH4GMO",
      "terminal_name": "POS Terminal 1",
      "items": [
        {
          "product_id": 1,
          "product_name": "Rice 10kg",
          "quantity": 1,
          "unit_price": "18.00"
        },
        {
          "product_id": 5,
          "product_name": "Mixed fruits",
          "quantity": 1,
          "unit_price": "5.00"
        },
        {
          "product_id": 6,
          "product_name": "Flour",
          "quantity": 1,
          "unit_price": "5.00"
        }
      ]
    },
    "created_at": "2026-04-13T14:36:15.208Z"
  }
},
{
  "model": "accounts.auditlog",
  "pk": 189,
  "fields": {
    "actor": 1,
    "action": "login",
    "target_type": "user",
    "target_id": "1",
    "description": "admin logged in",
    "metadata": {
      "username": "admin"
    },
    "created_at": "2026-04-13T15:09:36.852Z"
  }
},
{
  "model": "accounts.auditlog",
  "pk": 190,
  "fields": {
    "actor": 1,
    "action": "terminal_updated",
    "target_type": "terminal",
    "target_id": "1",
    "description": "Updated terminal POS Terminal 1.",
    "metadata": {
      "terminal_id": "TERM-1775322922152-FH4GMO",
      "terminal_name": "POS Terminal 1",
      "preferred_print_mode": "browser",
      "auto_print": true
    },
    "created_at": "2026-04-13T15:10:08.813Z"
  }
},
{
  "model": "accounts.auditlog",
  "pk": 191,
  "fields": {
    "actor": 1,
    "action": "terminal_updated",
    "target_type": "terminal",
    "target_id": "1",
    "description": "Updated terminal POS Terminal 1.",
    "metadata": {
      "terminal_id": "TERM-1775322922152-FH4GMO",
      "terminal_name": "POS Terminal 1",
      "preferred_print_mode": "browser",
      "auto_print": true
    },
    "created_at": "2026-04-13T15:10:08.867Z"
  }
},
{
  "model": "accounts.auditlog",
  "pk": 192,
  "fields": {
    "actor": 1,
    "action": "terminal_updated",
    "target_type": "terminal",
    "target_id": "1",
    "description": "Updated terminal POS Terminal 1.",
    "metadata": {
      "terminal_id": "TERM-1775322922152-FH4GMO",
      "terminal_name": "POS Terminal 1",
      "preferred_print_mode": "browser",
      "auto_print": true
    },
    "created_at": "2026-04-13T15:12:11.317Z"
  }
},
{
  "model": "accounts.auditlog",
  "pk": 193,
  "fields": {
    "actor": 1,
    "action": "terminal_updated",
    "target_type": "terminal",
    "target_id": "1",
    "description": "Updated terminal POS Terminal 1.",
    "metadata": {
      "terminal_id": "TERM-1775322922152-FH4GMO",
      "terminal_name": "POS Terminal 1",
      "preferred_print_mode": "browser",
      "auto_print": true
    },
    "created_at": "2026-04-13T15:12:11.336Z"
  }
},
{
  "model": "accounts.auditlog",
  "pk": 194,
  "fields": {
    "actor": 1,
    "action": "login",
    "target_type": "user",
    "target_id": "1",
    "description": "admin logged in",
    "metadata": {
      "username": "admin"
    },
    "created_at": "2026-04-13T15:18:34.753Z"
  }
},
{
  "model": "accounts.auditlog",
  "pk": 195,
  "fields": {
    "actor": 5,
    "action": "terminal_updated",
    "target_type": "terminal",
    "target_id": "1",
    "description": "Updated terminal POS Terminal 1.",
    "metadata": {
      "terminal_id": "TERM-1775322922152-FH4GMO",
      "terminal_name": "POS Terminal 1",
      "preferred_print_mode": "browser",
      "auto_print": true
    },
    "created_at": "2026-04-13T21:54:31.951Z"
  }
},
{
  "model": "accounts.auditlog",
  "pk": 196,
  "fields": {
    "actor": 5,
    "action": "terminal_updated",
    "target_type": "terminal",
    "target_id": "1",
    "description": "Updated terminal POS Terminal 1.",
    "metadata": {
      "terminal_id": "TERM-1775322922152-FH4GMO",
      "terminal_name": "POS Terminal 1",
      "preferred_print_mode": "browser",
      "auto_print": true
    },
    "created_at": "2026-04-13T21:54:31.980Z"
  }
},
{
  "model": "accounts.auditlog",
  "pk": 197,
  "fields": {
    "actor": 5,
    "action": "terminal_updated",
    "target_type": "terminal",
    "target_id": "1",
    "description": "Updated terminal POS Terminal 1.",
    "metadata": {
      "terminal_id": "TERM-1775322922152-FH4GMO",
      "terminal_name": "POS Terminal 1",
      "preferred_print_mode": "browser",
      "auto_print": true
    },
    "created_at": "2026-04-13T21:55:18.394Z"
  }
},
{
  "model": "accounts.auditlog",
  "pk": 198,
  "fields": {
    "actor": 5,
    "action": "terminal_updated",
    "target_type": "terminal",
    "target_id": "1",
    "description": "Updated terminal POS Terminal 1.",
    "metadata": {
      "terminal_id": "TERM-1775322922152-FH4GMO",
      "terminal_name": "POS Terminal 1",
      "preferred_print_mode": "browser",
      "auto_print": true
    },
    "created_at": "2026-04-13T21:55:18.414Z"
  }
},
{
  "model": "accounts.auditlog",
  "pk": 199,
  "fields": {
    "actor": 5,
    "action": "sale_checkout",
    "target_type": "sale",
    "target_id": "64",
    "description": "Created sale RCPT-20260413215638719612 for Branch Warehouse.",
    "metadata": {
      "sale_id": 64,
      "receipt_number": "RCPT-20260413215638719612",
      "warehouse_id": 2,
      "warehouse_name": "Branch Warehouse",
      "cashier_id": 5,
      "cashier_username": "admin2",
      "shift_id": 18,
      "payment_method": "cash",
      "total_amount": "56.70",
      "total_cost": "10.90",
      "total_profit": "45.80",
      "terminal_id": "TERM-1775322922152-FH4GMO",
      "terminal_name": "POS Terminal 1",
      "items": [
        {
          "product_id": 1,
          "product_name": "Rice 10kg",
          "quantity": 3,
          "unit_price": "18.00"
        },
        {
          "product_id": 3,
          "product_name": "Sugar 2kg",
          "quantity": 1,
          "unit_price": "2.70"
        }
      ]
    },
    "created_at": "2026-04-13T21:56:38.729Z"
  }
},
{
  "model": "accounts.auditlog",
  "pk": 200,
  "fields": {
    "actor": 5,
    "action": "terminal_updated",
    "target_type": "terminal",
    "target_id": "1",
    "description": "Updated terminal POS Terminal 1.",
    "metadata": {
      "terminal_id": "TERM-1775322922152-FH4GMO",
      "terminal_name": "POS Terminal 1",
      "preferred_print_mode": "browser",
      "auto_print": true
    },
    "created_at": "2026-04-13T22:20:34.248Z"
  }
},
{
  "model": "accounts.auditlog",
  "pk": 201,
  "fields": {
    "actor": 5,
    "action": "terminal_updated",
    "target_type": "terminal",
    "target_id": "1",
    "description": "Updated terminal POS Terminal 1.",
    "metadata": {
      "terminal_id": "TERM-1775322922152-FH4GMO",
      "terminal_name": "POS Terminal 1",
      "preferred_print_mode": "browser",
      "auto_print": true
    },
    "created_at": "2026-04-13T22:20:34.271Z"
  }
},
{
  "model": "accounts.auditlog",
  "pk": 202,
  "fields": {
    "actor": 5,
    "action": "terminal_updated",
    "target_type": "terminal",
    "target_id": "1",
    "description": "Updated terminal POS Terminal 1.",
    "metadata": {
      "terminal_id": "TERM-1775322922152-FH4GMO",
      "terminal_name": "POS Terminal 1",
      "preferred_print_mode": "browser",
      "auto_print": true
    },
    "created_at": "2026-04-13T22:20:56.678Z"
  }
},
{
  "model": "accounts.auditlog",
  "pk": 203,
  "fields": {
    "actor": 5,
    "action": "terminal_updated",
    "target_type": "terminal",
    "target_id": "1",
    "description": "Updated terminal POS Terminal 1.",
    "metadata": {
      "terminal_id": "TERM-1775322922152-FH4GMO",
      "terminal_name": "POS Terminal 1",
      "preferred_print_mode": "browser",
      "auto_print": true
    },
    "created_at": "2026-04-13T22:20:56.692Z"
  }
},
{
  "model": "accounts.auditlog",
  "pk": 204,
  "fields": {
    "actor": 5,
    "action": "terminal_updated",
    "target_type": "terminal",
    "target_id": "1",
    "description": "Updated terminal POS Terminal 1.",
    "metadata": {
      "terminal_id": "TERM-1775322922152-FH4GMO",
      "terminal_name": "POS Terminal 1",
      "preferred_print_mode": "browser",
      "auto_print": true
    },
    "created_at": "2026-04-13T22:43:29.205Z"
  }
},
{
  "model": "accounts.auditlog",
  "pk": 205,
  "fields": {
    "actor": 5,
    "action": "terminal_updated",
    "target_type": "terminal",
    "target_id": "1",
    "description": "Updated terminal POS Terminal 1.",
    "metadata": {
      "terminal_id": "TERM-1775322922152-FH4GMO",
      "terminal_name": "POS Terminal 1",
      "preferred_print_mode": "browser",
      "auto_print": true
    },
    "created_at": "2026-04-13T22:43:29.226Z"
  }
},
{
  "model": "accounts.auditlog",
  "pk": 206,
  "fields": {
    "actor": 5,
    "action": "terminal_updated",
    "target_type": "terminal",
    "target_id": "1",
    "description": "Updated terminal POS Terminal 1.",
    "metadata": {
      "terminal_id": "TERM-1775322922152-FH4GMO",
      "terminal_name": "POS Terminal 1",
      "preferred_print_mode": "browser",
      "auto_print": true
    },
    "created_at": "2026-04-13T22:43:46.505Z"
  }
},
{
  "model": "accounts.auditlog",
  "pk": 207,
  "fields": {
    "actor": 5,
    "action": "terminal_updated",
    "target_type": "terminal",
    "target_id": "1",
    "description": "Updated terminal POS Terminal 1.",
    "metadata": {
      "terminal_id": "TERM-1775322922152-FH4GMO",
      "terminal_name": "POS Terminal 1",
      "preferred_print_mode": "browser",
      "auto_print": true
    },
    "created_at": "2026-04-13T22:43:46.536Z"
  }
},
{
  "model": "accounts.auditlog",
  "pk": 208,
  "fields": {
    "actor": 5,
    "action": "sale_checkout",
    "target_type": "sale",
    "target_id": "65",
    "description": "Created sale RCPT-20260413224354094974 for Branch Warehouse.",
    "metadata": {
      "sale_id": 65,
      "receipt_number": "RCPT-20260413224354094974",
      "warehouse_id": 2,
      "warehouse_name": "Branch Warehouse",
      "cashier_id": 5,
      "cashier_username": "admin2",
      "shift_id": 19,
      "payment_method": "cash",
      "total_amount": "9.80",
      "total_cost": "7.50",
      "total_profit": "2.30",
      "terminal_id": "TERM-1775322922152-FH4GMO",
      "terminal_name": "POS Terminal 1",
      "items": [
        {
          "product_id": 6,
          "product_name": "Flour",
          "quantity": 1,
          "unit_price": "5.00"
        },
        {
          "product_id": 2,
          "product_name": "Cooking Oil 2L",
          "quantity": 1,
          "unit_price": "4.80"
        }
      ]
    },
    "created_at": "2026-04-13T22:43:54.104Z"
  }
},
{
  "model": "accounts.auditlog",
  "pk": 209,
  "fields": {
    "actor": 5,
    "action": "terminal_updated",
    "target_type": "terminal",
    "target_id": "1",
    "description": "Updated terminal POS Terminal 1.",
    "metadata": {
      "terminal_id": "TERM-1775322922152-FH4GMO",
      "terminal_name": "POS Terminal 1",
      "preferred_print_mode": "browser",
      "auto_print": true
    },
    "created_at": "2026-04-13T22:44:43.047Z"
  }
},
{
  "model": "accounts.auditlog",
  "pk": 210,
  "fields": {
    "actor": 5,
    "action": "terminal_updated",
    "target_type": "terminal",
    "target_id": "1",
    "description": "Updated terminal POS Terminal 1.",
    "metadata": {
      "terminal_id": "TERM-1775322922152-FH4GMO",
      "terminal_name": "POS Terminal 1",
      "preferred_print_mode": "browser",
      "auto_print": true
    },
    "created_at": "2026-04-13T22:47:07.628Z"
  }
},
{
  "model": "accounts.auditlog",
  "pk": 211,
  "fields": {
    "actor": 5,
    "action": "terminal_updated",
    "target_type": "terminal",
    "target_id": "1",
    "description": "Updated terminal POS Terminal 1.",
    "metadata": {
      "terminal_id": "TERM-1775322922152-FH4GMO",
      "terminal_name": "POS Terminal 1",
      "preferred_print_mode": "browser",
      "auto_print": true
    },
    "created_at": "2026-04-13T22:47:07.669Z"
  }
},
{
  "model": "accounts.auditlog",
  "pk": 212,
  "fields": {
    "actor": 1,
    "action": "product_updated",
    "target_type": "product",
    "target_id": "9",
    "description": "Updated product Coffee beans from Django admin.",
    "metadata": {
      "product_id": 9,
      "name": "Coffee beans",
      "sku": "PRD-009",
      "barcode": "1000000054",
      "selling_price": "4.00",
      "cost_price": "2.00",
      "reorder_level": 0,
      "is_active": true,
      "source": "django_admin"
    },
    "created_at": "2026-04-14T15:32:57.388Z"
  }
},
{
  "model": "accounts.auditlog",
  "pk": 213,
  "fields": {
    "actor": 5,
    "action": "terminal_updated",
    "target_type": "terminal",
    "target_id": "1",
    "description": "Updated terminal POS Terminal 1.",
    "metadata": {
      "terminal_id": "TERM-1775322922152-FH4GMO",
      "terminal_name": "POS Terminal 1",
      "preferred_print_mode": "browser",
      "auto_print": true
    },
    "created_at": "2026-04-14T15:37:18.906Z"
  }
},
{
  "model": "accounts.auditlog",
  "pk": 214,
  "fields": {
    "actor": 5,
    "action": "terminal_updated",
    "target_type": "terminal",
    "target_id": "1",
    "description": "Updated terminal POS Terminal 1.",
    "metadata": {
      "terminal_id": "TERM-1775322922152-FH4GMO",
      "terminal_name": "POS Terminal 1",
      "preferred_print_mode": "browser",
      "auto_print": true
    },
    "created_at": "2026-04-14T15:37:18.939Z"
  }
},
{
  "model": "accounts.auditlog",
  "pk": 215,
  "fields": {
    "actor": 5,
    "action": "terminal_updated",
    "target_type": "terminal",
    "target_id": "1",
    "description": "Updated terminal POS Terminal 1.",
    "metadata": {
      "terminal_id": "TERM-1775322922152-FH4GMO",
      "terminal_name": "POS Terminal 1",
      "preferred_print_mode": "browser",
      "auto_print": true
    },
    "created_at": "2026-04-14T15:38:30.675Z"
  }
},
{
  "model": "accounts.auditlog",
  "pk": 216,
  "fields": {
    "actor": 5,
    "action": "terminal_updated",
    "target_type": "terminal",
    "target_id": "1",
    "description": "Updated terminal POS Terminal 1.",
    "metadata": {
      "terminal_id": "TERM-1775322922152-FH4GMO",
      "terminal_name": "POS Terminal 1",
      "preferred_print_mode": "browser",
      "auto_print": true
    },
    "created_at": "2026-04-14T15:38:30.707Z"
  }
},
{
  "model": "accounts.auditlog",
  "pk": 217,
  "fields": {
    "actor": 5,
    "action": "sale_created",
    "target_type": "sale",
    "target_id": "66",
    "description": "Created sale SALE-20260414163836883531.",
    "metadata": {
      "sale_id": 66,
      "receipt_number": "SALE-20260414163836883531",
      "warehouse_id": 2,
      "warehouse_name": "Branch Warehouse",
      "payment_method": "cash",
      "subtotal": "20.00",
      "tax_total": "0.00",
      "grand_total": "20.00",
      "terminal_id": "TERM-1775322922152-FH4GMO",
      "terminal_name": "POS Terminal 1",
      "shift_id": 20,
      "items_count": 3,
      "source": "pos_checkout"
    },
    "created_at": "2026-04-14T15:38:36.892Z"
  }
},
{
  "model": "accounts.auditlog",
  "pk": 218,
  "fields": {
    "actor": 5,
    "action": "terminal_updated",
    "target_type": "terminal",
    "target_id": "1",
    "description": "Updated terminal POS Terminal 1.",
    "metadata": {
      "terminal_id": "TERM-1775322922152-FH4GMO",
      "terminal_name": "POS Terminal 1",
      "preferred_print_mode": "browser",
      "auto_print": true
    },
    "created_at": "2026-04-14T16:04:35.151Z"
  }
},
{
  "model": "accounts.auditlog",
  "pk": 219,
  "fields": {
    "actor": 5,
    "action": "terminal_updated",
    "target_type": "terminal",
    "target_id": "1",
    "description": "Updated terminal POS Terminal 1.",
    "metadata": {
      "terminal_id": "TERM-1775322922152-FH4GMO",
      "terminal_name": "POS Terminal 1",
      "preferred_print_mode": "browser",
      "auto_print": true
    },
    "created_at": "2026-04-14T16:04:35.186Z"
  }
},
{
  "model": "accounts.auditlog",
  "pk": 220,
  "fields": {
    "actor": 5,
    "action": "terminal_updated",
    "target_type": "terminal",
    "target_id": "1",
    "description": "Updated terminal POS Terminal 1.",
    "metadata": {
      "terminal_id": "TERM-1775322922152-FH4GMO",
      "terminal_name": "POS Terminal 1",
      "preferred_print_mode": "browser",
      "auto_print": true
    },
    "created_at": "2026-04-14T16:26:11.789Z"
  }
},
{
  "model": "accounts.auditlog",
  "pk": 221,
  "fields": {
    "actor": 5,
    "action": "terminal_updated",
    "target_type": "terminal",
    "target_id": "1",
    "description": "Updated terminal POS Terminal 1.",
    "metadata": {
      "terminal_id": "TERM-1775322922152-FH4GMO",
      "terminal_name": "POS Terminal 1",
      "preferred_print_mode": "browser",
      "auto_print": true
    },
    "created_at": "2026-04-14T16:26:11.816Z"
  }
},
{
  "model": "accounts.auditlog",
  "pk": 222,
  "fields": {
    "actor": 5,
    "action": "terminal_updated",
    "target_type": "terminal",
    "target_id": "1",
    "description": "Updated terminal POS Terminal 1.",
    "metadata": {
      "terminal_id": "TERM-1775322922152-FH4GMO",
      "terminal_name": "POS Terminal 1",
      "preferred_print_mode": "browser",
      "auto_print": true
    },
    "created_at": "2026-04-14T16:28:16.747Z"
  }
},
{
  "model": "accounts.auditlog",
  "pk": 223,
  "fields": {
    "actor": 5,
    "action": "terminal_updated",
    "target_type": "terminal",
    "target_id": "1",
    "description": "Updated terminal POS Terminal 1.",
    "metadata": {
      "terminal_id": "TERM-1775322922152-FH4GMO",
      "terminal_name": "POS Terminal 1",
      "preferred_print_mode": "browser",
      "auto_print": true
    },
    "created_at": "2026-04-14T16:28:16.798Z"
  }
},
{
  "model": "accounts.auditlog",
  "pk": 224,
  "fields": {
    "actor": 5,
    "action": "sale_created",
    "target_type": "sale",
    "target_id": "67",
    "description": "Created sale SALE-20260414172834819198.",
    "metadata": {
      "sale_id": 67,
      "receipt_number": "SALE-20260414172834819198",
      "warehouse_id": 2,
      "warehouse_name": "Branch Warehouse",
      "payment_method": "cash",
      "subtotal": "9.80",
      "tax_total": "0.00",
      "grand_total": "9.80",
      "terminal_id": "TERM-1775322922152-FH4GMO",
      "terminal_name": "POS Terminal 1",
      "shift_id": 21,
      "items_count": 2,
      "source": "pos_checkout"
    },
    "created_at": "2026-04-14T16:28:34.825Z"
  }
},
{
  "model": "accounts.auditlog",
  "pk": 225,
  "fields": {
    "actor": 1,
    "action": "product_updated",
    "target_type": "product",
    "target_id": "2",
    "description": "Updated product Cooking Oil 2L from Django admin.",
    "metadata": {
      "product_id": 2,
      "name": "Cooking Oil 2L",
      "sku": "PRD-002",
      "barcode": "100000002",
      "selling_price": "4.80",
      "cost_price": "4.00",
      "reorder_level": 5,
      "is_active": true,
      "source": "django_admin"
    },
    "created_at": "2026-04-14T16:29:44.775Z"
  }
},
{
  "model": "accounts.auditlog",
  "pk": 226,
  "fields": {
    "actor": 1,
    "action": "product_updated",
    "target_type": "product",
    "target_id": "6",
    "description": "Updated product Flour from Django admin.",
    "metadata": {
      "product_id": 6,
      "name": "Flour",
      "sku": "PRD-006",
      "barcode": "1000000051",
      "selling_price": "5.00",
      "cost_price": "3.50",
      "reorder_level": 5,
      "is_active": true,
      "source": "django_admin"
    },
    "created_at": "2026-04-14T16:29:53.191Z"
  }
},
{
  "model": "accounts.auditlog",
  "pk": 227,
  "fields": {
    "actor": 1,
    "action": "product_updated",
    "target_type": "product",
    "target_id": "4",
    "description": "Updated product Liquid soap from Django admin.",
    "metadata": {
      "product_id": 4,
      "name": "Liquid soap",
      "sku": "PRD-004",
      "barcode": "100000004",
      "selling_price": "5.00",
      "cost_price": "3.00",
      "reorder_level": 5,
      "is_active": true,
      "source": "django_admin"
    },
    "created_at": "2026-04-14T16:30:16.792Z"
  }
},
{
  "model": "accounts.auditlog",
  "pk": 228,
  "fields": {
    "actor": 1,
    "action": "product_updated",
    "target_type": "product",
    "target_id": "5",
    "description": "Updated product Mixed fruits from Django admin.",
    "metadata": {
      "product_id": 5,
      "name": "Mixed fruits",
      "sku": "PRD-005",
      "barcode": "1000000044",
      "selling_price": "5.00",
      "cost_price": "3.00",
      "reorder_level": 5,
      "is_active": true,
      "source": "django_admin"
    },
    "created_at": "2026-04-14T16:30:21.424Z"
  }
},
{
  "model": "accounts.auditlog",
  "pk": 229,
  "fields": {
    "actor": 1,
    "action": "product_updated",
    "target_type": "product",
    "target_id": "1",
    "description": "Updated product Rice 10kg from Django admin.",
    "metadata": {
      "product_id": 1,
      "name": "Rice 10kg",
      "sku": "PRD-001",
      "barcode": "100000001",
      "selling_price": "18.00",
      "cost_price": "3.00",
      "reorder_level": 5,
      "is_active": true,
      "source": "django_admin"
    },
    "created_at": "2026-04-14T16:30:25.991Z"
  }
},
{
  "model": "accounts.auditlog",
  "pk": 230,
  "fields": {
    "actor": 1,
    "action": "product_updated",
    "target_type": "product",
    "target_id": "1",
    "description": "Updated product Rice 10kg from Django admin.",
    "metadata": {
      "product_id": 1,
      "name": "Rice 10kg",
      "sku": "PRD-001",
      "barcode": "100000001",
      "selling_price": "18.00",
      "cost_price": "3.00",
      "reorder_level": 5,
      "is_active": true,
      "source": "django_admin"
    },
    "created_at": "2026-04-14T16:30:29.592Z"
  }
},
{
  "model": "accounts.auditlog",
  "pk": 231,
  "fields": {
    "actor": 1,
    "action": "product_updated",
    "target_type": "product",
    "target_id": "7",
    "description": "Updated product Sugar from Django admin.",
    "metadata": {
      "product_id": 7,
      "name": "Sugar",
      "sku": "PRD-007",
      "barcode": "1000000052",
      "selling_price": "4.00",
      "cost_price": "2.00",
      "reorder_level": 5,
      "is_active": true,
      "source": "django_admin"
    },
    "created_at": "2026-04-14T16:30:34.040Z"
  }
},
{
  "model": "accounts.auditlog",
  "pk": 232,
  "fields": {
    "actor": 1,
    "action": "product_updated",
    "target_type": "product",
    "target_id": "3",
    "description": "Updated product Sugar 2kg from Django admin.",
    "metadata": {
      "product_id": 3,
      "name": "Sugar 2kg",
      "sku": "PRD-003",
      "barcode": "100000003",
      "selling_price": "2.70",
      "cost_price": "1.90",
      "reorder_level": 5,
      "is_active": true,
      "source": "django_admin"
    },
    "created_at": "2026-04-14T16:30:40.363Z"
  }
},
{
  "model": "accounts.auditlog",
  "pk": 233,
  "fields": {
    "actor": 1,
    "action": "product_updated",
    "target_type": "product",
    "target_id": "5",
    "description": "Updated product Mixed fruits from Django admin.",
    "metadata": {
      "product_id": 5,
      "name": "Mixed fruits",
      "sku": "PRD-005",
      "barcode": "1000000044",
      "selling_price": "5.00",
      "cost_price": "3.00",
      "reorder_level": 5,
      "is_active": true,
      "source": "django_admin"
    },
    "created_at": "2026-04-14T16:30:46.720Z"
  }
},
{
  "model": "accounts.auditlog",
  "pk": 234,
  "fields": {
    "actor": 1,
    "action": "product_updated",
    "target_type": "product",
    "target_id": "4",
    "description": "Updated product Liquid soap from Django admin.",
    "metadata": {
      "product_id": 4,
      "name": "Liquid soap",
      "sku": "PRD-004",
      "barcode": "100000004",
      "selling_price": "5.00",
      "cost_price": "3.00",
      "reorder_level": 5,
      "is_active": true,
      "source": "django_admin"
    },
    "created_at": "2026-04-14T16:30:49.257Z"
  }
},
{
  "model": "accounts.auditlog",
  "pk": 235,
  "fields": {
    "actor": 5,
    "action": "terminal_updated",
    "target_type": "terminal",
    "target_id": "1",
    "description": "Updated terminal POS Terminal 1.",
    "metadata": {
      "terminal_id": "TERM-1775322922152-FH4GMO",
      "terminal_name": "POS Terminal 1",
      "preferred_print_mode": "browser",
      "auto_print": true
    },
    "created_at": "2026-04-14T16:31:13.756Z"
  }
},
{
  "model": "accounts.auditlog",
  "pk": 236,
  "fields": {
    "actor": 5,
    "action": "terminal_updated",
    "target_type": "terminal",
    "target_id": "1",
    "description": "Updated terminal POS Terminal 1.",
    "metadata": {
      "terminal_id": "TERM-1775322922152-FH4GMO",
      "terminal_name": "POS Terminal 1",
      "preferred_print_mode": "browser",
      "auto_print": true
    },
    "created_at": "2026-04-14T16:31:13.797Z"
  }
},
{
  "model": "accounts.auditlog",
  "pk": 237,
  "fields": {
    "actor": 5,
    "action": "terminal_updated",
    "target_type": "terminal",
    "target_id": "1",
    "description": "Updated terminal POS Terminal 1.",
    "metadata": {
      "terminal_id": "TERM-1775322922152-FH4GMO",
      "terminal_name": "POS Terminal 1",
      "preferred_print_mode": "browser",
      "auto_print": true
    },
    "created_at": "2026-04-14T16:31:38.398Z"
  }
},
{
  "model": "accounts.auditlog",
  "pk": 238,
  "fields": {
    "actor": 5,
    "action": "terminal_updated",
    "target_type": "terminal",
    "target_id": "1",
    "description": "Updated terminal POS Terminal 1.",
    "metadata": {
      "terminal_id": "TERM-1775322922152-FH4GMO",
      "terminal_name": "POS Terminal 1",
      "preferred_print_mode": "browser",
      "auto_print": true
    },
    "created_at": "2026-04-14T16:31:38.420Z"
  }
},
{
  "model": "accounts.auditlog",
  "pk": 239,
  "fields": {
    "actor": 5,
    "action": "sale_created",
    "target_type": "sale",
    "target_id": "68",
    "description": "Created sale SALE-20260414173145089838.",
    "metadata": {
      "sale_id": 68,
      "receipt_number": "SALE-20260414173145089838",
      "warehouse_id": 2,
      "warehouse_name": "Branch Warehouse",
      "payment_method": "cash",
      "subtotal": "5.00",
      "tax_total": "0.75",
      "grand_total": "5.75",
      "terminal_id": "TERM-1775322922152-FH4GMO",
      "terminal_name": "POS Terminal 1",
      "shift_id": 21,
      "items_count": 1,
      "source": "pos_checkout"
    },
    "created_at": "2026-04-14T16:31:45.094Z"
  }
},
{
  "model": "accounts.auditlog",
  "pk": 240,
  "fields": {
    "actor": 5,
    "action": "terminal_updated",
    "target_type": "terminal",
    "target_id": "1",
    "description": "Updated terminal POS Terminal 1.",
    "metadata": {
      "terminal_id": "TERM-1775322922152-FH4GMO",
      "terminal_name": "POS Terminal 1",
      "preferred_print_mode": "browser",
      "auto_print": true
    },
    "created_at": "2026-04-14T16:32:23.281Z"
  }
},
{
  "model": "accounts.auditlog",
  "pk": 241,
  "fields": {
    "actor": 5,
    "action": "terminal_updated",
    "target_type": "terminal",
    "target_id": "1",
    "description": "Updated terminal POS Terminal 1.",
    "metadata": {
      "terminal_id": "TERM-1775322922152-FH4GMO",
      "terminal_name": "POS Terminal 1",
      "preferred_print_mode": "browser",
      "auto_print": true
    },
    "created_at": "2026-04-14T16:32:23.315Z"
  }
},
{
  "model": "accounts.auditlog",
  "pk": 242,
  "fields": {
    "actor": 5,
    "action": "sale_created",
    "target_type": "sale",
    "target_id": "69",
    "description": "Created sale SALE-20260414173233370646.",
    "metadata": {
      "sale_id": 69,
      "receipt_number": "SALE-20260414173233370646",
      "warehouse_id": 2,
      "warehouse_name": "Branch Warehouse",
      "payment_method": "cash",
      "subtotal": "23.00",
      "tax_total": "3.45",
      "grand_total": "26.45",
      "terminal_id": "TERM-1775322922152-FH4GMO",
      "terminal_name": "POS Terminal 1",
      "shift_id": 21,
      "items_count": 2,
      "source": "pos_checkout"
    },
    "created_at": "2026-04-14T16:32:33.376Z"
  }
},
{
  "model": "accounts.auditlog",
  "pk": 243,
  "fields": {
    "actor": 5,
    "action": "terminal_updated",
    "target_type": "terminal",
    "target_id": "1",
    "description": "Updated terminal POS Terminal 1.",
    "metadata": {
      "terminal_id": "TERM-1775322922152-FH4GMO",
      "terminal_name": "POS Terminal 1",
      "preferred_print_mode": "browser",
      "auto_print": true
    },
    "created_at": "2026-04-14T23:28:32.037Z"
  }
},
{
  "model": "accounts.auditlog",
  "pk": 244,
  "fields": {
    "actor": 5,
    "action": "terminal_updated",
    "target_type": "terminal",
    "target_id": "1",
    "description": "Updated terminal POS Terminal 1.",
    "metadata": {
      "terminal_id": "TERM-1775322922152-FH4GMO",
      "terminal_name": "POS Terminal 1",
      "preferred_print_mode": "browser",
      "auto_print": true
    },
    "created_at": "2026-04-14T23:28:32.054Z"
  }
},
{
  "model": "accounts.auditlog",
  "pk": 245,
  "fields": {
    "actor": 5,
    "action": "terminal_updated",
    "target_type": "terminal",
    "target_id": "1",
    "description": "Updated terminal POS Terminal 1.",
    "metadata": {
      "terminal_id": "TERM-1775322922152-FH4GMO",
      "terminal_name": "POS Terminal 1",
      "preferred_print_mode": "browser",
      "auto_print": true
    },
    "created_at": "2026-04-14T23:46:55.338Z"
  }
},
{
  "model": "accounts.auditlog",
  "pk": 246,
  "fields": {
    "actor": 5,
    "action": "terminal_updated",
    "target_type": "terminal",
    "target_id": "1",
    "description": "Updated terminal POS Terminal 1.",
    "metadata": {
      "terminal_id": "TERM-1775322922152-FH4GMO",
      "terminal_name": "POS Terminal 1",
      "preferred_print_mode": "browser",
      "auto_print": true
    },
    "created_at": "2026-04-14T23:46:55.369Z"
  }
},
{
  "model": "accounts.auditlog",
  "pk": 247,
  "fields": {
    "actor": 5,
    "action": "terminal_updated",
    "target_type": "terminal",
    "target_id": "1",
    "description": "Updated terminal POS Terminal 1.",
    "metadata": {
      "terminal_id": "TERM-1775322922152-FH4GMO",
      "terminal_name": "POS Terminal 1",
      "preferred_print_mode": "browser",
      "auto_print": true
    },
    "created_at": "2026-04-14T23:46:58.023Z"
  }
},
{
  "model": "accounts.auditlog",
  "pk": 248,
  "fields": {
    "actor": 5,
    "action": "terminal_updated",
    "target_type": "terminal",
    "target_id": "1",
    "description": "Updated terminal POS Terminal 1.",
    "metadata": {
      "terminal_id": "TERM-1775322922152-FH4GMO",
      "terminal_name": "POS Terminal 1",
      "preferred_print_mode": "browser",
      "auto_print": true
    },
    "created_at": "2026-04-14T23:46:58.044Z"
  }
},
{
  "model": "accounts.auditlog",
  "pk": 249,
  "fields": {
    "actor": 5,
    "action": "terminal_updated",
    "target_type": "terminal",
    "target_id": "1",
    "description": "Updated terminal POS Terminal 1.",
    "metadata": {
      "terminal_id": "TERM-1775322922152-FH4GMO",
      "terminal_name": "POS Terminal 1",
      "preferred_print_mode": "browser",
      "auto_print": true
    },
    "created_at": "2026-04-14T23:48:21.908Z"
  }
},
{
  "model": "accounts.auditlog",
  "pk": 250,
  "fields": {
    "actor": 5,
    "action": "terminal_updated",
    "target_type": "terminal",
    "target_id": "1",
    "description": "Updated terminal POS Terminal 1.",
    "metadata": {
      "terminal_id": "TERM-1775322922152-FH4GMO",
      "terminal_name": "POS Terminal 1",
      "preferred_print_mode": "browser",
      "auto_print": true
    },
    "created_at": "2026-04-14T23:48:21.940Z"
  }
},
{
  "model": "accounts.auditlog",
  "pk": 251,
  "fields": {
    "actor": 5,
    "action": "sale_created",
    "target_type": "sale",
    "target_id": "70",
    "description": "Created sale SALE-20260415004908120100.",
    "metadata": {
      "sale_id": 70,
      "receipt_number": "SALE-20260415004908120100",
      "warehouse_id": 2,
      "warehouse_name": "Branch Warehouse",
      "payment_method": "cash",
      "subtotal": "35.70",
      "tax_total": "5.36",
      "grand_total": "41.06",
      "terminal_id": "TERM-1775322922152-FH4GMO",
      "terminal_name": "POS Terminal 1",
      "shift_id": 21,
      "items_count": 4,
      "source": "pos_checkout"
    },
    "created_at": "2026-04-14T23:49:08.128Z"
  }
},
{
  "model": "accounts.auditlog",
  "pk": 252,
  "fields": {
    "actor": 5,
    "action": "stock_transfer_created",
    "target_type": "stock_transfer",
    "target_id": "12",
    "description": "Transferred 20 of Mixed fruits from Main Warehouse to Branch Warehouse.",
    "metadata": {
      "stock_transfer_id": 12,
      "product_id": 5,
      "product_name": "Mixed fruits",
      "from_warehouse_id": 1,
      "from_warehouse_name": "Main Warehouse",
      "to_warehouse_id": 2,
      "to_warehouse_name": "Branch Warehouse",
      "quantity": 20,
      "source": "inventory_api"
    },
    "created_at": "2026-04-14T23:50:56.955Z"
  }
},
{
  "model": "accounts.auditlog",
  "pk": 253,
  "fields": {
    "actor": 5,
    "action": "terminal_updated",
    "target_type": "terminal",
    "target_id": "1",
    "description": "Updated terminal POS Terminal 1.",
    "metadata": {
      "terminal_id": "TERM-1775322922152-FH4GMO",
      "terminal_name": "POS Terminal 1",
      "preferred_print_mode": "browser",
      "auto_print": true
    },
    "created_at": "2026-04-15T22:02:06.121Z"
  }
},
{
  "model": "accounts.auditlog",
  "pk": 254,
  "fields": {
    "actor": 5,
    "action": "terminal_updated",
    "target_type": "terminal",
    "target_id": "1",
    "description": "Updated terminal POS Terminal 1.",
    "metadata": {
      "terminal_id": "TERM-1775322922152-FH4GMO",
      "terminal_name": "POS Terminal 1",
      "preferred_print_mode": "browser",
      "auto_print": true
    },
    "created_at": "2026-04-15T22:02:06.152Z"
  }
},
{
  "model": "accounts.auditlog",
  "pk": 255,
  "fields": {
    "actor": 5,
    "action": "terminal_updated",
    "target_type": "terminal",
    "target_id": "1",
    "description": "Updated terminal POS Terminal 1.",
    "metadata": {
      "terminal_id": "TERM-1775322922152-FH4GMO",
      "terminal_name": "POS Terminal 1",
      "preferred_print_mode": "browser",
      "auto_print": true
    },
    "created_at": "2026-04-15T22:04:52.960Z"
  }
},
{
  "model": "accounts.auditlog",
  "pk": 256,
  "fields": {
    "actor": 5,
    "action": "terminal_updated",
    "target_type": "terminal",
    "target_id": "1",
    "description": "Updated terminal POS Terminal 1.",
    "metadata": {
      "terminal_id": "TERM-1775322922152-FH4GMO",
      "terminal_name": "POS Terminal 1",
      "preferred_print_mode": "browser",
      "auto_print": true
    },
    "created_at": "2026-04-15T22:04:52.992Z"
  }
},
{
  "model": "accounts.auditlog",
  "pk": 257,
  "fields": {
    "actor": 5,
    "action": "terminal_updated",
    "target_type": "terminal",
    "target_id": "1",
    "description": "Updated terminal POS Terminal 1.",
    "metadata": {
      "terminal_id": "TERM-1775322922152-FH4GMO",
      "terminal_name": "POS Terminal 1",
      "preferred_print_mode": "browser",
      "auto_print": true
    },
    "created_at": "2026-04-15T22:30:46.235Z"
  }
},
{
  "model": "accounts.auditlog",
  "pk": 258,
  "fields": {
    "actor": 5,
    "action": "terminal_updated",
    "target_type": "terminal",
    "target_id": "1",
    "description": "Updated terminal POS Terminal 1.",
    "metadata": {
      "terminal_id": "TERM-1775322922152-FH4GMO",
      "terminal_name": "POS Terminal 1",
      "preferred_print_mode": "browser",
      "auto_print": true
    },
    "created_at": "2026-04-15T22:30:46.268Z"
  }
},
{
  "model": "accounts.auditlog",
  "pk": 259,
  "fields": {
    "actor": 5,
    "action": "terminal_updated",
    "target_type": "terminal",
    "target_id": "1",
    "description": "Updated terminal POS Terminal 1.",
    "metadata": {
      "terminal_id": "TERM-1775322922152-FH4GMO",
      "terminal_name": "POS Terminal 1",
      "preferred_print_mode": "browser",
      "auto_print": true
    },
    "created_at": "2026-04-15T22:43:13.788Z"
  }
},
{
  "model": "accounts.auditlog",
  "pk": 260,
  "fields": {
    "actor": 5,
    "action": "terminal_updated",
    "target_type": "terminal",
    "target_id": "1",
    "description": "Updated terminal POS Terminal 1.",
    "metadata": {
      "terminal_id": "TERM-1775322922152-FH4GMO",
      "terminal_name": "POS Terminal 1",
      "preferred_print_mode": "browser",
      "auto_print": true
    },
    "created_at": "2026-04-15T22:43:13.805Z"
  }
},
{
  "model": "accounts.auditlog",
  "pk": 261,
  "fields": {
    "actor": 5,
    "action": "terminal_updated",
    "target_type": "terminal",
    "target_id": "1",
    "description": "Updated terminal POS Terminal 1.",
    "metadata": {
      "terminal_id": "TERM-1775322922152-FH4GMO",
      "terminal_name": "POS Terminal 1",
      "preferred_print_mode": "browser",
      "auto_print": true
    },
    "created_at": "2026-04-15T23:03:45.270Z"
  }
},
{
  "model": "accounts.auditlog",
  "pk": 262,
  "fields": {
    "actor": 5,
    "action": "terminal_updated",
    "target_type": "terminal",
    "target_id": "1",
    "description": "Updated terminal POS Terminal 1.",
    "metadata": {
      "terminal_id": "TERM-1775322922152-FH4GMO",
      "terminal_name": "POS Terminal 1",
      "preferred_print_mode": "browser",
      "auto_print": true
    },
    "created_at": "2026-04-15T23:03:45.294Z"
  }
},
{
  "model": "accounts.auditlog",
  "pk": 263,
  "fields": {
    "actor": 5,
    "action": "terminal_updated",
    "target_type": "terminal",
    "target_id": "1",
    "description": "Updated terminal POS Terminal 1.",
    "metadata": {
      "terminal_id": "TERM-1775322922152-FH4GMO",
      "terminal_name": "POS Terminal 1",
      "preferred_print_mode": "browser",
      "auto_print": true
    },
    "created_at": "2026-04-15T23:11:13.782Z"
  }
},
{
  "model": "accounts.auditlog",
  "pk": 264,
  "fields": {
    "actor": 5,
    "action": "terminal_updated",
    "target_type": "terminal",
    "target_id": "1",
    "description": "Updated terminal POS Terminal 1.",
    "metadata": {
      "terminal_id": "TERM-1775322922152-FH4GMO",
      "terminal_name": "POS Terminal 1",
      "preferred_print_mode": "browser",
      "auto_print": true
    },
    "created_at": "2026-04-15T23:11:13.823Z"
  }
},
{
  "model": "accounts.auditlog",
  "pk": 265,
  "fields": {
    "actor": 5,
    "action": "terminal_updated",
    "target_type": "terminal",
    "target_id": "1",
    "description": "Updated terminal POS Terminal 1.",
    "metadata": {
      "terminal_id": "TERM-1775322922152-FH4GMO",
      "terminal_name": "POS Terminal 1",
      "preferred_print_mode": "browser",
      "auto_print": true
    },
    "created_at": "2026-04-15T23:22:08.970Z"
  }
},
{
  "model": "accounts.auditlog",
  "pk": 266,
  "fields": {
    "actor": 5,
    "action": "terminal_updated",
    "target_type": "terminal",
    "target_id": "1",
    "description": "Updated terminal POS Terminal 1.",
    "metadata": {
      "terminal_id": "TERM-1775322922152-FH4GMO",
      "terminal_name": "POS Terminal 1",
      "preferred_print_mode": "browser",
      "auto_print": true
    },
    "created_at": "2026-04-15T23:22:09.002Z"
  }
},
{
  "model": "accounts.auditlog",
  "pk": 267,
  "fields": {
    "actor": 5,
    "action": "terminal_updated",
    "target_type": "terminal",
    "target_id": "1",
    "description": "Updated terminal POS Terminal 1.",
    "metadata": {
      "terminal_id": "TERM-1775322922152-FH4GMO",
      "terminal_name": "POS Terminal 1",
      "preferred_print_mode": "browser",
      "auto_print": true
    },
    "created_at": "2026-04-15T23:23:38.200Z"
  }
},
{
  "model": "accounts.auditlog",
  "pk": 268,
  "fields": {
    "actor": 5,
    "action": "terminal_updated",
    "target_type": "terminal",
    "target_id": "1",
    "description": "Updated terminal POS Terminal 1.",
    "metadata": {
      "terminal_id": "TERM-1775322922152-FH4GMO",
      "terminal_name": "POS Terminal 1",
      "preferred_print_mode": "browser",
      "auto_print": true
    },
    "created_at": "2026-04-15T23:23:38.231Z"
  }
},
{
  "model": "accounts.auditlog",
  "pk": 269,
  "fields": {
    "actor": 5,
    "action": "terminal_updated",
    "target_type": "terminal",
    "target_id": "1",
    "description": "Updated terminal POS Terminal 1.",
    "metadata": {
      "terminal_id": "TERM-1775322922152-FH4GMO",
      "terminal_name": "POS Terminal 1",
      "preferred_print_mode": "browser",
      "auto_print": true
    },
    "created_at": "2026-04-15T23:47:02.373Z"
  }
},
{
  "model": "accounts.auditlog",
  "pk": 270,
  "fields": {
    "actor": 5,
    "action": "terminal_updated",
    "target_type": "terminal",
    "target_id": "1",
    "description": "Updated terminal POS Terminal 1.",
    "metadata": {
      "terminal_id": "TERM-1775322922152-FH4GMO",
      "terminal_name": "POS Terminal 1",
      "preferred_print_mode": "browser",
      "auto_print": true
    },
    "created_at": "2026-04-15T23:47:02.400Z"
  }
},
{
  "model": "accounts.auditlog",
  "pk": 271,
  "fields": {
    "actor": 5,
    "action": "terminal_updated",
    "target_type": "terminal",
    "target_id": "1",
    "description": "Updated terminal POS Terminal 1.",
    "metadata": {
      "terminal_id": "TERM-1775322922152-FH4GMO",
      "terminal_name": "POS Terminal 1",
      "preferred_print_mode": "browser",
      "auto_print": true
    },
    "created_at": "2026-04-16T12:24:06.547Z"
  }
},
{
  "model": "accounts.auditlog",
  "pk": 272,
  "fields": {
    "actor": 5,
    "action": "terminal_updated",
    "target_type": "terminal",
    "target_id": "1",
    "description": "Updated terminal POS Terminal 1.",
    "metadata": {
      "terminal_id": "TERM-1775322922152-FH4GMO",
      "terminal_name": "POS Terminal 1",
      "preferred_print_mode": "browser",
      "auto_print": true
    },
    "created_at": "2026-04-16T12:24:06.563Z"
  }
},
{
  "model": "accounts.auditlog",
  "pk": 273,
  "fields": {
    "actor": 5,
    "action": "terminal_updated",
    "target_type": "terminal",
    "target_id": "1",
    "description": "Updated terminal POS Terminal 1.",
    "metadata": {
      "terminal_id": "TERM-1775322922152-FH4GMO",
      "terminal_name": "POS Terminal 1",
      "preferred_print_mode": "browser",
      "auto_print": true
    },
    "created_at": "2026-04-16T16:32:25.900Z"
  }
},
{
  "model": "accounts.auditlog",
  "pk": 274,
  "fields": {
    "actor": 5,
    "action": "terminal_updated",
    "target_type": "terminal",
    "target_id": "1",
    "description": "Updated terminal POS Terminal 1.",
    "metadata": {
      "terminal_id": "TERM-1775322922152-FH4GMO",
      "terminal_name": "POS Terminal 1",
      "preferred_print_mode": "browser",
      "auto_print": true
    },
    "created_at": "2026-04-16T16:32:25.921Z"
  }
},
{
  "model": "accounts.auditlog",
  "pk": 275,
  "fields": {
    "actor": 5,
    "action": "terminal_updated",
    "target_type": "terminal",
    "target_id": "1",
    "description": "Updated terminal POS Terminal 1.",
    "metadata": {
      "terminal_id": "TERM-1775322922152-FH4GMO",
      "terminal_name": "POS Terminal 1",
      "preferred_print_mode": "browser",
      "auto_print": true
    },
    "created_at": "2026-04-17T08:56:24.226Z"
  }
},
{
  "model": "accounts.auditlog",
  "pk": 276,
  "fields": {
    "actor": 5,
    "action": "terminal_updated",
    "target_type": "terminal",
    "target_id": "1",
    "description": "Updated terminal POS Terminal 1.",
    "metadata": {
      "terminal_id": "TERM-1775322922152-FH4GMO",
      "terminal_name": "POS Terminal 1",
      "preferred_print_mode": "browser",
      "auto_print": true
    },
    "created_at": "2026-04-17T08:56:24.258Z"
  }
},
{
  "model": "accounts.auditlog",
  "pk": 277,
  "fields": {
    "actor": 5,
    "action": "grn_created",
    "target_type": "goods_received_note",
    "target_id": "10",
    "description": "Received goods for purchase order PO-0E684D15 under GRN-20260417091556476871.",
    "metadata": {
      "grn_id": 10,
      "grn_number": "GRN-20260417091556476871",
      "purchase_order_id": 4,
      "purchase_order_number": "PO-0E684D15",
      "received_items_count": 1,
      "warehouse_id": 2,
      "warehouse_name": "Branch Warehouse",
      "source": "inventory_api"
    },
    "created_at": "2026-04-17T09:15:56.482Z"
  }
},
{
  "model": "accounts.auditlog",
  "pk": 278,
  "fields": {
    "actor": 5,
    "action": "grn_created",
    "target_type": "goods_received_note",
    "target_id": "11",
    "description": "Received goods for purchase order PO-20260403170001538542 under GRN-20260417093953785540.",
    "metadata": {
      "grn_id": 11,
      "grn_number": "GRN-20260417093953785540",
      "purchase_order_id": 7,
      "purchase_order_number": "PO-20260403170001538542",
      "received_items_count": 1,
      "warehouse_id": 2,
      "warehouse_name": "Branch Warehouse",
      "source": "inventory_api"
    },
    "created_at": "2026-04-17T09:39:53.790Z"
  }
},
{
  "model": "accounts.auditlog",
  "pk": 279,
  "fields": {
    "actor": 5,
    "action": "grn_created",
    "target_type": "goods_received_note",
    "target_id": "12",
    "description": "Received goods for purchase order PO-20260330223839005117 under GRN-20260417094007400448.",
    "metadata": {
      "grn_id": 12,
      "grn_number": "GRN-20260417094007400448",
      "purchase_order_id": 6,
      "purchase_order_number": "PO-20260330223839005117",
      "received_items_count": 1,
      "warehouse_id": 2,
      "warehouse_name": "Branch Warehouse",
      "source": "inventory_api"
    },
    "created_at": "2026-04-17T09:40:07.404Z"
  }
},
{
  "model": "accounts.auditlog",
  "pk": 280,
  "fields": {
    "actor": 5,
    "action": "grn_created",
    "target_type": "goods_received_note",
    "target_id": "13",
    "description": "Received goods for purchase order PO-E6CCAAE5 under GRN-20260417094017898381.",
    "metadata": {
      "grn_id": 13,
      "grn_number": "GRN-20260417094017898381",
      "purchase_order_id": 3,
      "purchase_order_number": "PO-E6CCAAE5",
      "received_items_count": 1,
      "warehouse_id": 1,
      "warehouse_name": "Main Warehouse",
      "source": "inventory_api"
    },
    "created_at": "2026-04-17T09:40:17.902Z"
  }
},
{
  "model": "accounts.auditlog",
  "pk": 281,
  "fields": {
    "actor": 5,
    "action": "grn_created",
    "target_type": "goods_received_note",
    "target_id": "14",
    "description": "Received goods for purchase order 1234567 under GRN-20260417094023161577.",
    "metadata": {
      "grn_id": 14,
      "grn_number": "GRN-20260417094023161577",
      "purchase_order_id": 2,
      "purchase_order_number": "1234567",
      "received_items_count": 1,
      "warehouse_id": 1,
      "warehouse_name": "Main Warehouse",
      "source": "inventory_api"
    },
    "created_at": "2026-04-17T09:40:23.165Z"
  }
},
{
  "model": "accounts.auditlog",
  "pk": 282,
  "fields": {
    "actor": 5,
    "action": "terminal_updated",
    "target_type": "terminal",
    "target_id": "1",
    "description": "Updated terminal POS Terminal 1.",
    "metadata": {
      "terminal_id": "TERM-1775322922152-FH4GMO",
      "terminal_name": "POS Terminal 1",
      "preferred_print_mode": "browser",
      "auto_print": true
    },
    "created_at": "2026-04-17T09:42:28.044Z"
  }
},
{
  "model": "accounts.auditlog",
  "pk": 283,
  "fields": {
    "actor": 5,
    "action": "terminal_updated",
    "target_type": "terminal",
    "target_id": "1",
    "description": "Updated terminal POS Terminal 1.",
    "metadata": {
      "terminal_id": "TERM-1775322922152-FH4GMO",
      "terminal_name": "POS Terminal 1",
      "preferred_print_mode": "browser",
      "auto_print": true
    },
    "created_at": "2026-04-17T09:42:28.083Z"
  }
},
{
  "model": "accounts.auditlog",
  "pk": 284,
  "fields": {
    "actor": 5,
    "action": "terminal_updated",
    "target_type": "terminal",
    "target_id": "1",
    "description": "Updated terminal POS Terminal 1.",
    "metadata": {
      "terminal_id": "TERM-1775322922152-FH4GMO",
      "terminal_name": "POS Terminal 1",
      "preferred_print_mode": "browser",
      "auto_print": true
    },
    "created_at": "2026-04-17T09:43:09.818Z"
  }
},
{
  "model": "accounts.auditlog",
  "pk": 285,
  "fields": {
    "actor": 5,
    "action": "terminal_updated",
    "target_type": "terminal",
    "target_id": "1",
    "description": "Updated terminal POS Terminal 1.",
    "metadata": {
      "terminal_id": "TERM-1775322922152-FH4GMO",
      "terminal_name": "POS Terminal 1",
      "preferred_print_mode": "browser",
      "auto_print": true
    },
    "created_at": "2026-04-17T09:43:09.849Z"
  }
},
{
  "model": "accounts.auditlog",
  "pk": 286,
  "fields": {
    "actor": 5,
    "action": "sale_created",
    "target_type": "sale",
    "target_id": "71",
    "description": "Created sale SALE-20260417104321680168.",
    "metadata": {
      "sale_id": 71,
      "receipt_number": "SALE-20260417104321680168",
      "warehouse_id": 2,
      "warehouse_name": "Branch Warehouse",
      "payment_method": "cash",
      "subtotal": "24.80",
      "tax_total": "3.72",
      "grand_total": "28.52",
      "terminal_id": "TERM-1775322922152-FH4GMO",
      "terminal_name": "POS Terminal 1",
      "shift_id": 22,
      "items_count": 3,
      "source": "pos_checkout"
    },
    "created_at": "2026-04-17T09:43:21.687Z"
  }
},
{
  "model": "accounts.auditlog",
  "pk": 287,
  "fields": {
    "actor": 5,
    "action": "grn_created",
    "target_type": "goods_received_note",
    "target_id": "15",
    "description": "Received goods for purchase order PO-E6CCAAE5 under GRN-20260417094827471085.",
    "metadata": {
      "grn_id": 15,
      "grn_number": "GRN-20260417094827471085",
      "purchase_order_id": 3,
      "purchase_order_number": "PO-E6CCAAE5",
      "received_items_count": 1,
      "warehouse_id": 1,
      "warehouse_name": "Main Warehouse",
      "source": "inventory_api"
    },
    "created_at": "2026-04-17T09:48:27.475Z"
  }
},
{
  "model": "accounts.auditlog",
  "pk": 288,
  "fields": {
    "actor": 5,
    "action": "grn_created",
    "target_type": "goods_received_note",
    "target_id": "16",
    "description": "Received goods for purchase order PO-20260403170001538542 under GRN-20260417094835921287.",
    "metadata": {
      "grn_id": 16,
      "grn_number": "GRN-20260417094835921287",
      "purchase_order_id": 7,
      "purchase_order_number": "PO-20260403170001538542",
      "received_items_count": 1,
      "warehouse_id": 2,
      "warehouse_name": "Branch Warehouse",
      "source": "inventory_api"
    },
    "created_at": "2026-04-17T09:48:35.925Z"
  }
},
{
  "model": "accounts.auditlog",
  "pk": 289,
  "fields": {
    "actor": 5,
    "action": "terminal_updated",
    "target_type": "terminal",
    "target_id": "1",
    "description": "Updated terminal POS Terminal 1.",
    "metadata": {
      "terminal_id": "TERM-1775322922152-FH4GMO",
      "terminal_name": "POS Terminal 1",
      "preferred_print_mode": "browser",
      "auto_print": true
    },
    "created_at": "2026-04-17T09:55:38.677Z"
  }
},
{
  "model": "accounts.auditlog",
  "pk": 290,
  "fields": {
    "actor": 5,
    "action": "terminal_updated",
    "target_type": "terminal",
    "target_id": "1",
    "description": "Updated terminal POS Terminal 1.",
    "metadata": {
      "terminal_id": "TERM-1775322922152-FH4GMO",
      "terminal_name": "POS Terminal 1",
      "preferred_print_mode": "browser",
      "auto_print": true
    },
    "created_at": "2026-04-17T09:55:38.731Z"
  }
},
{
  "model": "accounts.auditlog",
  "pk": 291,
  "fields": {
    "actor": 5,
    "action": "terminal_updated",
    "target_type": "terminal",
    "target_id": "1",
    "description": "Updated terminal POS Terminal 1.",
    "metadata": {
      "terminal_id": "TERM-1775322922152-FH4GMO",
      "terminal_name": "POS Terminal 1",
      "preferred_print_mode": "browser",
      "auto_print": true
    },
    "created_at": "2026-04-17T10:49:55.220Z"
  }
},
{
  "model": "accounts.auditlog",
  "pk": 292,
  "fields": {
    "actor": 5,
    "action": "terminal_updated",
    "target_type": "terminal",
    "target_id": "1",
    "description": "Updated terminal POS Terminal 1.",
    "metadata": {
      "terminal_id": "TERM-1775322922152-FH4GMO",
      "terminal_name": "POS Terminal 1",
      "preferred_print_mode": "browser",
      "auto_print": true
    },
    "created_at": "2026-04-17T10:49:55.274Z"
  }
},
{
  "model": "accounts.auditlog",
  "pk": 293,
  "fields": {
    "actor": 5,
    "action": "purchase_order_created",
    "target_type": "purchase_order",
    "target_id": "8",
    "description": "Created purchase order PO-20260417105412653696.",
    "metadata": {
      "purchase_order_id": 8,
      "po_number": "PO-20260417105412653696",
      "supplier_id": 4,
      "supplier_name": "Amato wholesalers",
      "warehouse_id": 1,
      "warehouse_name": "Main Warehouse",
      "items_count": 1,
      "source": "inventory_api"
    },
    "created_at": "2026-04-17T10:54:12.656Z"
  }
},
{
  "model": "accounts.auditlog",
  "pk": 294,
  "fields": {
    "actor": 5,
    "action": "grn_created",
    "target_type": "goods_received_note",
    "target_id": "17",
    "description": "Received goods for purchase order PO-20260417105412653696 under GRN-20260417105441940747.",
    "metadata": {
      "grn_id": 17,
      "grn_number": "GRN-20260417105441940747",
      "purchase_order_id": 8,
      "purchase_order_number": "PO-20260417105412653696",
      "received_items_count": 1,
      "warehouse_id": 1,
      "warehouse_name": "Main Warehouse",
      "source": "inventory_api"
    },
    "created_at": "2026-04-17T10:54:41.945Z"
  }
},
{
  "model": "accounts.auditlog",
  "pk": 295,
  "fields": {
    "actor": 5,
    "action": "grn_created",
    "target_type": "goods_received_note",
    "target_id": "18",
    "description": "Received goods for purchase order PO-20260417105412653696 under GRN-20260417105516428744.",
    "metadata": {
      "grn_id": 18,
      "grn_number": "GRN-20260417105516428744",
      "purchase_order_id": 8,
      "purchase_order_number": "PO-20260417105412653696",
      "received_items_count": 1,
      "warehouse_id": 1,
      "warehouse_name": "Main Warehouse",
      "source": "inventory_api"
    },
    "created_at": "2026-04-17T10:55:16.432Z"
  }
},
{
  "model": "accounts.auditlog",
  "pk": 296,
  "fields": {
    "actor": 5,
    "action": "purchase_order_created",
    "target_type": "purchase_order",
    "target_id": "9",
    "description": "Created purchase order PO-20260417113422325943.",
    "metadata": {
      "purchase_order_id": 9,
      "po_number": "PO-20260417113422325943",
      "supplier_id": 2,
      "supplier_name": "Mohammed wholesalers",
      "warehouse_id": 2,
      "warehouse_name": "Branch Warehouse",
      "items_count": 1,
      "source": "inventory_api"
    },
    "created_at": "2026-04-17T11:34:22.328Z"
  }
},
{
  "model": "accounts.auditlog",
  "pk": 297,
  "fields": {
    "actor": 5,
    "action": "terminal_updated",
    "target_type": "terminal",
    "target_id": "1",
    "description": "Updated terminal POS Terminal 1.",
    "metadata": {
      "terminal_id": "TERM-1775322922152-FH4GMO",
      "terminal_name": "POS Terminal 1",
      "preferred_print_mode": "browser",
      "auto_print": true
    },
    "created_at": "2026-04-17T11:58:53.634Z"
  }
},
{
  "model": "accounts.auditlog",
  "pk": 298,
  "fields": {
    "actor": 5,
    "action": "terminal_updated",
    "target_type": "terminal",
    "target_id": "1",
    "description": "Updated terminal POS Terminal 1.",
    "metadata": {
      "terminal_id": "TERM-1775322922152-FH4GMO",
      "terminal_name": "POS Terminal 1",
      "preferred_print_mode": "browser",
      "auto_print": true
    },
    "created_at": "2026-04-17T11:58:53.651Z"
  }
},
{
  "model": "accounts.auditlog",
  "pk": 299,
  "fields": {
    "actor": 5,
    "action": "sale_created",
    "target_type": "sale",
    "target_id": "72",
    "description": "Created sale SALE-20260417125923181155.",
    "metadata": {
      "sale_id": 72,
      "receipt_number": "SALE-20260417125923181155",
      "warehouse_id": 2,
      "warehouse_name": "Branch Warehouse",
      "payment_method": "cash",
      "subtotal": "40.80",
      "tax_total": "6.12",
      "grand_total": "46.92",
      "terminal_id": "TERM-1775322922152-FH4GMO",
      "terminal_name": "POS Terminal 1",
      "shift_id": 23,
      "items_count": 2,
      "source": "pos_checkout"
    },
    "created_at": "2026-04-17T11:59:23.187Z"
  }
},
{
  "model": "accounts.auditlog",
  "pk": 300,
  "fields": {
    "actor": 5,
    "action": "terminal_updated",
    "target_type": "terminal",
    "target_id": "1",
    "description": "Updated terminal POS Terminal 1.",
    "metadata": {
      "terminal_id": "TERM-1775322922152-FH4GMO",
      "terminal_name": "POS Terminal 1",
      "preferred_print_mode": "browser",
      "auto_print": true
    },
    "created_at": "2026-04-17T12:00:01.680Z"
  }
},
{
  "model": "accounts.auditlog",
  "pk": 301,
  "fields": {
    "actor": 5,
    "action": "terminal_updated",
    "target_type": "terminal",
    "target_id": "1",
    "description": "Updated terminal POS Terminal 1.",
    "metadata": {
      "terminal_id": "TERM-1775322922152-FH4GMO",
      "terminal_name": "POS Terminal 1",
      "preferred_print_mode": "browser",
      "auto_print": true
    },
    "created_at": "2026-04-17T12:00:01.712Z"
  }
},
{
  "model": "accounts.auditlog",
  "pk": 302,
  "fields": {
    "actor": 5,
    "action": "sale_created",
    "target_type": "sale",
    "target_id": "73",
    "description": "Created sale SALE-20260417130015517442.",
    "metadata": {
      "sale_id": 73,
      "receipt_number": "SALE-20260417130015517442",
      "warehouse_id": 2,
      "warehouse_name": "Branch Warehouse",
      "payment_method": "cash",
      "subtotal": "4.80",
      "tax_total": "0.72",
      "grand_total": "5.52",
      "terminal_id": "TERM-1775322922152-FH4GMO",
      "terminal_name": "POS Terminal 1",
      "shift_id": 24,
      "items_count": 1,
      "source": "pos_checkout"
    },
    "created_at": "2026-04-17T12:00:15.522Z"
  }
},
{
  "model": "accounts.auditlog",
  "pk": 303,
  "fields": {
    "actor": 5,
    "action": "terminal_updated",
    "target_type": "terminal",
    "target_id": "1",
    "description": "Updated terminal POS Terminal 1.",
    "metadata": {
      "terminal_id": "TERM-1775322922152-FH4GMO",
      "terminal_name": "POS Terminal 1",
      "preferred_print_mode": "browser",
      "auto_print": true
    },
    "created_at": "2026-04-20T11:44:44.488Z"
  }
},
{
  "model": "accounts.auditlog",
  "pk": 304,
  "fields": {
    "actor": 5,
    "action": "terminal_updated",
    "target_type": "terminal",
    "target_id": "1",
    "description": "Updated terminal POS Terminal 1.",
    "metadata": {
      "terminal_id": "TERM-1775322922152-FH4GMO",
      "terminal_name": "POS Terminal 1",
      "preferred_print_mode": "browser",
      "auto_print": true
    },
    "created_at": "2026-04-20T11:44:44.519Z"
  }
},
{
  "model": "accounts.auditlog",
  "pk": 305,
  "fields": {
    "actor": 5,
    "action": "purchase_order_created",
    "target_type": "purchase_order",
    "target_id": "10",
    "description": "Created purchase order PO-20260420234914682882.",
    "metadata": {
      "purchase_order_id": 10,
      "po_number": "PO-20260420234914682882",
      "supplier_id": 3,
      "supplier_name": "Olivine industries",
      "warehouse_id": 1,
      "warehouse_name": "Main Warehouse",
      "items_count": 1,
      "source": "inventory_api"
    },
    "created_at": "2026-04-20T23:49:14.685Z"
  }
},
{
  "model": "accounts.auditlog",
  "pk": 306,
  "fields": {
    "actor": 5,
    "action": "grn_created",
    "target_type": "goods_received_note",
    "target_id": "19",
    "description": "Received goods for purchase order PO-20260420234914682882 under GRN-20260420235014678782.",
    "metadata": {
      "grn_id": 19,
      "grn_number": "GRN-20260420235014678782",
      "purchase_order_id": 10,
      "purchase_order_number": "PO-20260420234914682882",
      "received_items_count": 1,
      "warehouse_id": 1,
      "warehouse_name": "Main Warehouse",
      "source": "inventory_api"
    },
    "created_at": "2026-04-20T23:50:14.684Z"
  }
},
{
  "model": "accounts.auditlog",
  "pk": 307,
  "fields": {
    "actor": 5,
    "action": "grn_created",
    "target_type": "goods_received_note",
    "target_id": "20",
    "description": "Received goods for purchase order PO-20260417113422325943 under GRN-20260420235321764105.",
    "metadata": {
      "grn_id": 20,
      "grn_number": "GRN-20260420235321764105",
      "purchase_order_id": 9,
      "purchase_order_number": "PO-20260417113422325943",
      "received_items_count": 1,
      "warehouse_id": 2,
      "warehouse_name": "Branch Warehouse",
      "source": "inventory_api"
    },
    "created_at": "2026-04-20T23:53:21.769Z"
  }
},
{
  "model": "accounts.auditlog",
  "pk": 308,
  "fields": {
    "actor": 5,
    "action": "terminal_updated",
    "target_type": "terminal",
    "target_id": "1",
    "description": "Updated terminal POS Terminal 1.",
    "metadata": {
      "terminal_id": "TERM-1775322922152-FH4GMO",
      "terminal_name": "POS Terminal 1",
      "preferred_print_mode": "browser",
      "auto_print": true
    },
    "created_at": "2026-04-21T15:01:28.173Z"
  }
},
{
  "model": "accounts.auditlog",
  "pk": 309,
  "fields": {
    "actor": 5,
    "action": "terminal_updated",
    "target_type": "terminal",
    "target_id": "1",
    "description": "Updated terminal POS Terminal 1.",
    "metadata": {
      "terminal_id": "TERM-1775322922152-FH4GMO",
      "terminal_name": "POS Terminal 1",
      "preferred_print_mode": "browser",
      "auto_print": true
    },
    "created_at": "2026-04-21T15:01:28.206Z"
  }
},
{
  "model": "accounts.auditlog",
  "pk": 310,
  "fields": {
    "actor": 5,
    "action": "terminal_updated",
    "target_type": "terminal",
    "target_id": "1",
    "description": "Updated terminal POS Terminal 1.",
    "metadata": {
      "terminal_id": "TERM-1775322922152-FH4GMO",
      "terminal_name": "POS Terminal 1",
      "preferred_print_mode": "browser",
      "auto_print": true
    },
    "created_at": "2026-04-21T15:01:31.640Z"
  }
},
{
  "model": "accounts.auditlog",
  "pk": 311,
  "fields": {
    "actor": 5,
    "action": "terminal_updated",
    "target_type": "terminal",
    "target_id": "1",
    "description": "Updated terminal POS Terminal 1.",
    "metadata": {
      "terminal_id": "TERM-1775322922152-FH4GMO",
      "terminal_name": "POS Terminal 1",
      "preferred_print_mode": "browser",
      "auto_print": true
    },
    "created_at": "2026-04-21T15:01:31.659Z"
  }
},
{
  "model": "accounts.auditlog",
  "pk": 312,
  "fields": {
    "actor": 5,
    "action": "terminal_updated",
    "target_type": "terminal",
    "target_id": "1",
    "description": "Updated terminal POS Terminal 1.",
    "metadata": {
      "terminal_id": "TERM-1775322922152-FH4GMO",
      "terminal_name": "POS Terminal 1",
      "preferred_print_mode": "browser",
      "auto_print": true
    },
    "created_at": "2026-04-22T12:05:35.165Z"
  }
},
{
  "model": "accounts.auditlog",
  "pk": 313,
  "fields": {
    "actor": 5,
    "action": "terminal_updated",
    "target_type": "terminal",
    "target_id": "1",
    "description": "Updated terminal POS Terminal 1.",
    "metadata": {
      "terminal_id": "TERM-1775322922152-FH4GMO",
      "terminal_name": "POS Terminal 1",
      "preferred_print_mode": "browser",
      "auto_print": true
    },
    "created_at": "2026-04-22T12:05:35.187Z"
  }
},
{
  "model": "accounts.auditlog",
  "pk": 314,
  "fields": {
    "actor": 5,
    "action": "terminal_updated",
    "target_type": "terminal",
    "target_id": "1",
    "description": "Updated terminal POS Terminal 1.",
    "metadata": {
      "terminal_id": "TERM-1775322922152-FH4GMO",
      "terminal_name": "POS Terminal 1",
      "preferred_print_mode": "browser",
      "auto_print": true
    },
    "created_at": "2026-04-22T12:49:57.473Z"
  }
},
{
  "model": "accounts.auditlog",
  "pk": 315,
  "fields": {
    "actor": 5,
    "action": "terminal_updated",
    "target_type": "terminal",
    "target_id": "1",
    "description": "Updated terminal POS Terminal 1.",
    "metadata": {
      "terminal_id": "TERM-1775322922152-FH4GMO",
      "terminal_name": "POS Terminal 1",
      "preferred_print_mode": "browser",
      "auto_print": true
    },
    "created_at": "2026-04-22T12:49:57.498Z"
  }
},
{
  "model": "accounts.auditlog",
  "pk": 316,
  "fields": {
    "actor": 5,
    "action": "terminal_updated",
    "target_type": "terminal",
    "target_id": "1",
    "description": "Updated terminal POS Terminal 1.",
    "metadata": {
      "terminal_id": "TERM-1775322922152-FH4GMO",
      "terminal_name": "POS Terminal 1",
      "preferred_print_mode": "browser",
      "auto_print": true
    },
    "created_at": "2026-04-22T13:50:40.043Z"
  }
},
{
  "model": "accounts.auditlog",
  "pk": 317,
  "fields": {
    "actor": 5,
    "action": "terminal_updated",
    "target_type": "terminal",
    "target_id": "1",
    "description": "Updated terminal POS Terminal 1.",
    "metadata": {
      "terminal_id": "TERM-1775322922152-FH4GMO",
      "terminal_name": "POS Terminal 1",
      "preferred_print_mode": "browser",
      "auto_print": true
    },
    "created_at": "2026-04-22T13:50:40.068Z"
  }
},
{
  "model": "accounts.auditlog",
  "pk": 318,
  "fields": {
    "actor": 5,
    "action": "terminal_updated",
    "target_type": "terminal",
    "target_id": "1",
    "description": "Updated terminal POS Terminal 1.",
    "metadata": {
      "terminal_id": "TERM-1775322922152-FH4GMO",
      "terminal_name": "POS Terminal 1",
      "preferred_print_mode": "browser",
      "auto_print": true
    },
    "created_at": "2026-04-22T13:50:52.484Z"
  }
},
{
  "model": "accounts.auditlog",
  "pk": 319,
  "fields": {
    "actor": 5,
    "action": "terminal_updated",
    "target_type": "terminal",
    "target_id": "1",
    "description": "Updated terminal POS Terminal 1.",
    "metadata": {
      "terminal_id": "TERM-1775322922152-FH4GMO",
      "terminal_name": "POS Terminal 1",
      "preferred_print_mode": "browser",
      "auto_print": true
    },
    "created_at": "2026-04-22T13:50:52.500Z"
  }
},
{
  "model": "accounts.auditlog",
  "pk": 320,
  "fields": {
    "actor": 5,
    "action": "terminal_updated",
    "target_type": "terminal",
    "target_id": "1",
    "description": "Updated terminal POS Terminal 1.",
    "metadata": {
      "terminal_id": "TERM-1775322922152-FH4GMO",
      "terminal_name": "POS Terminal 1",
      "preferred_print_mode": "browser",
      "auto_print": true
    },
    "created_at": "2026-04-22T14:17:46.620Z"
  }
},
{
  "model": "accounts.auditlog",
  "pk": 321,
  "fields": {
    "actor": 5,
    "action": "terminal_updated",
    "target_type": "terminal",
    "target_id": "1",
    "description": "Updated terminal POS Terminal 1.",
    "metadata": {
      "terminal_id": "TERM-1775322922152-FH4GMO",
      "terminal_name": "POS Terminal 1",
      "preferred_print_mode": "browser",
      "auto_print": true
    },
    "created_at": "2026-04-22T14:17:46.647Z"
  }
},
{
  "model": "accounts.auditlog",
  "pk": 322,
  "fields": {
    "actor": 5,
    "action": "terminal_updated",
    "target_type": "terminal",
    "target_id": "1",
    "description": "Updated terminal POS Terminal 1.",
    "metadata": {
      "terminal_id": "TERM-1775322922152-FH4GMO",
      "terminal_name": "POS Terminal 1",
      "preferred_print_mode": "browser",
      "auto_print": true
    },
    "created_at": "2026-04-22T14:54:31.578Z"
  }
},
{
  "model": "accounts.auditlog",
  "pk": 323,
  "fields": {
    "actor": 5,
    "action": "terminal_updated",
    "target_type": "terminal",
    "target_id": "1",
    "description": "Updated terminal POS Terminal 1.",
    "metadata": {
      "terminal_id": "TERM-1775322922152-FH4GMO",
      "terminal_name": "POS Terminal 1",
      "preferred_print_mode": "browser",
      "auto_print": true
    },
    "created_at": "2026-04-22T14:54:31.609Z"
  }
},
{
  "model": "accounts.auditlog",
  "pk": 324,
  "fields": {
    "actor": 5,
    "action": "terminal_updated",
    "target_type": "terminal",
    "target_id": "1",
    "description": "Updated terminal POS Terminal 1.",
    "metadata": {
      "terminal_id": "TERM-1775322922152-FH4GMO",
      "terminal_name": "POS Terminal 1",
      "preferred_print_mode": "browser",
      "auto_print": true
    },
    "created_at": "2026-04-22T16:13:22.382Z"
  }
},
{
  "model": "accounts.auditlog",
  "pk": 325,
  "fields": {
    "actor": 5,
    "action": "terminal_updated",
    "target_type": "terminal",
    "target_id": "1",
    "description": "Updated terminal POS Terminal 1.",
    "metadata": {
      "terminal_id": "TERM-1775322922152-FH4GMO",
      "terminal_name": "POS Terminal 1",
      "preferred_print_mode": "browser",
      "auto_print": true
    },
    "created_at": "2026-04-22T16:13:22.399Z"
  }
},
{
  "model": "accounts.auditlog",
  "pk": 326,
  "fields": {
    "actor": 5,
    "action": "terminal_updated",
    "target_type": "terminal",
    "target_id": "1",
    "description": "Updated terminal POS Terminal 1.",
    "metadata": {
      "terminal_id": "TERM-1775322922152-FH4GMO",
      "terminal_name": "POS Terminal 1",
      "preferred_print_mode": "browser",
      "auto_print": true
    },
    "created_at": "2026-04-23T12:03:02.455Z"
  }
},
{
  "model": "accounts.auditlog",
  "pk": 327,
  "fields": {
    "actor": 5,
    "action": "terminal_updated",
    "target_type": "terminal",
    "target_id": "1",
    "description": "Updated terminal POS Terminal 1.",
    "metadata": {
      "terminal_id": "TERM-1775322922152-FH4GMO",
      "terminal_name": "POS Terminal 1",
      "preferred_print_mode": "browser",
      "auto_print": true
    },
    "created_at": "2026-04-23T12:03:02.482Z"
  }
},
{
  "model": "accounts.auditlog",
  "pk": 328,
  "fields": {
    "actor": 5,
    "action": "login",
    "target_type": "user",
    "target_id": "5",
    "description": "admin2 logged in",
    "metadata": {
      "username": "admin2"
    },
    "created_at": "2026-04-23T12:07:32.470Z"
  }
},
{
  "model": "accounts.auditlog",
  "pk": 329,
  "fields": {
    "actor": 5,
    "action": "login",
    "target_type": "user",
    "target_id": "5",
    "description": "admin2 logged in",
    "metadata": {
      "username": "admin2"
    },
    "created_at": "2026-04-23T12:19:29.896Z"
  }
},
{
  "model": "accounts.auditlog",
  "pk": 330,
  "fields": {
    "actor": 5,
    "action": "terminal_registered",
    "target_type": "terminal",
    "target_id": "TERM-1775322922152-FH4GMO",
    "description": "Registered terminal POS Terminal 1.",
    "metadata": {
      "terminal_id": "TERM-1775322922152-FH4GMO",
      "terminal_name": "POS Terminal 1",
      "source": "accounts_shift_api"
    },
    "created_at": "2026-04-23T12:21:00.786Z"
  }
},
{
  "model": "accounts.auditlog",
  "pk": 331,
  "fields": {
    "actor": 5,
    "action": "terminal_registered",
    "target_type": "terminal",
    "target_id": "TERM-1775322922152-FH4GMO",
    "description": "Registered terminal POS Terminal 1.",
    "metadata": {
      "terminal_id": "TERM-1775322922152-FH4GMO",
      "terminal_name": "POS Terminal 1",
      "source": "accounts_shift_api"
    },
    "created_at": "2026-04-23T12:21:00.791Z"
  }
},
{
  "model": "accounts.auditlog",
  "pk": 332,
  "fields": {
    "actor": 5,
    "action": "login",
    "target_type": "user",
    "target_id": "5",
    "description": "admin2 logged in",
    "metadata": {
      "username": "admin2"
    },
    "created_at": "2026-04-29T13:57:07.938Z"
  }
},
{
  "model": "accounts.auditlog",
  "pk": 333,
  "fields": {
    "actor": 5,
    "action": "login",
    "target_type": "user",
    "target_id": "5",
    "description": "admin2 logged in",
    "metadata": {
      "username": "admin2"
    },
    "created_at": "2026-05-01T01:21:41.143Z"
  }
},
{
  "model": "accounts.auditlog",
  "pk": 334,
  "fields": {
    "actor": 5,
    "action": "terminal_registered",
    "target_type": "terminal",
    "target_id": "TERM-1777598582875-IUPAXI",
    "description": "Registered terminal POS Terminal 1.",
    "metadata": {
      "terminal_id": "TERM-1777598582875-IUPAXI",
      "terminal_name": "POS Terminal 1",
      "source": "accounts_shift_api"
    },
    "created_at": "2026-05-01T01:23:02.902Z"
  }
},
{
  "model": "accounts.auditlog",
  "pk": 335,
  "fields": {
    "actor": 5,
    "action": "terminal_registered",
    "target_type": "terminal",
    "target_id": "TERM-1777598582875-IUPAXI",
    "description": "Registered terminal POS Terminal 1.",
    "metadata": {
      "terminal_id": "TERM-1777598582875-IUPAXI",
      "terminal_name": "POS Terminal 1",
      "source": "accounts_shift_api"
    },
    "created_at": "2026-05-01T01:23:02.906Z"
  }
},
{
  "model": "accounts.auditlog",
  "pk": 336,
  "fields": {
    "actor": 5,
    "action": "terminal_registered",
    "target_type": "terminal",
    "target_id": "TERM-1777598582875-IUPAXI",
    "description": "Registered terminal POS Terminal 1.",
    "metadata": {
      "terminal_id": "TERM-1777598582875-IUPAXI",
      "terminal_name": "POS Terminal 1",
      "source": "accounts_shift_api"
    },
    "created_at": "2026-05-01T01:24:10.313Z"
  }
},
{
  "model": "accounts.auditlog",
  "pk": 337,
  "fields": {
    "actor": 5,
    "action": "terminal_registered",
    "target_type": "terminal",
    "target_id": "TERM-1777598582875-IUPAXI",
    "description": "Registered terminal POS Terminal 1.",
    "metadata": {
      "terminal_id": "TERM-1777598582875-IUPAXI",
      "terminal_name": "POS Terminal 1",
      "source": "accounts_shift_api"
    },
    "created_at": "2026-05-01T01:24:10.317Z"
  }
},
{
  "model": "accounts.auditlog",
  "pk": 338,
  "fields": {
    "actor": 5,
    "action": "login",
    "target_type": "user",
    "target_id": "5",
    "description": "admin2 logged in",
    "metadata": {
      "username": "admin2"
    },
    "created_at": "2026-05-01T01:32:24.338Z"
  }
},
{
  "model": "accounts.auditlog",
  "pk": 339,
  "fields": {
    "actor": 5,
    "action": "terminal_registered",
    "target_type": "terminal",
    "target_id": "TERM-1777598582875-IUPAXI",
    "description": "Registered terminal POS Terminal 1.",
    "metadata": {
      "terminal_id": "TERM-1777598582875-IUPAXI",
      "terminal_name": "POS Terminal 1",
      "source": "accounts_shift_api"
    },
    "created_at": "2026-05-01T01:32:47.244Z"
  }
},
{
  "model": "accounts.auditlog",
  "pk": 340,
  "fields": {
    "actor": 5,
    "action": "terminal_registered",
    "target_type": "terminal",
    "target_id": "TERM-1777598582875-IUPAXI",
    "description": "Registered terminal POS Terminal 1.",
    "metadata": {
      "terminal_id": "TERM-1777598582875-IUPAXI",
      "terminal_name": "POS Terminal 1",
      "source": "accounts_shift_api"
    },
    "created_at": "2026-05-01T01:32:47.278Z"
  }
},
{
  "model": "accounts.auditlog",
  "pk": 341,
  "fields": {
    "actor": 5,
    "action": "login",
    "target_type": "user",
    "target_id": "5",
    "description": "admin2 logged in",
    "metadata": {
      "username": "admin2"
    },
    "created_at": "2026-05-02T23:40:05.814Z"
  }
},
{
  "model": "accounts.auditlog",
  "pk": 342,
  "fields": {
    "actor": 5,
    "action": "shift_started",
    "target_type": "shift",
    "target_id": "1777765288",
    "description": "Started shift 1777765288.",
    "metadata": {
      "shift_id": 1777765288,
      "opened_at": "2026-05-02T23:41:28.525567+00:00",
      "opening_float": "150",
      "notes": "",
      "source": "accounts_shift_api"
    },
    "created_at": "2026-05-02T23:41:28.525Z"
  }
},
{
  "model": "accounts.auditlog",
  "pk": 343,
  "fields": {
    "actor": 5,
    "action": "terminal_registered",
    "target_type": "terminal",
    "target_id": "TERM-1777598582875-IUPAXI",
    "description": "Registered terminal POS Terminal 1.",
    "metadata": {
      "terminal_id": "TERM-1777598582875-IUPAXI",
      "terminal_name": "POS Terminal 1",
      "source": "accounts_shift_api"
    },
    "created_at": "2026-05-02T23:41:32.174Z"
  }
},
{
  "model": "accounts.auditlog",
  "pk": 344,
  "fields": {
    "actor": 5,
    "action": "terminal_registered",
    "target_type": "terminal",
    "target_id": "TERM-1777598582875-IUPAXI",
    "description": "Registered terminal POS Terminal 1.",
    "metadata": {
      "terminal_id": "TERM-1777598582875-IUPAXI",
      "terminal_name": "POS Terminal 1",
      "source": "accounts_shift_api"
    },
    "created_at": "2026-05-02T23:41:32.177Z"
  }
},
{
  "model": "accounts.auditlog",
  "pk": 345,
  "fields": {
    "actor": 5,
    "action": "login",
    "target_type": "user",
    "target_id": "5",
    "description": "admin2 logged in",
    "metadata": {
      "username": "admin2"
    },
    "created_at": "2026-05-03T00:19:55.595Z"
  }
},
{
  "model": "accounts.auditlog",
  "pk": 346,
  "fields": {
    "actor": 5,
    "action": "purchase_order_created",
    "target_type": "purchase_order",
    "target_id": "11",
    "description": "Created purchase order PO-20260503002209919732.",
    "metadata": {
      "purchase_order_id": 11,
      "po_number": "PO-20260503002209919732",
      "supplier_id": 1,
      "supplier_name": "Jaggers wholesalers",
      "warehouse_id": 1,
      "warehouse_name": "Main Warehouse",
      "items_count": 8,
      "source": "inventory_api"
    },
    "created_at": "2026-05-03T00:22:09.927Z"
  }
},
{
  "model": "accounts.auditlog",
  "pk": 347,
  "fields": {
    "actor": 5,
    "action": "login",
    "target_type": "user",
    "target_id": "5",
    "description": "admin2 logged in",
    "metadata": {
      "username": "admin2"
    },
    "created_at": "2026-05-10T10:16:27.308Z"
  }
},
{
  "model": "accounts.auditlog",
  "pk": 348,
  "fields": {
    "actor": 5,
    "action": "terminal_registered",
    "target_type": "terminal",
    "target_id": "TERM-1777598582875-IUPAXI",
    "description": "Registered terminal POS Terminal 1.",
    "metadata": {
      "terminal_id": "TERM-1777598582875-IUPAXI",
      "terminal_name": "POS Terminal 1",
      "source": "accounts_shift_api"
    },
    "created_at": "2026-05-10T10:16:54.400Z"
  }
},
{
  "model": "accounts.auditlog",
  "pk": 349,
  "fields": {
    "actor": 5,
    "action": "terminal_registered",
    "target_type": "terminal",
    "target_id": "TERM-1777598582875-IUPAXI",
    "description": "Registered terminal POS Terminal 1.",
    "metadata": {
      "terminal_id": "TERM-1777598582875-IUPAXI",
      "terminal_name": "POS Terminal 1",
      "source": "accounts_shift_api"
    },
    "created_at": "2026-05-10T10:16:54.399Z"
  }
},
{
  "model": "accounts.auditlog",
  "pk": 350,
  "fields": {
    "actor": 5,
    "action": "login",
    "target_type": "user",
    "target_id": "5",
    "description": "admin2 logged in",
    "metadata": {
      "username": "admin2"
    },
    "created_at": "2026-05-10T10:22:54.104Z"
  }
},
{
  "model": "accounts.auditlog",
  "pk": 351,
  "fields": {
    "actor": 5,
    "action": "login",
    "target_type": "user",
    "target_id": "5",
    "description": "admin2 logged in",
    "metadata": {
      "username": "admin2"
    },
    "created_at": "2026-05-10T10:33:37.068Z"
  }
},
{
  "model": "accounts.auditlog",
  "pk": 352,
  "fields": {
    "actor": 5,
    "action": "grn_created",
    "target_type": "goods_received_note",
    "target_id": "21",
    "description": "Received goods for purchase order PO-20260503002209919732 under GRN-20260510103408916994.",
    "metadata": {
      "grn_id": 21,
      "grn_number": "GRN-20260510103408916994",
      "purchase_order_id": 11,
      "purchase_order_number": "PO-20260503002209919732",
      "received_items_count": 3,
      "warehouse_id": 1,
      "warehouse_name": "Main Warehouse",
      "source": "inventory_api"
    },
    "created_at": "2026-05-10T10:34:08.941Z"
  }
},
{
  "model": "accounts.auditlog",
  "pk": 353,
  "fields": {
    "actor": 5,
    "action": "grn_created",
    "target_type": "goods_received_note",
    "target_id": "22",
    "description": "Received goods for purchase order PO-20260503002209919732 under GRN-20260510103546693680.",
    "metadata": {
      "grn_id": 22,
      "grn_number": "GRN-20260510103546693680",
      "purchase_order_id": 11,
      "purchase_order_number": "PO-20260503002209919732",
      "received_items_count": 5,
      "warehouse_id": 1,
      "warehouse_name": "Main Warehouse",
      "source": "inventory_api"
    },
    "created_at": "2026-05-10T10:35:46.712Z"
  }
},
{
  "model": "accounts.auditlog",
  "pk": 354,
  "fields": {
    "actor": 5,
    "action": "grn_created",
    "target_type": "goods_received_note",
    "target_id": "23",
    "description": "Received goods for purchase order PO-20260503002209919732 under GRN-20260510103826227155.",
    "metadata": {
      "grn_id": 23,
      "grn_number": "GRN-20260510103826227155",
      "purchase_order_id": 11,
      "purchase_order_number": "PO-20260503002209919732",
      "received_items_count": 2,
      "warehouse_id": 1,
      "warehouse_name": "Main Warehouse",
      "source": "inventory_api"
    },
    "created_at": "2026-05-10T10:38:26.235Z"
  }
},
{
  "model": "accounts.auditlog",
  "pk": 355,
  "fields": {
    "actor": 5,
    "action": "login",
    "target_type": "user",
    "target_id": "5",
    "description": "admin2 logged in",
    "metadata": {
      "username": "admin2"
    },
    "created_at": "2026-05-10T10:38:42.776Z"
  }
},
{
  "model": "accounts.auditlog",
  "pk": 356,
  "fields": {
    "actor": 5,
    "action": "stock_transfer_created",
    "target_type": "stock_transfer",
    "target_id": "13",
    "description": "Transferred 50 of Coffee beans from Main Warehouse to Branch Warehouse.",
    "metadata": {
      "stock_transfer_id": 13,
      "product_id": 9,
      "product_name": "Coffee beans",
      "from_warehouse_id": 1,
      "from_warehouse_name": "Main Warehouse",
      "to_warehouse_id": 2,
      "to_warehouse_name": "Branch Warehouse",
      "quantity": 50,
      "source": "inventory_api"
    },
    "created_at": "2026-05-10T10:39:17.532Z"
  }
},
{
  "model": "accounts.auditlog",
  "pk": 357,
  "fields": {
    "actor": 5,
    "action": "stock_transfer_created",
    "target_type": "stock_transfer",
    "target_id": "14",
    "description": "Transferred 50 of Cooking Oil 2L from Main Warehouse to Branch Warehouse.",
    "metadata": {
      "stock_transfer_id": 14,
      "product_id": 2,
      "product_name": "Cooking Oil 2L",
      "from_warehouse_id": 1,
      "from_warehouse_name": "Main Warehouse",
      "to_warehouse_id": 2,
      "to_warehouse_name": "Branch Warehouse",
      "quantity": 50,
      "source": "inventory_api"
    },
    "created_at": "2026-05-10T10:39:28.122Z"
  }
},
{
  "model": "accounts.auditlog",
  "pk": 358,
  "fields": {
    "actor": 5,
    "action": "stock_transfer_created",
    "target_type": "stock_transfer",
    "target_id": "15",
    "description": "Transferred 20 of Flour from Main Warehouse to Branch Warehouse.",
    "metadata": {
      "stock_transfer_id": 15,
      "product_id": 6,
      "product_name": "Flour",
      "from_warehouse_id": 1,
      "from_warehouse_name": "Main Warehouse",
      "to_warehouse_id": 2,
      "to_warehouse_name": "Branch Warehouse",
      "quantity": 20,
      "source": "inventory_api"
    },
    "created_at": "2026-05-10T10:39:38.075Z"
  }
},
{
  "model": "accounts.auditlog",
  "pk": 359,
  "fields": {
    "actor": 5,
    "action": "stock_transfer_created",
    "target_type": "stock_transfer",
    "target_id": "16",
    "description": "Transferred 30 of Liquid soap from Main Warehouse to Branch Warehouse.",
    "metadata": {
      "stock_transfer_id": 16,
      "product_id": 4,
      "product_name": "Liquid soap",
      "from_warehouse_id": 1,
      "from_warehouse_name": "Main Warehouse",
      "to_warehouse_id": 2,
      "to_warehouse_name": "Branch Warehouse",
      "quantity": 30,
      "source": "inventory_api"
    },
    "created_at": "2026-05-10T10:39:51.147Z"
  }
},
{
  "model": "accounts.auditlog",
  "pk": 360,
  "fields": {
    "actor": 5,
    "action": "stock_transfer_created",
    "target_type": "stock_transfer",
    "target_id": "17",
    "description": "Transferred 20 of Mixed fruits from Main Warehouse to Branch Warehouse.",
    "metadata": {
      "stock_transfer_id": 17,
      "product_id": 5,
      "product_name": "Mixed fruits",
      "from_warehouse_id": 1,
      "from_warehouse_name": "Main Warehouse",
      "to_warehouse_id": 2,
      "to_warehouse_name": "Branch Warehouse",
      "quantity": 20,
      "source": "inventory_api"
    },
    "created_at": "2026-05-10T10:40:02.482Z"
  }
},
{
  "model": "accounts.auditlog",
  "pk": 361,
  "fields": {
    "actor": 5,
    "action": "stock_transfer_created",
    "target_type": "stock_transfer",
    "target_id": "18",
    "description": "Transferred 35 of Orange juice from Main Warehouse to Branch Warehouse.",
    "metadata": {
      "stock_transfer_id": 18,
      "product_id": 8,
      "product_name": "Orange juice",
      "from_warehouse_id": 1,
      "from_warehouse_name": "Main Warehouse",
      "to_warehouse_id": 2,
      "to_warehouse_name": "Branch Warehouse",
      "quantity": 35,
      "source": "inventory_api"
    },
    "created_at": "2026-05-10T10:40:14.739Z"
  }
},
{
  "model": "accounts.auditlog",
  "pk": 362,
  "fields": {
    "actor": 5,
    "action": "stock_transfer_created",
    "target_type": "stock_transfer",
    "target_id": "19",
    "description": "Transferred 25 of Rice 10kg from Main Warehouse to Branch Warehouse.",
    "metadata": {
      "stock_transfer_id": 19,
      "product_id": 1,
      "product_name": "Rice 10kg",
      "from_warehouse_id": 1,
      "from_warehouse_name": "Main Warehouse",
      "to_warehouse_id": 2,
      "to_warehouse_name": "Branch Warehouse",
      "quantity": 25,
      "source": "inventory_api"
    },
    "created_at": "2026-05-10T10:40:38.715Z"
  }
},
{
  "model": "accounts.auditlog",
  "pk": 363,
  "fields": {
    "actor": 5,
    "action": "stock_transfer_created",
    "target_type": "stock_transfer",
    "target_id": "20",
    "description": "Transferred 50 of Sugar from Main Warehouse to Branch Warehouse.",
    "metadata": {
      "stock_transfer_id": 20,
      "product_id": 7,
      "product_name": "Sugar",
      "from_warehouse_id": 1,
      "from_warehouse_name": "Main Warehouse",
      "to_warehouse_id": 2,
      "to_warehouse_name": "Branch Warehouse",
      "quantity": 50,
      "source": "inventory_api"
    },
    "created_at": "2026-05-10T10:40:50.026Z"
  }
},
{
  "model": "accounts.auditlog",
  "pk": 364,
  "fields": {
    "actor": 5,
    "action": "grn_created",
    "target_type": "goods_received_note",
    "target_id": "24",
    "description": "Received goods for purchase order PO-20260503002209919732 under GRN-20260510104148946076.",
    "metadata": {
      "grn_id": 24,
      "grn_number": "GRN-20260510104148946076",
      "purchase_order_id": 11,
      "purchase_order_number": "PO-20260503002209919732",
      "received_items_count": 1,
      "warehouse_id": 1,
      "warehouse_name": "Main Warehouse",
      "source": "inventory_api"
    },
    "created_at": "2026-05-10T10:41:48.951Z"
  }
},
{
  "model": "accounts.auditlog",
  "pk": 365,
  "fields": {
    "actor": 5,
    "action": "shift_started",
    "target_type": "shift",
    "target_id": "1778409750",
    "description": "Started shift 1778409750.",
    "metadata": {
      "shift_id": 1778409750,
      "opened_at": "2026-05-10T10:42:30.052505+00:00",
      "opening_float": "100",
      "notes": "",
      "source": "accounts_shift_api"
    },
    "created_at": "2026-05-10T10:42:30.052Z"
  }
},
{
  "model": "accounts.auditlog",
  "pk": 366,
  "fields": {
    "actor": 5,
    "action": "terminal_registered",
    "target_type": "terminal",
    "target_id": "TERM-1777598582875-IUPAXI",
    "description": "Registered terminal POS Terminal 1.",
    "metadata": {
      "terminal_id": "TERM-1777598582875-IUPAXI",
      "terminal_name": "POS Terminal 1",
      "source": "accounts_shift_api"
    },
    "created_at": "2026-05-10T10:42:36.093Z"
  }
},
{
  "model": "accounts.auditlog",
  "pk": 367,
  "fields": {
    "actor": 5,
    "action": "terminal_registered",
    "target_type": "terminal",
    "target_id": "TERM-1777598582875-IUPAXI",
    "description": "Registered terminal POS Terminal 1.",
    "metadata": {
      "terminal_id": "TERM-1777598582875-IUPAXI",
      "terminal_name": "POS Terminal 1",
      "source": "accounts_shift_api"
    },
    "created_at": "2026-05-10T10:42:36.134Z"
  }
},
{
  "model": "accounts.auditlog",
  "pk": 368,
  "fields": {
    "actor": 5,
    "action": "login",
    "target_type": "user",
    "target_id": "5",
    "description": "admin2 logged in",
    "metadata": {
      "username": "admin2"
    },
    "created_at": "2026-05-10T10:46:05.627Z"
  }
},
{
  "model": "accounts.auditlog",
  "pk": 369,
  "fields": {
    "actor": 5,
    "action": "terminal_registered",
    "target_type": "terminal",
    "target_id": "TERM-1777598582875-IUPAXI",
    "description": "Registered terminal POS Terminal 1.",
    "metadata": {
      "terminal_id": "TERM-1777598582875-IUPAXI",
      "terminal_name": "POS Terminal 1",
      "source": "accounts_shift_api"
    },
    "created_at": "2026-05-10T10:46:17.499Z"
  }
},
{
  "model": "accounts.auditlog",
  "pk": 370,
  "fields": {
    "actor": 5,
    "action": "terminal_registered",
    "target_type": "terminal",
    "target_id": "TERM-1777598582875-IUPAXI",
    "description": "Registered terminal POS Terminal 1.",
    "metadata": {
      "terminal_id": "TERM-1777598582875-IUPAXI",
      "terminal_name": "POS Terminal 1",
      "source": "accounts_shift_api"
    },
    "created_at": "2026-05-10T10:46:17.506Z"
  }
},
{
  "model": "accounts.auditlog",
  "pk": 371,
  "fields": {
    "actor": 5,
    "action": "sale_created",
    "target_type": "sale",
    "target_id": "74",
    "description": "Completed sale RCPT-20260510104641461936.",
    "metadata": {
      "sale_id": 74,
      "receipt_number": "RCPT-20260510104641461936",
      "warehouse_id": 1,
      "warehouse_name": "Main Warehouse",
      "payment_method": "cash",
      "total_amount": "10.12",
      "terminal_id": "TERM-1777598582875-IUPAXI",
      "terminal_name": "POS Terminal 1",
      "source": "sales_api"
    },
    "created_at": "2026-05-10T10:46:41.472Z"
  }
},
{
  "model": "accounts.auditlog",
  "pk": 372,
  "fields": {
    "actor": 5,
    "action": "sale_created",
    "target_type": "sale",
    "target_id": "75",
    "description": "Completed sale RCPT-20260510104819836626.",
    "metadata": {
      "sale_id": 75,
      "receipt_number": "RCPT-20260510104819836626",
      "warehouse_id": 2,
      "warehouse_name": "Branch Warehouse",
      "payment_method": "cash",
      "total_amount": "25.30",
      "terminal_id": "TERM-1777598582875-IUPAXI",
      "terminal_name": "POS Terminal 1",
      "source": "sales_api"
    },
    "created_at": "2026-05-10T10:48:19.846Z"
  }
},
{
  "model": "accounts.auditlog",
  "pk": 373,
  "fields": {
    "actor": 5,
    "action": "sale_created",
    "target_type": "sale",
    "target_id": "76",
    "description": "Completed sale RCPT-20260510104850365733.",
    "metadata": {
      "sale_id": 76,
      "receipt_number": "RCPT-20260510104850365733",
      "warehouse_id": 2,
      "warehouse_name": "Branch Warehouse",
      "payment_method": "cash",
      "total_amount": "27.14",
      "terminal_id": "TERM-1777598582875-IUPAXI",
      "terminal_name": "POS Terminal 1",
      "source": "sales_api"
    },
    "created_at": "2026-05-10T10:48:50.378Z"
  }
},
{
  "model": "accounts.auditlog",
  "pk": 374,
  "fields": {
    "actor": 5,
    "action": "login",
    "target_type": "user",
    "target_id": "5",
    "description": "admin2 logged in",
    "metadata": {
      "username": "admin2"
    },
    "created_at": "2026-05-10T12:43:39.763Z"
  }
},
{
  "model": "accounts.auditlog",
  "pk": 375,
  "fields": {
    "actor": 5,
    "action": "terminal_registered",
    "target_type": "terminal",
    "target_id": "TERM-1777598582875-IUPAXI",
    "description": "Registered terminal POS Terminal 1.",
    "metadata": {
      "terminal_id": "TERM-1777598582875-IUPAXI",
      "terminal_name": "POS Terminal 1",
      "source": "accounts_shift_api"
    },
    "created_at": "2026-05-10T12:44:03.548Z"
  }
},
{
  "model": "accounts.auditlog",
  "pk": 376,
  "fields": {
    "actor": 5,
    "action": "terminal_registered",
    "target_type": "terminal",
    "target_id": "TERM-1777598582875-IUPAXI",
    "description": "Registered terminal POS Terminal 1.",
    "metadata": {
      "terminal_id": "TERM-1777598582875-IUPAXI",
      "terminal_name": "POS Terminal 1",
      "source": "accounts_shift_api"
    },
    "created_at": "2026-05-10T12:44:03.552Z"
  }
},
{
  "model": "accounts.auditlog",
  "pk": 377,
  "fields": {
    "actor": 5,
    "action": "login",
    "target_type": "user",
    "target_id": "5",
    "description": "admin2 logged in",
    "metadata": {
      "username": "admin2"
    },
    "created_at": "2026-05-10T13:18:45.817Z"
  }
},
{
  "model": "accounts.auditlog",
  "pk": 378,
  "fields": {
    "actor": 5,
    "action": "login",
    "target_type": "user",
    "target_id": "5",
    "description": "admin2 logged in",
    "metadata": {
      "username": "admin2"
    },
    "created_at": "2026-05-10T13:24:04.919Z"
  }
},
{
  "model": "accounts.auditlog",
  "pk": 379,
  "fields": {
    "actor": 5,
    "action": "login",
    "target_type": "user",
    "target_id": "5",
    "description": "admin2 logged in",
    "metadata": {
      "username": "admin2"
    },
    "created_at": "2026-05-10T13:30:42.273Z"
  }
},
{
  "model": "accounts.auditlog",
  "pk": 380,
  "fields": {
    "actor": 5,
    "action": "login",
    "target_type": "user",
    "target_id": "5",
    "description": "admin2 logged in",
    "metadata": {
      "username": "admin2"
    },
    "created_at": "2026-05-10T13:41:19.031Z"
  }
},
{
  "model": "accounts.auditlog",
  "pk": 381,
  "fields": {
    "actor": 5,
    "action": "shift_started",
    "target_type": "shift",
    "target_id": "1778420745",
    "description": "Started shift 1778420745.",
    "metadata": {
      "shift_id": 1778420745,
      "opened_at": "2026-05-10T13:45:45.669806+00:00",
      "opening_float": "500",
      "notes": "",
      "source": "accounts_shift_api"
    },
    "created_at": "2026-05-10T13:45:45.670Z"
  }
},
{
  "model": "accounts.auditlog",
  "pk": 382,
  "fields": {
    "actor": 5,
    "action": "terminal_registered",
    "target_type": "terminal",
    "target_id": "TERM-1777598582875-IUPAXI",
    "description": "Registered terminal POS Terminal 1.",
    "metadata": {
      "terminal_id": "TERM-1777598582875-IUPAXI",
      "terminal_name": "POS Terminal 1",
      "source": "accounts_shift_api"
    },
    "created_at": "2026-05-10T13:45:48.058Z"
  }
},
{
  "model": "accounts.auditlog",
  "pk": 383,
  "fields": {
    "actor": 5,
    "action": "terminal_registered",
    "target_type": "terminal",
    "target_id": "TERM-1777598582875-IUPAXI",
    "description": "Registered terminal POS Terminal 1.",
    "metadata": {
      "terminal_id": "TERM-1777598582875-IUPAXI",
      "terminal_name": "POS Terminal 1",
      "source": "accounts_shift_api"
    },
    "created_at": "2026-05-10T13:45:48.062Z"
  }
},
{
  "model": "accounts.auditlog",
  "pk": 384,
  "fields": {
    "actor": 5,
    "action": "sale_created",
    "target_type": "sale",
    "target_id": "77",
    "description": "Completed sale RCPT-20260510134605162499.",
    "metadata": {
      "sale_id": 77,
      "receipt_number": "RCPT-20260510134605162499",
      "warehouse_id": 2,
      "warehouse_name": "Branch Warehouse",
      "payment_method": "cash",
      "total_amount": "44.64",
      "terminal_id": "TERM-1777598582875-IUPAXI",
      "terminal_name": "POS Terminal 1",
      "source": "sales_api"
    },
    "created_at": "2026-05-10T13:46:05.178Z"
  }
},
{
  "model": "accounts.auditlog",
  "pk": 385,
  "fields": {
    "actor": 5,
    "action": "login",
    "target_type": "user",
    "target_id": "5",
    "description": "admin2 logged in",
    "metadata": {
      "username": "admin2"
    },
    "created_at": "2026-05-10T13:46:28.768Z"
  }
},
{
  "model": "accounts.auditlog",
  "pk": 386,
  "fields": {
    "actor": 5,
    "action": "shift_ended",
    "target_type": "shift",
    "target_id": "1778420745",
    "description": "Ended shift 1778420745.",
    "metadata": {
      "shift_id": 1778420745,
      "opened_at": "2026-05-10T13:45:45.669806+00:00",
      "closed_at": "2026-05-10T13:46:43.977122+00:00",
      "opening_float": "500",
      "expected_cash": "500",
      "actual_cash": "150",
      "variance": "-350",
      "source": "accounts_shift_api"
    },
    "created_at": "2026-05-10T13:46:43.977Z"
  }
},
{
  "model": "accounts.auditlog",
  "pk": 387,
  "fields": {
    "actor": 5,
    "action": "login",
    "target_type": "user",
    "target_id": "5",
    "description": "admin2 logged in",
    "metadata": {
      "username": "admin2"
    },
    "created_at": "2026-05-10T13:52:28.194Z"
  }
},
{
  "model": "accounts.auditlog",
  "pk": 388,
  "fields": {
    "actor": 5,
    "action": "shift_started",
    "target_type": "shift",
    "target_id": "1778421160",
    "description": "Started shift 1778421160.",
    "metadata": {
      "shift_id": 1778421160,
      "opened_at": "2026-05-10T13:52:40.890828+00:00",
      "opening_float": "500",
      "notes": "",
      "source": "accounts_shift_api"
    },
    "created_at": "2026-05-10T13:52:40.891Z"
  }
},
{
  "model": "accounts.auditlog",
  "pk": 389,
  "fields": {
    "actor": 5,
    "action": "terminal_registered",
    "target_type": "terminal",
    "target_id": "TERM-1777598582875-IUPAXI",
    "description": "Registered terminal POS Terminal 1.",
    "metadata": {
      "terminal_id": "TERM-1777598582875-IUPAXI",
      "terminal_name": "POS Terminal 1",
      "source": "accounts_shift_api"
    },
    "created_at": "2026-05-10T13:52:46.028Z"
  }
},
{
  "model": "accounts.auditlog",
  "pk": 390,
  "fields": {
    "actor": 5,
    "action": "terminal_registered",
    "target_type": "terminal",
    "target_id": "TERM-1777598582875-IUPAXI",
    "description": "Registered terminal POS Terminal 1.",
    "metadata": {
      "terminal_id": "TERM-1777598582875-IUPAXI",
      "terminal_name": "POS Terminal 1",
      "source": "accounts_shift_api"
    },
    "created_at": "2026-05-10T13:52:46.063Z"
  }
},
{
  "model": "accounts.auditlog",
  "pk": 391,
  "fields": {
    "actor": 5,
    "action": "sale_created",
    "target_type": "sale",
    "target_id": "78",
    "description": "Completed sale RCPT-20260510135252974556.",
    "metadata": {
      "sale_id": 78,
      "receipt_number": "RCPT-20260510135252974556",
      "warehouse_id": 2,
      "warehouse_name": "Branch Warehouse",
      "payment_method": "cash",
      "total_amount": "28.75",
      "terminal_id": "TERM-1777598582875-IUPAXI",
      "terminal_name": "POS Terminal 1",
      "source": "sales_api"
    },
    "created_at": "2026-05-10T13:52:52.986Z"
  }
},
{
  "model": "accounts.auditlog",
  "pk": 392,
  "fields": {
    "actor": 5,
    "action": "shift_ended",
    "target_type": "shift",
    "target_id": "1778421160",
    "description": "Ended shift 1778421160.",
    "metadata": {
      "shift_id": 1778421160,
      "opened_at": "2026-05-10T13:52:40.890828+00:00",
      "closed_at": "2026-05-10T13:53:24.934278+00:00",
      "opening_float": "500",
      "expected_cash": "500",
      "actual_cash": "150",
      "variance": "-350",
      "source": "accounts_shift_api"
    },
    "created_at": "2026-05-10T13:53:24.934Z"
  }
},
{
  "model": "accounts.auditlog",
  "pk": 393,
  "fields": {
    "actor": 5,
    "action": "login",
    "target_type": "user",
    "target_id": "5",
    "description": "admin2 logged in",
    "metadata": {
      "username": "admin2"
    },
    "created_at": "2026-05-13T16:02:26.410Z"
  }
},
{
  "model": "accounts.auditlog",
  "pk": 394,
  "fields": {
    "actor": 5,
    "action": "terminal_registered",
    "target_type": "terminal",
    "target_id": "TERM-1777598582875-IUPAXI",
    "description": "Registered terminal POS Terminal 1.",
    "metadata": {
      "terminal_id": "TERM-1777598582875-IUPAXI",
      "terminal_name": "POS Terminal 1",
      "source": "accounts_shift_api"
    },
    "created_at": "2026-05-13T16:03:31.584Z"
  }
},
{
  "model": "accounts.auditlog",
  "pk": 395,
  "fields": {
    "actor": 5,
    "action": "terminal_registered",
    "target_type": "terminal",
    "target_id": "TERM-1777598582875-IUPAXI",
    "description": "Registered terminal POS Terminal 1.",
    "metadata": {
      "terminal_id": "TERM-1777598582875-IUPAXI",
      "terminal_name": "POS Terminal 1",
      "source": "accounts_shift_api"
    },
    "created_at": "2026-05-13T16:03:31.585Z"
  }
},
{
  "model": "accounts.auditlog",
  "pk": 396,
  "fields": {
    "actor": 5,
    "action": "login",
    "target_type": "user",
    "target_id": "5",
    "description": "admin2 logged in",
    "metadata": {
      "username": "admin2"
    },
    "created_at": "2026-05-13T16:07:30.574Z"
  }
},
{
  "model": "accounts.auditlog",
  "pk": 397,
  "fields": {
    "actor": 5,
    "action": "shift_started",
    "target_type": "shift",
    "target_id": "1778688655",
    "description": "Started shift 1778688655.",
    "metadata": {
      "shift_id": 1778688655,
      "opened_at": "2026-05-13T16:10:55.094960+00:00",
      "opening_float": "500",
      "notes": "",
      "source": "accounts_shift_api"
    },
    "created_at": "2026-05-13T16:10:55.095Z"
  }
},
{
  "model": "accounts.auditlog",
  "pk": 398,
  "fields": {
    "actor": 5,
    "action": "terminal_registered",
    "target_type": "terminal",
    "target_id": "TERM-1777598582875-IUPAXI",
    "description": "Registered terminal POS Terminal 1.",
    "metadata": {
      "terminal_id": "TERM-1777598582875-IUPAXI",
      "terminal_name": "POS Terminal 1",
      "source": "accounts_shift_api"
    },
    "created_at": "2026-05-13T16:10:58.757Z"
  }
},
{
  "model": "accounts.auditlog",
  "pk": 399,
  "fields": {
    "actor": 5,
    "action": "terminal_registered",
    "target_type": "terminal",
    "target_id": "TERM-1777598582875-IUPAXI",
    "description": "Registered terminal POS Terminal 1.",
    "metadata": {
      "terminal_id": "TERM-1777598582875-IUPAXI",
      "terminal_name": "POS Terminal 1",
      "source": "accounts_shift_api"
    },
    "created_at": "2026-05-13T16:10:58.760Z"
  }
},
{
  "model": "accounts.auditlog",
  "pk": 400,
  "fields": {
    "actor": 5,
    "action": "sale_created",
    "target_type": "sale",
    "target_id": "79",
    "description": "Completed sale RCPT-20260513161114986960.",
    "metadata": {
      "sale_id": 79,
      "receipt_number": "RCPT-20260513161114986960",
      "warehouse_id": 2,
      "warehouse_name": "Branch Warehouse",
      "payment_method": "cash",
      "total_amount": "59.59",
      "terminal_id": "TERM-1777598582875-IUPAXI",
      "terminal_name": "POS Terminal 1",
      "source": "sales_api"
    },
    "created_at": "2026-05-13T16:11:15.008Z"
  }
},
{
  "model": "accounts.auditlog",
  "pk": 401,
  "fields": {
    "actor": 5,
    "action": "shift_ended",
    "target_type": "shift",
    "target_id": "1778688655",
    "description": "Ended shift 1778688655.",
    "metadata": {
      "shift_id": 1778688655,
      "opened_at": "2026-05-13T16:10:55.094960+00:00",
      "closed_at": "2026-05-13T16:11:36.066408+00:00",
      "opening_float": "500",
      "expected_cash": "500",
      "actual_cash": "200",
      "variance": "-300",
      "source": "accounts_shift_api"
    },
    "created_at": "2026-05-13T16:11:36.066Z"
  }
},
{
  "model": "accounts.auditlog",
  "pk": 402,
  "fields": {
    "actor": 5,
    "action": "login",
    "target_type": "user",
    "target_id": "5",
    "description": "admin2 logged in",
    "metadata": {
      "username": "admin2"
    },
    "created_at": "2026-05-13T16:17:14.256Z"
  }
},
{
  "model": "accounts.auditlog",
  "pk": 403,
  "fields": {
    "actor": 5,
    "action": "login",
    "target_type": "user",
    "target_id": "5",
    "description": "admin2 logged in",
    "metadata": {
      "username": "admin2"
    },
    "created_at": "2026-05-15T13:25:49.087Z"
  }
},
{
  "model": "accounts.auditlog",
  "pk": 404,
  "fields": {
    "actor": 5,
    "action": "shift_started",
    "target_type": "shift",
    "target_id": "1778851580",
    "description": "Started shift 1778851580.",
    "metadata": {
      "shift_id": 1778851580,
      "opened_at": "2026-05-15T13:26:20.740340+00:00",
      "opening_float": "500",
      "notes": "",
      "source": "accounts_shift_api"
    },
    "created_at": "2026-05-15T13:26:20.740Z"
  }
},
{
  "model": "accounts.auditlog",
  "pk": 405,
  "fields": {
    "actor": 5,
    "action": "terminal_registered",
    "target_type": "terminal",
    "target_id": "TERM-1777598582875-IUPAXI",
    "description": "Registered terminal POS Terminal 1.",
    "metadata": {
      "terminal_id": "TERM-1777598582875-IUPAXI",
      "terminal_name": "POS Terminal 1",
      "source": "accounts_shift_api"
    },
    "created_at": "2026-05-15T13:26:28.429Z"
  }
},
{
  "model": "accounts.auditlog",
  "pk": 406,
  "fields": {
    "actor": 5,
    "action": "terminal_registered",
    "target_type": "terminal",
    "target_id": "TERM-1777598582875-IUPAXI",
    "description": "Registered terminal POS Terminal 1.",
    "metadata": {
      "terminal_id": "TERM-1777598582875-IUPAXI",
      "terminal_name": "POS Terminal 1",
      "source": "accounts_shift_api"
    },
    "created_at": "2026-05-15T13:26:28.431Z"
  }
},
{
  "model": "accounts.auditlog",
  "pk": 407,
  "fields": {
    "actor": 5,
    "action": "sale_created",
    "target_type": "sale",
    "target_id": "80",
    "description": "Completed sale RCPT-20260515132640120449.",
    "metadata": {
      "sale_id": 80,
      "receipt_number": "RCPT-20260515132640120449",
      "warehouse_id": 2,
      "warehouse_name": "Branch Warehouse",
      "payment_method": "cash",
      "total_amount": "38.64",
      "shift": 1778851580,
      "terminal_id": "TERM-1777598582875-IUPAXI",
      "terminal_name": "POS Terminal 1",
      "source": "sales_api"
    },
    "created_at": "2026-05-15T13:26:40.137Z"
  }
},
{
  "model": "accounts.auditlog",
  "pk": 408,
  "fields": {
    "actor": 5,
    "action": "shift_ended",
    "target_type": "shift",
    "target_id": "1778851580",
    "description": "Ended shift 1778851580.",
    "metadata": {
      "shift_id": 1778851580,
      "opened_at": "2026-05-15T13:26:20.740340+00:00",
      "closed_at": "2026-05-15T13:26:55.238750+00:00",
      "opening_float": "500",
      "expected_cash": "538.6400000000000",
      "actual_cash": "250",
      "variance": "-288.6400000000000",
      "source": "accounts_shift_api"
    },
    "created_at": "2026-05-15T13:26:55.238Z"
  }
},
{
  "model": "accounts.auditlog",
  "pk": 409,
  "fields": {
    "actor": 5,
    "action": "login",
    "target_type": "user",
    "target_id": "5",
    "description": "admin2 logged in",
    "metadata": {
      "username": "admin2"
    },
    "created_at": "2026-05-15T16:14:41.658Z"
  }
},
{
  "model": "accounts.auditlog",
  "pk": 410,
  "fields": {
    "actor": 5,
    "action": "login",
    "target_type": "user",
    "target_id": "5",
    "description": "admin2 logged in",
    "metadata": {
      "username": "admin2"
    },
    "created_at": "2026-05-16T22:01:07.070Z"
  }
},
{
  "model": "accounts.auditlog",
  "pk": 411,
  "fields": {
    "actor": 5,
    "action": "shift_started",
    "target_type": "shift",
    "target_id": "1778968990",
    "description": "Started shift 1778968990.",
    "metadata": {
      "shift_id": 1778968990,
      "opened_at": "2026-05-16T22:03:10.062878+00:00",
      "opening_float": "400",
      "terminal": "TERM-1777598582875-IUPAXI",
      "terminal_id": "TERM-1777598582875-IUPAXI",
      "notes": "",
      "source": "accounts_shift_api"
    },
    "created_at": "2026-05-16T22:03:10.063Z"
  }
},
{
  "model": "accounts.auditlog",
  "pk": 412,
  "fields": {
    "actor": 5,
    "action": "sale_created",
    "target_type": "sale",
    "target_id": "81",
    "description": "Completed sale RCPT-20260516220319930731.",
    "metadata": {
      "sale_id": 81,
      "receipt_number": "RCPT-20260516220319930731",
      "warehouse_id": 2,
      "warehouse_name": "Branch Warehouse",
      "payment_method": "cash",
      "total_amount": "15.64",
      "shift": 1778968990,
      "terminal_id": "TERM-1777598582875-IUPAXI",
      "terminal_name": "POS Terminal 1",
      "source": "sales_api"
    },
    "created_at": "2026-05-16T22:03:19.939Z"
  }
},
{
  "model": "accounts.auditlog",
  "pk": 413,
  "fields": {
    "actor": 5,
    "action": "shift_ended",
    "target_type": "shift",
    "target_id": "1778968990",
    "description": "Ended shift 1778968990.",
    "metadata": {
      "shift_id": 1778968990,
      "opened_at": "2026-05-16T22:03:10.062878+00:00",
      "closed_at": "2026-05-16T22:03:33.788488+00:00",
      "opening_float": "400",
      "cash_sales": "15.6400000000000",
      "card_sales": "0.00",
      "expected_cash": "415.6400000000000",
      "actual_cash": "100",
      "variance": "-315.6400000000000",
      "source": "accounts_shift_api"
    },
    "created_at": "2026-05-16T22:03:33.788Z"
  }
},
{
  "model": "accounts.auditlog",
  "pk": 414,
  "fields": {
    "actor": 5,
    "action": "login",
    "target_type": "user",
    "target_id": "5",
    "description": "admin2 logged in",
    "metadata": {
      "username": "admin2"
    },
    "created_at": "2026-05-16T22:06:27.296Z"
  }
},
{
  "model": "accounts.auditlog",
  "pk": 415,
  "fields": {
    "actor": 5,
    "action": "login",
    "target_type": "user",
    "target_id": "5",
    "description": "admin2 logged in",
    "metadata": {
      "username": "admin2"
    },
    "created_at": "2026-05-16T22:20:07.630Z"
  }
},
{
  "model": "accounts.auditlog",
  "pk": 416,
  "fields": {
    "actor": 5,
    "action": "shift_started",
    "target_type": "shift",
    "target_id": "1778970026",
    "description": "Started shift 1778970026.",
    "metadata": {
      "shift_id": 1778970026,
      "opened_at": "2026-05-16T22:20:26.587462+00:00",
      "opening_float": "300",
      "terminal": "TERM-1777598582875-IUPAXI",
      "terminal_id": "TERM-1777598582875-IUPAXI",
      "notes": "",
      "source": "accounts_shift_api"
    },
    "created_at": "2026-05-16T22:20:26.587Z"
  }
},
{
  "model": "accounts.auditlog",
  "pk": 417,
  "fields": {
    "actor": 5,
    "action": "sale_created",
    "target_type": "sale",
    "target_id": "82",
    "description": "Completed sale RCPT-20260516222034815036.",
    "metadata": {
      "sale_id": 82,
      "receipt_number": "RCPT-20260516222034815036",
      "warehouse_id": 2,
      "warehouse_name": "Branch Warehouse",
      "payment_method": "cash",
      "total_amount": "17.25",
      "shift": 1778970026,
      "terminal_id": "TERM-1777598582875-IUPAXI",
      "terminal_name": "POS Terminal 1",
      "source": "sales_api"
    },
    "created_at": "2026-05-16T22:20:34.824Z"
  }
},
{
  "model": "accounts.auditlog",
  "pk": 418,
  "fields": {
    "actor": 5,
    "action": "shift_ended",
    "target_type": "shift",
    "target_id": "1778970026",
    "description": "Ended shift 1778970026.",
    "metadata": {
      "shift_id": 1778970026,
      "opened_at": "2026-05-16T22:20:26.587462+00:00",
      "closed_at": "2026-05-16T22:20:50.695243+00:00",
      "opening_float": "300",
      "cash_sales": "17.25",
      "card_sales": "0.00",
      "expected_cash": "317.25",
      "actual_cash": "250",
      "variance": "-67.25",
      "source": "accounts_shift_api"
    },
    "created_at": "2026-05-16T22:20:50.695Z"
  }
},
{
  "model": "accounts.auditlog",
  "pk": 419,
  "fields": {
    "actor": 5,
    "action": "login",
    "target_type": "user",
    "target_id": "5",
    "description": "admin2 logged in",
    "metadata": {
      "username": "admin2"
    },
    "created_at": "2026-05-16T22:27:51.369Z"
  }
},
{
  "model": "accounts.auditlog",
  "pk": 420,
  "fields": {
    "actor": 5,
    "action": "login",
    "target_type": "user",
    "target_id": "5",
    "description": "admin2 logged in",
    "metadata": {
      "username": "admin2"
    },
    "created_at": "2026-05-16T22:42:20.357Z"
  }
},
{
  "model": "accounts.auditlog",
  "pk": 421,
  "fields": {
    "actor": 5,
    "action": "shift_started",
    "target_type": "shift",
    "target_id": "1778971387",
    "description": "Started shift 1778971387.",
    "metadata": {
      "shift_id": 1778971387,
      "opened_at": "2026-05-16T22:43:07.775325+00:00",
      "opening_float": "200",
      "terminal": "TERM-1777598582875-IUPAXI",
      "terminal_id": "TERM-1777598582875-IUPAXI",
      "notes": "",
      "source": "accounts_shift_api"
    },
    "created_at": "2026-05-16T22:43:07.775Z"
  }
},
{
  "model": "accounts.auditlog",
  "pk": 422,
  "fields": {
    "actor": 5,
    "action": "sale_created",
    "target_type": "sale",
    "target_id": "83",
    "description": "Completed sale RCPT-20260516224316995035.",
    "metadata": {
      "sale_id": 83,
      "receipt_number": "RCPT-20260516224316995035",
      "warehouse_id": 2,
      "warehouse_name": "Branch Warehouse",
      "payment_method": "cash",
      "total_amount": "17.02",
      "shift": 1778971387,
      "terminal_id": "TERM-1777598582875-IUPAXI",
      "terminal_name": "POS Terminal 1",
      "source": "sales_api"
    },
    "created_at": "2026-05-16T22:43:17.004Z"
  }
},
{
  "model": "accounts.auditlog",
  "pk": 423,
  "fields": {
    "actor": 5,
    "action": "shift_ended",
    "target_type": "shift",
    "target_id": "1778971387",
    "description": "Ended shift 1778971387.",
    "metadata": {
      "shift_id": 1778971387,
      "opened_at": "2026-05-16T22:43:07.775325+00:00",
      "closed_at": "2026-05-16T22:44:13.332085+00:00",
      "opening_float": "200",
      "cash_sales": "17.0200000000000",
      "card_sales": "0.00",
      "expected_cash": "217.0200000000000",
      "actual_cash": "150",
      "variance": "-67.0200000000000",
      "source": "accounts_shift_api"
    },
    "created_at": "2026-05-16T22:44:13.332Z"
  }
},
{
  "model": "accounts.auditlog",
  "pk": 424,
  "fields": {
    "actor": 5,
    "action": "login",
    "target_type": "user",
    "target_id": "5",
    "description": "admin2 logged in",
    "metadata": {
      "username": "admin2"
    },
    "created_at": "2026-05-16T22:47:22.911Z"
  }
},
{
  "model": "accounts.auditlog",
  "pk": 425,
  "fields": {
    "actor": 5,
    "action": "login",
    "target_type": "user",
    "target_id": "5",
    "description": "admin2 logged in",
    "metadata": {
      "username": "admin2"
    },
    "created_at": "2026-05-17T07:25:58.147Z"
  }
},
{
  "model": "accounts.auditlog",
  "pk": 426,
  "fields": {
    "actor": 5,
    "action": "shift_started",
    "target_type": "shift",
    "target_id": "1779002843",
    "description": "Started shift 1779002843.",
    "metadata": {
      "shift_id": 1779002843,
      "opened_at": "2026-05-17T07:27:23.769419+00:00",
      "opening_float": "500",
      "terminal": "TERM-1777598582875-IUPAXI",
      "terminal_id": "TERM-1777598582875-IUPAXI",
      "notes": "",
      "source": "accounts_shift_api"
    },
    "created_at": "2026-05-17T07:27:23.769Z"
  }
},
{
  "model": "accounts.auditlog",
  "pk": 427,
  "fields": {
    "actor": 5,
    "action": "sale_created",
    "target_type": "sale",
    "target_id": "84",
    "description": "Completed sale RCPT-20260517072732469521.",
    "metadata": {
      "sale_id": 84,
      "receipt_number": "RCPT-20260517072732469521",
      "warehouse_id": 2,
      "warehouse_name": "Branch Warehouse",
      "payment_method": "cash",
      "total_amount": "21.39",
      "shift": 1779002843,
      "terminal_id": "TERM-1777598582875-IUPAXI",
      "terminal_name": "POS Terminal 1",
      "source": "sales_api"
    },
    "created_at": "2026-05-17T07:27:32.487Z"
  }
},
{
  "model": "accounts.auditlog",
  "pk": 428,
  "fields": {
    "actor": 5,
    "action": "shift_ended",
    "target_type": "shift",
    "target_id": "1779002843",
    "description": "Ended shift 1779002843.",
    "metadata": {
      "shift_id": 1779002843,
      "opened_at": "2026-05-17T07:27:23.769419+00:00",
      "closed_at": "2026-05-17T07:27:42.764501+00:00",
      "opening_float": "500",
      "cash_sales": "21.3900000000000",
      "card_sales": "0.00",
      "expected_cash": "521.3900000000000",
      "actual_cash": "200",
      "variance": "-321.3900000000000",
      "source": "accounts_shift_api"
    },
    "created_at": "2026-05-17T07:27:42.764Z"
  }
},
{
  "model": "accounts.auditlog",
  "pk": 429,
  "fields": {
    "actor": 5,
    "action": "login",
    "target_type": "user",
    "target_id": "5",
    "description": "admin2 logged in",
    "metadata": {
      "username": "admin2"
    },
    "created_at": "2026-05-17T07:31:05.128Z"
  }
},
{
  "model": "accounts.auditlog",
  "pk": 430,
  "fields": {
    "actor": 5,
    "action": "shift_started",
    "target_type": "shift",
    "target_id": "1779003086",
    "description": "Started shift 1779003086.",
    "metadata": {
      "shift_id": 1779003086,
      "opened_at": "2026-05-17T07:31:26.672086+00:00",
      "opening_float": "200",
      "terminal": "TERM-1777598582875-IUPAXI",
      "terminal_id": "TERM-1777598582875-IUPAXI",
      "notes": "",
      "source": "accounts_shift_api"
    },
    "created_at": "2026-05-17T07:31:26.672Z"
  }
},
{
  "model": "accounts.auditlog",
  "pk": 431,
  "fields": {
    "actor": 5,
    "action": "login",
    "target_type": "user",
    "target_id": "5",
    "description": "admin2 logged in",
    "metadata": {
      "username": "admin2"
    },
    "created_at": "2026-05-17T07:36:36.202Z"
  }
},
{
  "model": "accounts.auditlog",
  "pk": 432,
  "fields": {
    "actor": 5,
    "action": "shift_started",
    "target_type": "shift",
    "target_id": "1779003453",
    "description": "Started shift 1779003453.",
    "metadata": {
      "shift_id": 1779003453,
      "opened_at": "2026-05-17T07:37:33.597726+00:00",
      "opening_float": "200",
      "terminal": "TERM-1777598582875-IUPAXI",
      "terminal_id": "TERM-1777598582875-IUPAXI",
      "notes": "",
      "source": "accounts_shift_api"
    },
    "created_at": "2026-05-17T07:37:33.597Z"
  }
},
{
  "model": "accounts.auditlog",
  "pk": 433,
  "fields": {
    "actor": 5,
    "action": "login",
    "target_type": "user",
    "target_id": "5",
    "description": "admin2 logged in",
    "metadata": {
      "username": "admin2"
    },
    "created_at": "2026-05-17T10:14:20.809Z"
  }
},
{
  "model": "accounts.auditlog",
  "pk": 434,
  "fields": {
    "actor": 5,
    "action": "shift_started",
    "target_type": "shift",
    "target_id": "1779012911",
    "description": "Started shift 1779012911.",
    "metadata": {
      "shift_id": 1779012911,
      "opened_at": "2026-05-17T10:15:11.928272+00:00",
      "opening_float": "100",
      "terminal": "TERM-1777598582875-IUPAXI",
      "terminal_id": "TERM-1777598582875-IUPAXI",
      "notes": "",
      "source": "accounts_shift_api"
    },
    "created_at": "2026-05-17T10:15:11.928Z"
  }
},
{
  "model": "accounts.auditlog",
  "pk": 435,
  "fields": {
    "actor": 5,
    "action": "login",
    "target_type": "user",
    "target_id": "5",
    "description": "admin2 logged in",
    "metadata": {
      "username": "admin2"
    },
    "created_at": "2026-05-17T10:26:57.660Z"
  }
},
{
  "model": "accounts.auditlog",
  "pk": 436,
  "fields": {
    "actor": 5,
    "action": "shift_started",
    "target_type": "shift",
    "target_id": "1779013654",
    "description": "Started shift 1779013654.",
    "metadata": {
      "shift_id": 1779013654,
      "opened_at": "2026-05-17T10:27:34.907919+00:00",
      "opening_float": "100",
      "terminal": "TERM-1777598582875-IUPAXI",
      "terminal_id": "TERM-1777598582875-IUPAXI",
      "notes": "",
      "source": "accounts_shift_api"
    },
    "created_at": "2026-05-17T10:27:34.908Z"
  }
},
{
  "model": "accounts.auditlog",
  "pk": 437,
  "fields": {
    "actor": 5,
    "action": "sale_created",
    "target_type": "sale",
    "target_id": "85",
    "description": "Completed sale RCPT-20260517102812184954.",
    "metadata": {
      "sale_id": 85,
      "receipt_number": "RCPT-20260517102812184954",
      "warehouse_id": 2,
      "warehouse_name": "Branch Warehouse",
      "payment_method": "cash",
      "total_amount": "15.64",
      "shift": 1779013654,
      "terminal_id": "TERM-1777598582875-IUPAXI",
      "terminal_name": "POS Terminal 1",
      "source": "sales_api"
    },
    "created_at": "2026-05-17T10:28:12.196Z"
  }
},
{
  "model": "accounts.auditlog",
  "pk": 438,
  "fields": {
    "actor": 5,
    "action": "shift_ended",
    "target_type": "shift",
    "target_id": "1779013654",
    "description": "Ended shift 1779013654.",
    "metadata": {
      "shift_id": 1779013654,
      "opened_at": "2026-05-17T10:27:34.907919+00:00",
      "closed_at": "2026-05-17T10:28:42.129612+00:00",
      "opening_float": "100",
      "cash_sales": "15.6400000000000",
      "card_sales": "0.00",
      "expected_cash": "115.6400000000000",
      "actual_cash": "115",
      "variance": "-0.6400000000000",
      "source": "accounts_shift_api"
    },
    "created_at": "2026-05-17T10:28:42.129Z"
  }
},
{
  "model": "accounts.auditlog",
  "pk": 439,
  "fields": {
    "actor": 5,
    "action": "login",
    "target_type": "user",
    "target_id": "5",
    "description": "admin2 logged in",
    "metadata": {
      "username": "admin2"
    },
    "created_at": "2026-05-17T10:39:39.975Z"
  }
},
{
  "model": "accounts.auditlog",
  "pk": 440,
  "fields": {
    "actor": 5,
    "action": "login",
    "target_type": "user",
    "target_id": "5",
    "description": "admin2 logged in",
    "metadata": {
      "username": "admin2"
    },
    "created_at": "2026-05-17T11:10:45.774Z"
  }
},
{
  "model": "accounts.auditlog",
  "pk": 441,
  "fields": {
    "actor": 5,
    "action": "login",
    "target_type": "user",
    "target_id": "5",
    "description": "admin2 logged in",
    "metadata": {
      "username": "admin2"
    },
    "created_at": "2026-05-17T13:44:37.670Z"
  }
},
{
  "model": "accounts.auditlog",
  "pk": 442,
  "fields": {
    "actor": 5,
    "action": "shift_started",
    "target_type": "shift",
    "target_id": "1779025520",
    "description": "Started shift 1779025520.",
    "metadata": {
      "shift_id": 1779025520,
      "opened_at": "2026-05-17T13:45:20.999070+00:00",
      "opening_float": "500",
      "terminal": "TERM-1777598582875-IUPAXI",
      "terminal_id": "TERM-1777598582875-IUPAXI",
      "notes": "",
      "source": "accounts_shift_api"
    },
    "created_at": "2026-05-17T13:45:20.999Z"
  }
},
{
  "model": "accounts.auditlog",
  "pk": 443,
  "fields": {
    "actor": 5,
    "action": "sale_created",
    "target_type": "sale",
    "target_id": "86",
    "description": "Completed sale RCPT-20260517134529425816.",
    "metadata": {
      "sale_id": 86,
      "receipt_number": "RCPT-20260517134529425816",
      "warehouse_id": 2,
      "warehouse_name": "Branch Warehouse",
      "payment_method": "cash",
      "total_amount": "21.39",
      "shift": 1779025520,
      "terminal_id": "TERM-1777598582875-IUPAXI",
      "terminal_name": "POS Terminal 1",
      "source": "sales_api"
    },
    "created_at": "2026-05-17T13:45:29.437Z"
  }
},
{
  "model": "accounts.auditlog",
  "pk": 444,
  "fields": {
    "actor": 5,
    "action": "shift_ended",
    "target_type": "shift",
    "target_id": "1779025520",
    "description": "Ended shift 1779025520.",
    "metadata": {
      "shift_id": 1779025520,
      "opened_at": "2026-05-17T13:45:20.999070+00:00",
      "closed_at": "2026-05-17T13:45:48.450051+00:00",
      "opening_float": "500",
      "cash_sales": "21.3900000000000",
      "card_sales": "0.00",
      "expected_cash": "521.3900000000000",
      "actual_cash": "200",
      "variance": "-321.3900000000000",
      "source": "accounts_shift_api"
    },
    "created_at": "2026-05-17T13:45:48.450Z"
  }
},
{
  "model": "accounts.auditlog",
  "pk": 445,
  "fields": {
    "actor": 5,
    "action": "login",
    "target_type": "user",
    "target_id": "5",
    "description": "admin2 logged in",
    "metadata": {
      "username": "admin2"
    },
    "created_at": "2026-05-17T14:15:22.788Z"
  }
},
{
  "model": "accounts.auditlog",
  "pk": 446,
  "fields": {
    "actor": 5,
    "action": "login",
    "target_type": "user",
    "target_id": "5",
    "description": "admin2 logged in",
    "metadata": {
      "username": "admin2"
    },
    "created_at": "2026-05-17T17:06:07.439Z"
  }
},
{
  "model": "accounts.auditlog",
  "pk": 447,
  "fields": {
    "actor": 5,
    "action": "shift_started",
    "target_type": "shift",
    "target_id": "1779037599",
    "description": "Started shift 1779037599.",
    "metadata": {
      "shift_id": 1779037599,
      "opened_at": "2026-05-17T17:06:39.088152+00:00",
      "opening_float": "100",
      "terminal": "TERM-1777598582875-IUPAXI",
      "terminal_id": "TERM-1777598582875-IUPAXI",
      "notes": "",
      "source": "accounts_shift_api"
    },
    "created_at": "2026-05-17T17:06:39.088Z"
  }
},
{
  "model": "accounts.auditlog",
  "pk": 448,
  "fields": {
    "actor": 5,
    "action": "shift_started",
    "target_type": "shift",
    "target_id": "1779037718",
    "description": "Started shift 1779037718.",
    "metadata": {
      "shift_id": 1779037718,
      "opened_at": "2026-05-17T17:08:38.350564+00:00",
      "opening_float": "100",
      "terminal": "TERM-1777598582875-IUPAXI",
      "terminal_id": "TERM-1777598582875-IUPAXI",
      "notes": "",
      "source": "accounts_shift_api"
    },
    "created_at": "2026-05-17T17:08:38.350Z"
  }
},
{
  "model": "accounts.auditlog",
  "pk": 449,
  "fields": {
    "actor": 5,
    "action": "sale_created",
    "target_type": "sale",
    "target_id": "87",
    "description": "Completed sale RCPT-20260517170851038160.",
    "metadata": {
      "sale_id": 87,
      "receipt_number": "RCPT-20260517170851038160",
      "warehouse_id": 2,
      "warehouse_name": "Branch Warehouse",
      "payment_method": "cash",
      "total_amount": "22.77",
      "shift": 1779037718,
      "terminal_id": "TERM-1777598582875-IUPAXI",
      "terminal_name": "POS Terminal 1",
      "source": "sales_api"
    },
    "created_at": "2026-05-17T17:08:51.050Z"
  }
},
{
  "model": "accounts.auditlog",
  "pk": 450,
  "fields": {
    "actor": 5,
    "action": "shift_ended",
    "target_type": "shift",
    "target_id": "1779037718",
    "description": "Ended shift 1779037718.",
    "metadata": {
      "shift_id": 1779037718,
      "opened_at": "2026-05-17T17:08:38.350564+00:00",
      "closed_at": "2026-05-17T17:09:09.580621+00:00",
      "opening_float": "100",
      "cash_sales": "22.7700000000000",
      "card_sales": "0.00",
      "expected_cash": "122.7700000000000",
      "actual_cash": "10",
      "variance": "-112.7700000000000",
      "source": "accounts_shift_api"
    },
    "created_at": "2026-05-17T17:09:09.580Z"
  }
},
{
  "model": "accounts.auditlog",
  "pk": 451,
  "fields": {
    "actor": 5,
    "action": "login",
    "target_type": "user",
    "target_id": "5",
    "description": "admin2 logged in",
    "metadata": {
      "username": "admin2"
    },
    "created_at": "2026-05-17T17:20:06.591Z"
  }
},
{
  "model": "accounts.auditlog",
  "pk": 452,
  "fields": {
    "actor": 5,
    "action": "shift_started",
    "target_type": "shift",
    "target_id": "1779038430",
    "description": "Started shift 1779038430.",
    "metadata": {
      "shift_id": 1779038430,
      "opened_at": "2026-05-17T17:20:30.052261+00:00",
      "opening_float": "500",
      "terminal": "TERM-1777598582875-IUPAXI",
      "terminal_id": "TERM-1777598582875-IUPAXI",
      "notes": "",
      "source": "accounts_shift_api"
    },
    "created_at": "2026-05-17T17:20:30.052Z"
  }
},
{
  "model": "accounts.auditlog",
  "pk": 453,
  "fields": {
    "actor": 5,
    "action": "sale_created",
    "target_type": "sale",
    "target_id": "88",
    "description": "Completed sale RCPT-20260517172039752405.",
    "metadata": {
      "sale_id": 88,
      "receipt_number": "RCPT-20260517172039752405",
      "warehouse_id": 2,
      "warehouse_name": "Branch Warehouse",
      "payment_method": "cash",
      "total_amount": "33.60",
      "shift": 1779038430,
      "terminal_id": "TERM-1777598582875-IUPAXI",
      "terminal_name": "POS Terminal 1",
      "source": "sales_api"
    },
    "created_at": "2026-05-17T17:20:39.768Z"
  }
},
{
  "model": "accounts.auditlog",
  "pk": 454,
  "fields": {
    "actor": 5,
    "action": "shift_ended",
    "target_type": "shift",
    "target_id": "1779038430",
    "description": "Ended shift 1779038430.",
    "metadata": {
      "shift_id": 1779038430,
      "opened_at": "2026-05-17T17:20:30.052261+00:00",
      "closed_at": "2026-05-17T17:20:50.687557+00:00",
      "opening_float": "500",
      "cash_sales": "33.6000000000000",
      "card_sales": "0.00",
      "expected_cash": "533.6000000000000",
      "actual_cash": "250",
      "variance": "-283.6000000000000",
      "source": "accounts_shift_api"
    },
    "created_at": "2026-05-17T17:20:50.687Z"
  }
},
{
  "model": "accounts.auditlog",
  "pk": 455,
  "fields": {
    "actor": 5,
    "action": "login",
    "target_type": "user",
    "target_id": "5",
    "description": "admin2 logged in",
    "metadata": {
      "username": "admin2"
    },
    "created_at": "2026-05-18T09:01:15.639Z"
  }
},
{
  "model": "accounts.auditlog",
  "pk": 456,
  "fields": {
    "actor": 5,
    "action": "shift_started",
    "target_type": "shift",
    "target_id": "1779094937",
    "description": "Started shift 1779094937.",
    "metadata": {
      "shift_id": 1779094937,
      "opening_float": "200",
      "source": "accounts_shift_api"
    },
    "created_at": "2026-05-18T09:02:17.212Z"
  }
},
{
  "model": "accounts.auditlog",
  "pk": 457,
  "fields": {
    "actor": 5,
    "action": "sale_created",
    "target_type": "sale",
    "target_id": "89",
    "description": "Completed sale RCPT-20260518090225409029.",
    "metadata": {
      "sale_id": 89,
      "receipt_number": "RCPT-20260518090225409029",
      "warehouse_id": 2,
      "warehouse_name": "Branch Warehouse",
      "payment_method": "cash",
      "total_amount": "23.25",
      "shift": 1779094937,
      "terminal_id": "TERM-1777598582875-IUPAXI",
      "terminal_name": "POS Terminal 1",
      "source": "sales_api"
    },
    "created_at": "2026-05-18T09:02:25.420Z"
  }
},
{
  "model": "accounts.auditlog",
  "pk": 458,
  "fields": {
    "actor": 5,
    "action": "shift_ended",
    "target_type": "shift",
    "target_id": "1779094937",
    "description": "Ended shift 1779094937.",
    "metadata": {
      "shift_id": 1779094937,
      "expected_cash": "223.25",
      "actual_cash": "120",
      "variance": "-103.25",
      "source": "accounts_shift_api"
    },
    "created_at": "2026-05-18T09:03:00.631Z"
  }
},
{
  "model": "accounts.auditlog",
  "pk": 459,
  "fields": {
    "actor": 5,
    "action": "login",
    "target_type": "user",
    "target_id": "5",
    "description": "admin2 logged in",
    "metadata": {
      "username": "admin2"
    },
    "created_at": "2026-05-18T09:06:29.746Z"
  }
},
{
  "model": "accounts.auditlog",
  "pk": 460,
  "fields": {
    "actor": 5,
    "action": "login",
    "target_type": "user",
    "target_id": "5",
    "description": "admin2 logged in",
    "metadata": {
      "username": "admin2"
    },
    "created_at": "2026-05-18T09:16:31.398Z"
  }
},
{
  "model": "accounts.auditlog",
  "pk": 461,
  "fields": {
    "actor": 5,
    "action": "shift_started",
    "target_type": "shift",
    "target_id": "1779095812",
    "description": "Started shift 1779095812.",
    "metadata": {
      "shift_id": 1779095812,
      "opening_float": "500",
      "source": "accounts_shift_api"
    },
    "created_at": "2026-05-18T09:16:52.679Z"
  }
},
{
  "model": "accounts.auditlog",
  "pk": 462,
  "fields": {
    "actor": 5,
    "action": "sale_created",
    "target_type": "sale",
    "target_id": "90",
    "description": "Completed sale RCPT-20260518091704682296.",
    "metadata": {
      "sale_id": 90,
      "receipt_number": "RCPT-20260518091704682296",
      "warehouse_id": 2,
      "warehouse_name": "Branch Warehouse",
      "payment_method": "cash",
      "total_amount": "32.45",
      "shift": 1779095812,
      "terminal_id": "TERM-1777598582875-IUPAXI",
      "terminal_name": "POS Terminal 1",
      "source": "sales_api"
    },
    "created_at": "2026-05-18T09:17:04.693Z"
  }
},
{
  "model": "accounts.auditlog",
  "pk": 463,
  "fields": {
    "actor": 5,
    "action": "shift_ended",
    "target_type": "shift",
    "target_id": "1779095812",
    "description": "Ended shift 1779095812.",
    "metadata": {
      "shift_id": 1779095812,
      "expected_cash": "532.4500000000000",
      "actual_cash": "150",
      "variance": "-382.4500000000000",
      "source": "accounts_shift_api"
    },
    "created_at": "2026-05-18T09:17:18.595Z"
  }
},
{
  "model": "accounts.auditlog",
  "pk": 464,
  "fields": {
    "actor": 5,
    "action": "login",
    "target_type": "user",
    "target_id": "5",
    "description": "admin2 logged in",
    "metadata": {
      "username": "admin2"
    },
    "created_at": "2026-05-18T09:21:36.277Z"
  }
},
{
  "model": "accounts.auditlog",
  "pk": 465,
  "fields": {
    "actor": 5,
    "action": "login",
    "target_type": "user",
    "target_id": "5",
    "description": "admin2 logged in",
    "metadata": {
      "username": "admin2"
    },
    "created_at": "2026-05-18T09:26:43.128Z"
  }
},
{
  "model": "accounts.auditlog",
  "pk": 466,
  "fields": {
    "actor": 5,
    "action": "shift_started",
    "target_type": "shift",
    "target_id": "1779096411",
    "description": "Started shift 1779096411.",
    "metadata": {
      "shift_id": 1779096411,
      "opening_float": "300",
      "source": "accounts_shift_api"
    },
    "created_at": "2026-05-18T09:26:51.268Z"
  }
},
{
  "model": "accounts.auditlog",
  "pk": 467,
  "fields": {
    "actor": 5,
    "action": "sale_created",
    "target_type": "sale",
    "target_id": "91",
    "description": "Completed sale RCPT-20260518092701480747.",
    "metadata": {
      "sale_id": 91,
      "receipt_number": "RCPT-20260518092701480747",
      "warehouse_id": 2,
      "warehouse_name": "Branch Warehouse",
      "payment_method": "cash",
      "total_amount": "17.25",
      "shift": 1779096411,
      "terminal_id": "TERM-1777598582875-IUPAXI",
      "terminal_name": "POS Terminal 1",
      "source": "sales_api"
    },
    "created_at": "2026-05-18T09:27:01.489Z"
  }
},
{
  "model": "accounts.auditlog",
  "pk": 468,
  "fields": {
    "actor": 5,
    "action": "shift_ended",
    "target_type": "shift",
    "target_id": "1779096411",
    "description": "Ended shift 1779096411.",
    "metadata": {
      "shift_id": 1779096411,
      "expected_cash": "317.25",
      "actual_cash": "200",
      "variance": "-117.25",
      "source": "accounts_shift_api"
    },
    "created_at": "2026-05-18T09:27:13.225Z"
  }
},
{
  "model": "accounts.auditlog",
  "pk": 469,
  "fields": {
    "actor": 5,
    "action": "login",
    "target_type": "user",
    "target_id": "5",
    "description": "admin2 logged in",
    "metadata": {
      "username": "admin2"
    },
    "created_at": "2026-05-18T13:39:34.239Z"
  }
},
{
  "model": "accounts.auditlog",
  "pk": 470,
  "fields": {
    "actor": 5,
    "action": "shift_started",
    "target_type": "shift",
    "target_id": "1779111759",
    "description": "Started shift 1779111759.",
    "metadata": {
      "shift_id": 1779111759,
      "opening_float": "100",
      "source": "accounts_shift_api"
    },
    "created_at": "2026-05-18T13:42:39.012Z"
  }
},
{
  "model": "accounts.auditlog",
  "pk": 471,
  "fields": {
    "actor": 5,
    "action": "sale_created",
    "target_type": "sale",
    "target_id": "92",
    "description": "Completed sale RCPT-20260518134312344816.",
    "metadata": {
      "sale_id": 92,
      "receipt_number": "RCPT-20260518134312344816",
      "warehouse_id": 2,
      "warehouse_name": "Branch Warehouse",
      "payment_method": "cash",
      "total_amount": "21.85",
      "shift": 1779111759,
      "terminal_id": "TERM-1777598582875-IUPAXI",
      "terminal_name": "POS Terminal 1",
      "source": "sales_api"
    },
    "created_at": "2026-05-18T13:43:12.356Z"
  }
},
{
  "model": "accounts.auditlog",
  "pk": 472,
  "fields": {
    "actor": 5,
    "action": "login",
    "target_type": "user",
    "target_id": "5",
    "description": "admin2 logged in",
    "metadata": {
      "username": "admin2"
    },
    "created_at": "2026-05-18T13:45:41.889Z"
  }
},
{
  "model": "accounts.auditlog",
  "pk": 473,
  "fields": {
    "actor": 5,
    "action": "stock_transfer_created",
    "target_type": "stock_transfer",
    "target_id": "21",
    "description": "Transferred 10 of Coffee beans from Main Warehouse to Branch Warehouse.",
    "metadata": {
      "stock_transfer_id": 21,
      "product_id": 9,
      "product_name": "Coffee beans",
      "from_warehouse_id": 1,
      "from_warehouse_name": "Main Warehouse",
      "to_warehouse_id": 2,
      "to_warehouse_name": "Branch Warehouse",
      "quantity": 10,
      "source": "inventory_api"
    },
    "created_at": "2026-05-18T13:46:27.369Z"
  }
},
{
  "model": "accounts.auditlog",
  "pk": 474,
  "fields": {
    "actor": 5,
    "action": "purchase_order_created",
    "target_type": "purchase_order",
    "target_id": "12",
    "description": "Created purchase order PO-20260518134711526525.",
    "metadata": {
      "purchase_order_id": 12,
      "po_number": "PO-20260518134711526525",
      "supplier_id": 1,
      "supplier_name": "Jaggers wholesalers",
      "warehouse_id": 1,
      "warehouse_name": "Main Warehouse",
      "items_count": 1,
      "source": "inventory_api"
    },
    "created_at": "2026-05-18T13:47:11.529Z"
  }
},
{
  "model": "accounts.auditlog",
  "pk": 475,
  "fields": {
    "actor": 5,
    "action": "grn_created",
    "target_type": "goods_received_note",
    "target_id": "25",
    "description": "Received goods for purchase order PO-20260518134711526525 under GRN-20260518134753708922.",
    "metadata": {
      "grn_id": 25,
      "grn_number": "GRN-20260518134753708922",
      "purchase_order_id": 12,
      "purchase_order_number": "PO-20260518134711526525",
      "received_items_count": 1,
      "warehouse_id": 1,
      "warehouse_name": "Main Warehouse",
      "source": "inventory_api"
    },
    "created_at": "2026-05-18T13:47:53.715Z"
  }
},
{
  "model": "accounts.auditlog",
  "pk": 476,
  "fields": {
    "actor": 5,
    "action": "login",
    "target_type": "user",
    "target_id": "5",
    "description": "admin2 logged in",
    "metadata": {
      "username": "admin2"
    },
    "created_at": "2026-05-18T13:55:24.179Z"
  }
},
{
  "model": "accounts.auditlog",
  "pk": 477,
  "fields": {
    "actor": 5,
    "action": "grn_created",
    "target_type": "goods_received_note",
    "target_id": "26",
    "description": "Received goods for purchase order PO-20260518134711526525 under GRN-20260518135537803374.",
    "metadata": {
      "grn_id": 26,
      "grn_number": "GRN-20260518135537803374",
      "purchase_order_id": 12,
      "purchase_order_number": "PO-20260518134711526525",
      "received_items_count": 1,
      "warehouse_id": 1,
      "warehouse_name": "Main Warehouse",
      "source": "inventory_api"
    },
    "created_at": "2026-05-18T13:55:37.808Z"
  }
},
{
  "model": "accounts.auditlog",
  "pk": 478,
  "fields": {
    "actor": 5,
    "action": "shift_ended",
    "target_type": "shift",
    "target_id": "1779111759",
    "description": "Ended shift 1779111759.",
    "metadata": {
      "shift_id": 1779111759,
      "expected_cash": "121.8500000000000",
      "actual_cash": "50",
      "variance": "-71.8500000000000",
      "source": "accounts_shift_api"
    },
    "created_at": "2026-05-18T13:56:06.430Z"
  }
},
{
  "model": "accounts.auditlog",
  "pk": 479,
  "fields": {
    "actor": 5,
    "action": "login",
    "target_type": "user",
    "target_id": "5",
    "description": "admin2 logged in",
    "metadata": {
      "username": "admin2"
    },
    "created_at": "2026-05-19T14:58:02.934Z"
  }
},
{
  "model": "accounts.auditlog",
  "pk": 480,
  "fields": {
    "actor": 5,
    "action": "shift_started",
    "target_type": "shift",
    "target_id": "1779202873",
    "description": "Started shift 1779202873.",
    "metadata": {
      "shift_id": 1779202873,
      "opening_float": "500",
      "source": "accounts_shift_api"
    },
    "created_at": "2026-05-19T15:01:13.580Z"
  }
},
{
  "model": "accounts.auditlog",
  "pk": 481,
  "fields": {
    "actor": 5,
    "action": "sale_created",
    "target_type": "sale",
    "target_id": "93",
    "description": "Completed sale RCPT-20260519150121880666.",
    "metadata": {
      "sale_id": 93,
      "receipt_number": "RCPT-20260519150121880666",
      "warehouse_id": 2,
      "warehouse_name": "Branch Warehouse",
      "payment_method": "cash",
      "total_amount": "26.25",
      "shift": 1779202873,
      "terminal_id": "TERM-1777598582875-IUPAXI",
      "terminal_name": "POS Terminal 1",
      "source": "sales_api"
    },
    "created_at": "2026-05-19T15:01:21.892Z"
  }
},
{
  "model": "accounts.auditlog",
  "pk": 482,
  "fields": {
    "actor": 5,
    "action": "shift_ended",
    "target_type": "shift",
    "target_id": "1779202873",
    "description": "Ended shift 1779202873.",
    "metadata": {
      "shift_id": 1779202873,
      "expected_cash": "526.25",
      "actual_cash": "200",
      "variance": "-326.25",
      "source": "accounts_shift_api"
    },
    "created_at": "2026-05-19T15:01:35.176Z"
  }
},
{
  "model": "accounts.auditlog",
  "pk": 483,
  "fields": {
    "actor": 5,
    "action": "login",
    "target_type": "user",
    "target_id": "5",
    "description": "admin2 logged in",
    "metadata": {
      "username": "admin2"
    },
    "created_at": "2026-05-19T15:02:36.572Z"
  }
},
{
  "model": "accounts.auditlog",
  "pk": 484,
  "fields": {
    "actor": 5,
    "action": "login",
    "target_type": "user",
    "target_id": "5",
    "description": "admin2 logged in",
    "metadata": {
      "username": "admin2"
    },
    "created_at": "2026-05-19T15:26:50.792Z"
  }
},
{
  "model": "accounts.auditlog",
  "pk": 485,
  "fields": {
    "actor": 5,
    "action": "login",
    "target_type": "user",
    "target_id": "5",
    "description": "admin2 logged in",
    "metadata": {
      "username": "admin2"
    },
    "created_at": "2026-05-19T21:49:56.202Z"
  }
},
{
  "model": "accounts.auditlog",
  "pk": 486,
  "fields": {
    "actor": 5,
    "action": "shift_started",
    "target_type": "shift",
    "target_id": "1779227470",
    "description": "Started shift 1779227470.",
    "metadata": {
      "shift_id": 1779227470,
      "opening_float": "300",
      "source": "accounts_shift_api"
    },
    "created_at": "2026-05-19T21:51:10.427Z"
  }
},
{
  "model": "accounts.auditlog",
  "pk": 487,
  "fields": {
    "actor": 5,
    "action": "sale_created",
    "target_type": "sale",
    "target_id": "94",
    "description": "Completed sale RCPT-20260519215118735701.",
    "metadata": {
      "sale_id": 94,
      "receipt_number": "RCPT-20260519215118735701",
      "warehouse_id": 2,
      "warehouse_name": "Branch Warehouse",
      "payment_method": "cash",
      "total_amount": "21.39",
      "shift": 1779227470,
      "terminal_id": "TERM-1777598582875-IUPAXI",
      "terminal_name": "POS Terminal 1",
      "source": "sales_api"
    },
    "created_at": "2026-05-19T21:51:18.750Z"
  }
},
{
  "model": "accounts.auditlog",
  "pk": 488,
  "fields": {
    "actor": 5,
    "action": "shift_ended",
    "target_type": "shift",
    "target_id": "1779227470",
    "description": "Ended shift 1779227470.",
    "metadata": {
      "shift_id": 1779227470,
      "expected_cash": "321.3900000000000",
      "actual_cash": "120",
      "variance": "-201.3900000000000",
      "source": "accounts_shift_api"
    },
    "created_at": "2026-05-19T21:51:57.914Z"
  }
},
{
  "model": "accounts.auditlog",
  "pk": 489,
  "fields": {
    "actor": 5,
    "action": "login",
    "target_type": "user",
    "target_id": "5",
    "description": "admin2 logged in",
    "metadata": {
      "username": "admin2"
    },
    "created_at": "2026-05-19T21:53:23.496Z"
  }
},
{
  "model": "accounts.auditlog",
  "pk": 490,
  "fields": {
    "actor": 5,
    "action": "login",
    "target_type": "user",
    "target_id": "5",
    "description": "admin2 logged in",
    "metadata": {
      "username": "admin2"
    },
    "created_at": "2026-05-19T22:16:25.586Z"
  }
},
{
  "model": "accounts.auditlog",
  "pk": 491,
  "fields": {
    "actor": 5,
    "action": "shift_started",
    "target_type": "shift",
    "target_id": "1779229045",
    "description": "Started shift 1779229045.",
    "metadata": {
      "shift_id": 1779229045,
      "opening_float": "200",
      "source": "accounts_shift_api"
    },
    "created_at": "2026-05-19T22:17:25.533Z"
  }
},
{
  "model": "accounts.auditlog",
  "pk": 492,
  "fields": {
    "actor": 5,
    "action": "sale_created",
    "target_type": "sale",
    "target_id": "95",
    "description": "Completed sale RCPT-20260519221754721359.",
    "metadata": {
      "sale_id": 95,
      "receipt_number": "RCPT-20260519221754721359",
      "warehouse_id": 2,
      "warehouse_name": "Branch Warehouse",
      "payment_method": "cash",
      "total_amount": "23.00",
      "shift": 1779229045,
      "terminal_id": "TERM-1777598582875-IUPAXI",
      "terminal_name": "POS Terminal 1",
      "source": "sales_api"
    },
    "created_at": "2026-05-19T22:17:54.734Z"
  }
},
{
  "model": "accounts.auditlog",
  "pk": 493,
  "fields": {
    "actor": 5,
    "action": "shift_ended",
    "target_type": "shift",
    "target_id": "1779229045",
    "description": "Ended shift 1779229045.",
    "metadata": {
      "shift_id": 1779229045,
      "expected_cash": "223",
      "actual_cash": "120",
      "variance": "-103",
      "source": "accounts_shift_api"
    },
    "created_at": "2026-05-19T22:18:06.401Z"
  }
},
{
  "model": "accounts.auditlog",
  "pk": 494,
  "fields": {
    "actor": 5,
    "action": "login",
    "target_type": "user",
    "target_id": "5",
    "description": "admin2 logged in",
    "metadata": {
      "username": "admin2"
    },
    "created_at": "2026-05-19T22:24:58.507Z"
  }
},
{
  "model": "accounts.auditlog",
  "pk": 495,
  "fields": {
    "actor": 5,
    "action": "shift_started",
    "target_type": "shift",
    "target_id": "1779229537",
    "description": "Started shift 1779229537.",
    "metadata": {
      "shift_id": 1779229537,
      "opening_float": "300",
      "source": "accounts_shift_api"
    },
    "created_at": "2026-05-19T22:25:37.835Z"
  }
},
{
  "model": "accounts.auditlog",
  "pk": 496,
  "fields": {
    "actor": 5,
    "action": "sale_created",
    "target_type": "sale",
    "target_id": "96",
    "description": "Completed sale RCPT-20260519222550192629.",
    "metadata": {
      "sale_id": 96,
      "receipt_number": "RCPT-20260519222550192629",
      "warehouse_id": 2,
      "warehouse_name": "Branch Warehouse",
      "payment_method": "cash",
      "total_amount": "27.14",
      "shift": 1779229537,
      "terminal_id": "TERM-1777598582875-IUPAXI",
      "terminal_name": "POS Terminal 1",
      "source": "sales_api"
    },
    "created_at": "2026-05-19T22:25:50.204Z"
  }
},
{
  "model": "accounts.auditlog",
  "pk": 497,
  "fields": {
    "actor": 5,
    "action": "shift_ended",
    "target_type": "shift",
    "target_id": "1779229537",
    "description": "Ended shift 1779229537.",
    "metadata": {
      "shift_id": 1779229537,
      "expected_cash": "327.1400000000000",
      "actual_cash": "250",
      "variance": "-77.1400000000000",
      "source": "accounts_shift_api"
    },
    "created_at": "2026-05-19T22:26:03.039Z"
  }
},
{
  "model": "accounts.auditlog",
  "pk": 498,
  "fields": {
    "actor": 5,
    "action": "login",
    "target_type": "user",
    "target_id": "5",
    "description": "admin2 logged in",
    "metadata": {
      "username": "admin2"
    },
    "created_at": "2026-05-19T22:38:41.776Z"
  }
},
{
  "model": "accounts.auditlog",
  "pk": 499,
  "fields": {
    "actor": 5,
    "action": "shift_started",
    "target_type": "shift",
    "target_id": "1779230498",
    "description": "Started shift 1779230498.",
    "metadata": {
      "shift_id": 1779230498,
      "opening_float": "500",
      "source": "accounts_shift_api"
    },
    "created_at": "2026-05-19T22:41:38.937Z"
  }
},
{
  "model": "accounts.auditlog",
  "pk": 500,
  "fields": {
    "actor": 5,
    "action": "login",
    "target_type": "user",
    "target_id": "5",
    "description": "admin2 logged in",
    "metadata": {
      "username": "admin2"
    },
    "created_at": "2026-05-19T22:43:52.055Z"
  }
},
{
  "model": "accounts.auditlog",
  "pk": 501,
  "fields": {
    "actor": 5,
    "action": "sale_created",
    "target_type": "sale",
    "target_id": "97",
    "description": "Completed sale RCPT-20260519224442443982.",
    "metadata": {
      "sale_id": 97,
      "receipt_number": "RCPT-20260519224442443982",
      "warehouse_id": 2,
      "warehouse_name": "Branch Warehouse",
      "payment_method": "cash",
      "total_amount": "31.05",
      "shift": 1779230498,
      "terminal_id": "TERM-1777598582875-IUPAXI",
      "terminal_name": "POS Terminal 1",
      "source": "sales_api"
    },
    "created_at": "2026-05-19T22:44:42.455Z"
  }
},
{
  "model": "accounts.auditlog",
  "pk": 502,
  "fields": {
    "actor": 5,
    "action": "shift_ended",
    "target_type": "shift",
    "target_id": "1779230498",
    "description": "Ended shift 1779230498.",
    "metadata": {
      "shift_id": 1779230498,
      "expected_cash": "531.0500000000000",
      "actual_cash": "250",
      "variance": "-281.0500000000000",
      "source": "accounts_shift_api"
    },
    "created_at": "2026-05-19T22:44:58.076Z"
  }
},
{
  "model": "accounts.auditlog",
  "pk": 503,
  "fields": {
    "actor": 5,
    "action": "login",
    "target_type": "user",
    "target_id": "5",
    "description": "admin2 logged in",
    "metadata": {
      "username": "admin2"
    },
    "created_at": "2026-05-19T22:45:32.784Z"
  }
},
{
  "model": "accounts.auditlog",
  "pk": 504,
  "fields": {
    "actor": 5,
    "action": "login",
    "target_type": "user",
    "target_id": "5",
    "description": "admin2 logged in",
    "metadata": {
      "username": "admin2"
    },
    "created_at": "2026-05-19T22:46:14.273Z"
  }
},
{
  "model": "accounts.auditlog",
  "pk": 505,
  "fields": {
    "actor": 5,
    "action": "login",
    "target_type": "user",
    "target_id": "5",
    "description": "admin2 logged in",
    "metadata": {
      "username": "admin2"
    },
    "created_at": "2026-05-19T22:51:23.622Z"
  }
},
{
  "model": "accounts.auditlog",
  "pk": 506,
  "fields": {
    "actor": 5,
    "action": "login",
    "target_type": "user",
    "target_id": "5",
    "description": "admin2 logged in",
    "metadata": {
      "username": "admin2"
    },
    "created_at": "2026-05-19T23:01:20.914Z"
  }
},
{
  "model": "accounts.auditlog",
  "pk": 507,
  "fields": {
    "actor": 5,
    "action": "shift_started",
    "target_type": "shift",
    "target_id": "1779231711",
    "description": "Started shift 1779231711.",
    "metadata": {
      "shift_id": 1779231711,
      "opening_float": "300",
      "source": "accounts_shift_api"
    },
    "created_at": "2026-05-19T23:01:51.020Z"
  }
},
{
  "model": "accounts.auditlog",
  "pk": 508,
  "fields": {
    "actor": 5,
    "action": "sale_created",
    "target_type": "sale",
    "target_id": "98",
    "description": "Completed sale RCPT-20260519230207240099.",
    "metadata": {
      "sale_id": 98,
      "receipt_number": "RCPT-20260519230207240099",
      "warehouse_id": 2,
      "warehouse_name": "Branch Warehouse",
      "payment_method": "cash",
      "total_amount": "4.60",
      "shift": 1779231711,
      "terminal_id": "TERM-1777598582875-IUPAXI",
      "terminal_name": "POS Terminal 1",
      "source": "sales_api"
    },
    "created_at": "2026-05-19T23:02:07.246Z"
  }
},
{
  "model": "accounts.auditlog",
  "pk": 509,
  "fields": {
    "actor": 5,
    "action": "shift_ended",
    "target_type": "shift",
    "target_id": "1779231711",
    "description": "Ended shift 1779231711.",
    "metadata": {
      "shift_id": 1779231711,
      "expected_cash": "304.60000000000000",
      "actual_cash": "200",
      "variance": "-104.60000000000000",
      "source": "accounts_shift_api"
    },
    "created_at": "2026-05-19T23:02:20.993Z"
  }
},
{
  "model": "accounts.auditlog",
  "pk": 510,
  "fields": {
    "actor": 5,
    "action": "login",
    "target_type": "user",
    "target_id": "5",
    "description": "admin2 logged in",
    "metadata": {
      "username": "admin2"
    },
    "created_at": "2026-05-19T23:07:57.495Z"
  }
},
{
  "model": "accounts.auditlog",
  "pk": 511,
  "fields": {
    "actor": 5,
    "action": "login",
    "target_type": "user",
    "target_id": "5",
    "description": "admin2 logged in",
    "metadata": {
      "username": "admin2"
    },
    "created_at": "2026-05-19T23:40:05.846Z"
  }
},
{
  "model": "accounts.auditlog",
  "pk": 512,
  "fields": {
    "actor": 5,
    "action": "shift_started",
    "target_type": "shift",
    "target_id": "1779234096",
    "description": "Started shift 1779234096.",
    "metadata": {
      "shift_id": 1779234096,
      "opening_float": "250",
      "source": "accounts_shift_api"
    },
    "created_at": "2026-05-19T23:41:36.085Z"
  }
},
{
  "model": "accounts.auditlog",
  "pk": 513,
  "fields": {
    "actor": 5,
    "action": "sale_created",
    "target_type": "sale",
    "target_id": "99",
    "description": "Completed sale RCPT-20260519234219848114.",
    "metadata": {
      "sale_id": 99,
      "receipt_number": "RCPT-20260519234219848114",
      "warehouse_id": 2,
      "warehouse_name": "Branch Warehouse",
      "payment_method": "cash",
      "total_amount": "4.60",
      "shift": 1779234096,
      "terminal_id": "TERM-1777598582875-IUPAXI",
      "terminal_name": "POS Terminal 1",
      "source": "sales_api"
    },
    "created_at": "2026-05-19T23:42:19.854Z"
  }
},
{
  "model": "accounts.auditlog",
  "pk": 514,
  "fields": {
    "actor": 5,
    "action": "shift_ended",
    "target_type": "shift",
    "target_id": "1779234096",
    "description": "Ended shift 1779234096.",
    "metadata": {
      "shift_id": 1779234096,
      "expected_cash": "254.60000000000000",
      "actual_cash": "150",
      "variance": "-104.60000000000000",
      "source": "accounts_shift_api"
    },
    "created_at": "2026-05-19T23:42:33.896Z"
  }
},
{
  "model": "accounts.auditlog",
  "pk": 515,
  "fields": {
    "actor": 5,
    "action": "login",
    "target_type": "user",
    "target_id": "5",
    "description": "admin2 logged in",
    "metadata": {
      "username": "admin2"
    },
    "created_at": "2026-05-19T23:43:32.542Z"
  }
},
{
  "model": "accounts.auditlog",
  "pk": 516,
  "fields": {
    "actor": 5,
    "action": "login",
    "target_type": "user",
    "target_id": "5",
    "description": "admin2 logged in",
    "metadata": {
      "username": "admin2"
    },
    "created_at": "2026-05-19T23:54:40.876Z"
  }
},
{
  "model": "accounts.auditlog",
  "pk": 517,
  "fields": {
    "actor": 5,
    "action": "shift_started",
    "target_type": "shift",
    "target_id": "1779234960",
    "description": "Started shift 1779234960.",
    "metadata": {
      "shift_id": 1779234960,
      "opening_float": "500",
      "source": "accounts_shift_api"
    },
    "created_at": "2026-05-19T23:56:00.059Z"
  }
},
{
  "model": "accounts.auditlog",
  "pk": 518,
  "fields": {
    "actor": 5,
    "action": "sale_created",
    "target_type": "sale",
    "target_id": "100",
    "description": "Completed sale RCPT-20260519235654468816.",
    "metadata": {
      "sale_id": 100,
      "receipt_number": "RCPT-20260519235654468816",
      "warehouse_id": 2,
      "warehouse_name": "Branch Warehouse",
      "payment_method": "cash",
      "total_amount": "4.60",
      "shift": 1779234960,
      "terminal_id": "TERM-1777598582875-IUPAXI",
      "terminal_name": "POS Terminal 1",
      "source": "sales_api"
    },
    "created_at": "2026-05-19T23:56:54.475Z"
  }
},
{
  "model": "accounts.auditlog",
  "pk": 519,
  "fields": {
    "actor": 5,
    "action": "login",
    "target_type": "user",
    "target_id": "5",
    "description": "admin2 logged in",
    "metadata": {
      "username": "admin2"
    },
    "created_at": "2026-05-20T00:08:33.728Z"
  }
},
{
  "model": "accounts.auditlog",
  "pk": 520,
  "fields": {
    "actor": 5,
    "action": "sale_created",
    "target_type": "sale",
    "target_id": "101",
    "description": "Completed sale RCPT-20260520000928492228.",
    "metadata": {
      "sale_id": 101,
      "receipt_number": "RCPT-20260520000928492228",
      "warehouse_id": 2,
      "warehouse_name": "Branch Warehouse",
      "payment_method": "cash",
      "total_amount": "11.50",
      "shift": 1779234960,
      "terminal_id": "TERM-1777598582875-IUPAXI",
      "terminal_name": "POS Terminal 1",
      "source": "sales_api"
    },
    "created_at": "2026-05-20T00:09:28.501Z"
  }
},
{
  "model": "accounts.auditlog",
  "pk": 521,
  "fields": {
    "actor": 5,
    "action": "shift_ended",
    "target_type": "shift",
    "target_id": "1779234960",
    "description": "Ended shift 1779234960.",
    "metadata": {
      "shift_id": 1779234960,
      "expected_cash": "516.1000000000000",
      "actual_cash": "500",
      "variance": "-16.1000000000000",
      "source": "accounts_shift_api"
    },
    "created_at": "2026-05-20T00:09:51.836Z"
  }
},
{
  "model": "accounts.auditlog",
  "pk": 522,
  "fields": {
    "actor": 5,
    "action": "login",
    "target_type": "user",
    "target_id": "5",
    "description": "admin2 logged in",
    "metadata": {
      "username": "admin2"
    },
    "created_at": "2026-05-20T14:38:46.074Z"
  }
},
{
  "model": "accounts.auditlog",
  "pk": 523,
  "fields": {
    "actor": 5,
    "action": "login",
    "target_type": "user",
    "target_id": "5",
    "description": "admin2 logged in",
    "metadata": {
      "username": "admin2"
    },
    "created_at": "2026-05-20T14:44:09.421Z"
  }
},
{
  "model": "accounts.auditlog",
  "pk": 524,
  "fields": {
    "actor": 5,
    "action": "refund_created",
    "target_type": "refund",
    "target_id": "1",
    "description": "Created refund RFND-20260520144719100802 for sale RCPT-20260520000928492228.",
    "metadata": {
      "refund_id": 1,
      "refund_number": "RFND-20260520144719100802",
      "sale_id": 101,
      "receipt_number": "RCPT-20260520000928492228",
      "total_amount": "11.50",
      "returned_to_stock": true,
      "source": "sales_refund_api"
    },
    "created_at": "2026-05-20T14:47:19.110Z"
  }
},
{
  "model": "accounts.auditlog",
  "pk": 525,
  "fields": {
    "actor": 5,
    "action": "login",
    "target_type": "user",
    "target_id": "5",
    "description": "admin2 logged in",
    "metadata": {
      "username": "admin2"
    },
    "created_at": "2026-05-20T14:48:39.955Z"
  }
},
{
  "model": "accounts.auditlog",
  "pk": 526,
  "fields": {
    "actor": 5,
    "action": "shift_started",
    "target_type": "shift",
    "target_id": "1779288695",
    "description": "Started shift 1779288695.",
    "metadata": {
      "shift_id": 1779288695,
      "opening_float": "200",
      "source": "accounts_shift_api"
    },
    "created_at": "2026-05-20T14:51:35.152Z"
  }
},
{
  "model": "accounts.auditlog",
  "pk": 527,
  "fields": {
    "actor": 5,
    "action": "sale_created",
    "target_type": "sale",
    "target_id": "102",
    "description": "Completed sale RCPT-20260520145159453554.",
    "metadata": {
      "sale_id": 102,
      "receipt_number": "RCPT-20260520145159453554",
      "warehouse_id": 2,
      "warehouse_name": "Branch Warehouse",
      "payment_method": "cash",
      "total_amount": "20.24",
      "shift": 1779288695,
      "terminal_id": "TERM-1777598582875-IUPAXI",
      "terminal_name": "POS Terminal 1",
      "source": "sales_api"
    },
    "created_at": "2026-05-20T14:51:59.461Z"
  }
},
{
  "model": "accounts.auditlog",
  "pk": 528,
  "fields": {
    "actor": 5,
    "action": "shift_ended",
    "target_type": "shift",
    "target_id": "1779288695",
    "description": "Ended shift 1779288695.",
    "metadata": {
      "shift_id": 1779288695,
      "expected_cash": "220.2400000000000",
      "actual_cash": "220.24",
      "variance": "0E-13",
      "source": "accounts_shift_api"
    },
    "created_at": "2026-05-20T14:52:54.292Z"
  }
},
{
  "model": "accounts.auditlog",
  "pk": 529,
  "fields": {
    "actor": 5,
    "action": "refund_created",
    "target_type": "refund",
    "target_id": "2",
    "description": "Created refund RFND-20260520145338491016 for sale RCPT-20260520145159453554.",
    "metadata": {
      "refund_id": 2,
      "refund_number": "RFND-20260520145338491016",
      "sale_id": 102,
      "receipt_number": "RCPT-20260520145159453554",
      "total_amount": "15.64",
      "returned_to_stock": true,
      "source": "sales_refund_api"
    },
    "created_at": "2026-05-20T14:53:38.499Z"
  }
},
{
  "model": "accounts.auditlog",
  "pk": 530,
  "fields": {
    "actor": 5,
    "action": "login",
    "target_type": "user",
    "target_id": "5",
    "description": "admin2 logged in",
    "metadata": {
      "username": "admin2"
    },
    "created_at": "2026-05-20T14:53:53.899Z"
  }
},
{
  "model": "accounts.auditlog",
  "pk": 531,
  "fields": {
    "actor": 5,
    "action": "login",
    "target_type": "user",
    "target_id": "5",
    "description": "admin2 logged in",
    "metadata": {
      "username": "admin2"
    },
    "created_at": "2026-05-20T15:03:51.042Z"
  }
},
{
  "model": "accounts.auditlog",
  "pk": 532,
  "fields": {
    "actor": 5,
    "action": "refund_created",
    "target_type": "refund",
    "target_id": "3",
    "description": "Created refund RFND-20260520150640143555 for sale RCPT-20260519235654468816.",
    "metadata": {
      "refund_id": 3,
      "refund_number": "RFND-20260520150640143555",
      "sale_id": 100,
      "receipt_number": "RCPT-20260519235654468816",
      "total_amount": "4.60",
      "returned_to_stock": true,
      "source": "sales_refund_api"
    },
    "created_at": "2026-05-20T15:06:40.149Z"
  }
},
{
  "model": "accounts.auditlog",
  "pk": 533,
  "fields": {
    "actor": 5,
    "action": "login",
    "target_type": "user",
    "target_id": "5",
    "description": "admin2 logged in",
    "metadata": {
      "username": "admin2"
    },
    "created_at": "2026-05-20T21:51:12.182Z"
  }
},
{
  "model": "accounts.auditlog",
  "pk": 534,
  "fields": {
    "actor": 5,
    "action": "shift_started",
    "target_type": "shift",
    "target_id": "1779313892",
    "description": "Started shift 1779313892.",
    "metadata": {
      "shift_id": 1779313892,
      "opening_float": "300",
      "source": "accounts_shift_api"
    },
    "created_at": "2026-05-20T21:51:32.346Z"
  }
},
{
  "model": "accounts.auditlog",
  "pk": 535,
  "fields": {
    "actor": 5,
    "action": "sale_created",
    "target_type": "sale",
    "target_id": "103",
    "description": "Completed sale RCPT-20260520215154309092.",
    "metadata": {
      "sale_id": 103,
      "receipt_number": "RCPT-20260520215154309092",
      "warehouse_id": 2,
      "warehouse_name": "Branch Warehouse",
      "payment_method": "cash",
      "total_amount": "10.35",
      "shift": 1779313892,
      "terminal_id": "TERM-1777598582875-IUPAXI",
      "terminal_name": "POS Terminal 1",
      "source": "sales_api"
    },
    "created_at": "2026-05-20T21:51:54.317Z"
  }
},
{
  "model": "accounts.auditlog",
  "pk": 536,
  "fields": {
    "actor": 5,
    "action": "shift_ended",
    "target_type": "shift",
    "target_id": "1779313892",
    "description": "Ended shift 1779313892.",
    "metadata": {
      "shift_id": 1779313892,
      "expected_cash": "310.3500000000000",
      "actual_cash": "300",
      "variance": "-10.3500000000000",
      "source": "accounts_shift_api"
    },
    "created_at": "2026-05-20T21:52:28.278Z"
  }
},
{
  "model": "accounts.auditlog",
  "pk": 537,
  "fields": {
    "actor": 5,
    "action": "login",
    "target_type": "user",
    "target_id": "5",
    "description": "admin2 logged in",
    "metadata": {
      "username": "admin2"
    },
    "created_at": "2026-05-20T21:56:19.182Z"
  }
},
{
  "model": "accounts.auditlog",
  "pk": 538,
  "fields": {
    "actor": 5,
    "action": "login",
    "target_type": "user",
    "target_id": "5",
    "description": "admin2 logged in",
    "metadata": {
      "username": "admin2"
    },
    "created_at": "2026-05-20T22:01:35.753Z"
  }
},
{
  "model": "accounts.auditlog",
  "pk": 539,
  "fields": {
    "actor": 5,
    "action": "login",
    "target_type": "user",
    "target_id": "5",
    "description": "admin2 logged in",
    "metadata": {
      "username": "admin2"
    },
    "created_at": "2026-05-20T22:17:34.196Z"
  }
},
{
  "model": "accounts.auditlog",
  "pk": 540,
  "fields": {
    "actor": 5,
    "action": "shift_started",
    "target_type": "shift",
    "target_id": "1779315532",
    "description": "Started shift 1779315532.",
    "metadata": {
      "shift_id": 1779315532,
      "opening_float": "300",
      "source": "accounts_shift_api"
    },
    "created_at": "2026-05-20T22:18:52.476Z"
  }
},
{
  "model": "accounts.auditlog",
  "pk": 541,
  "fields": {
    "actor": 5,
    "action": "sale_created",
    "target_type": "sale",
    "target_id": "104",
    "description": "Completed sale RCPT-20260520221859944376.",
    "metadata": {
      "sale_id": 104,
      "receipt_number": "RCPT-20260520221859944376",
      "warehouse_id": 2,
      "warehouse_name": "Branch Warehouse",
      "payment_method": "cash",
      "total_amount": "11.50",
      "shift": 1779315532,
      "terminal_id": "TERM-1777598582875-IUPAXI",
      "terminal_name": "POS Terminal 1",
      "source": "sales_api"
    },
    "created_at": "2026-05-20T22:18:59.952Z"
  }
},
{
  "model": "accounts.auditlog",
  "pk": 542,
  "fields": {
    "actor": 5,
    "action": "shift_ended",
    "target_type": "shift",
    "target_id": "1779315532",
    "description": "Ended shift 1779315532.",
    "metadata": {
      "shift_id": 1779315532,
      "expected_cash": "311.5",
      "actual_cash": "100",
      "variance": "-211.5",
      "source": "accounts_shift_api"
    },
    "created_at": "2026-05-20T22:19:13.751Z"
  }
},
{
  "model": "accounts.auditlog",
  "pk": 543,
  "fields": {
    "actor": 5,
    "action": "login",
    "target_type": "user",
    "target_id": "5",
    "description": "admin2 logged in",
    "metadata": {
      "username": "admin2"
    },
    "created_at": "2026-05-20T22:23:22.830Z"
  }
},
{
  "model": "accounts.auditlog",
  "pk": 544,
  "fields": {
    "actor": 5,
    "action": "refund_created",
    "target_type": "refund",
    "target_id": "4",
    "description": "Created refund RFND-20260520222527294656 for sale RCPT-20260520221859944376.",
    "metadata": {
      "refund_id": 4,
      "refund_number": "RFND-20260520222527294656",
      "sale_id": 104,
      "receipt_number": "RCPT-20260520221859944376",
      "total_amount": "11.50",
      "returned_to_stock": true,
      "source": "sales_refund_api"
    },
    "created_at": "2026-05-20T22:25:27.302Z"
  }
},
{
  "model": "accounts.auditlog",
  "pk": 545,
  "fields": {
    "actor": 5,
    "action": "login",
    "target_type": "user",
    "target_id": "5",
    "description": "admin2 logged in",
    "metadata": {
      "username": "admin2"
    },
    "created_at": "2026-05-21T11:34:07.947Z"
  }
},
{
  "model": "accounts.auditlog",
  "pk": 546,
  "fields": {
    "actor": 5,
    "action": "shift_started",
    "target_type": "shift",
    "target_id": "1779363426",
    "description": "Started shift 1779363426.",
    "metadata": {
      "shift_id": 1779363426,
      "opening_float": "200",
      "source": "accounts_shift_api"
    },
    "created_at": "2026-05-21T11:37:06.078Z"
  }
},
{
  "model": "accounts.auditlog",
  "pk": 547,
  "fields": {
    "actor": 5,
    "action": "sale_created",
    "target_type": "sale",
    "target_id": "105",
    "description": "Completed sale RCPT-20260521113716410062.",
    "metadata": {
      "sale_id": 105,
      "receipt_number": "RCPT-20260521113716410062",
      "warehouse_id": 2,
      "warehouse_name": "Branch Warehouse",
      "payment_method": "cash",
      "total_amount": "44.40",
      "shift": 1779363426,
      "terminal_id": "TERM-1777598582875-IUPAXI",
      "terminal_name": "POS Terminal 1",
      "source": "sales_api"
    },
    "created_at": "2026-05-21T11:37:16.420Z"
  }
},
{
  "model": "accounts.auditlog",
  "pk": 548,
  "fields": {
    "actor": 5,
    "action": "shift_ended",
    "target_type": "shift",
    "target_id": "1779363426",
    "description": "Ended shift 1779363426.",
    "metadata": {
      "shift_id": 1779363426,
      "expected_cash": "244.4000000000000",
      "actual_cash": "120",
      "variance": "-124.4000000000000",
      "source": "accounts_shift_api"
    },
    "created_at": "2026-05-21T11:37:44.991Z"
  }
},
{
  "model": "accounts.auditlog",
  "pk": 549,
  "fields": {
    "actor": 5,
    "action": "login",
    "target_type": "user",
    "target_id": "5",
    "description": "admin2 logged in",
    "metadata": {
      "username": "admin2"
    },
    "created_at": "2026-05-21T11:39:43.873Z"
  }
},
{
  "model": "accounts.auditlog",
  "pk": 550,
  "fields": {
    "actor": 5,
    "action": "refund_created",
    "target_type": "refund",
    "target_id": "5",
    "description": "Created refund RFND-20260521114138814740 for sale RCPT-20260521113716410062.",
    "metadata": {
      "refund_id": 5,
      "refund_number": "RFND-20260521114138814740",
      "sale_id": 105,
      "receipt_number": "RCPT-20260521113716410062",
      "total_amount": "44.40",
      "returned_to_stock": true,
      "source": "sales_refund_api"
    },
    "created_at": "2026-05-21T11:41:38.823Z"
  }
},
{
  "model": "accounts.auditlog",
  "pk": 551,
  "fields": {
    "actor": 5,
    "action": "login",
    "target_type": "user",
    "target_id": "5",
    "description": "admin2 logged in",
    "metadata": {
      "username": "admin2"
    },
    "created_at": "2026-05-21T14:49:25.860Z"
  }
},
{
  "model": "accounts.auditlog",
  "pk": 552,
  "fields": {
    "actor": 5,
    "action": "login",
    "target_type": "user",
    "target_id": "5",
    "description": "admin2 logged in",
    "metadata": {
      "username": "admin2"
    },
    "created_at": "2026-05-25T13:43:23.401Z"
  }
},
{
  "model": "accounts.terminaldevice",
  "pk": 1,
  "fields": {
    "terminal_id": "TERM-1775322922152-FH4GMO",
    "terminal_name": "POS Terminal 1",
    "preferred_print_mode": "browser",
    "auto_print": true,
    "is_active": true,
    "last_seen_user": 5,
    "last_seen_at": "2026-04-23T12:03:02.441Z",
    "created_at": "2026-04-04T17:28:00.370Z",
    "updated_at": "2026-04-23T12:03:02.441Z"
  }
},
{
  "model": "accounts.anomalyscanrun",
  "pk": 1,
  "fields": {
    "scan_date": "2026-04-08",
    "started_at": "2026-04-07T23:08:51.523Z",
    "completed_at": "2026-04-07T23:08:51.559Z",
    "anomaly_count": 1,
    "auto_case_created_count": 1,
    "auto_case_reused_count": 0,
    "status": "completed"
  }
},
{
  "model": "accounts.anomalyscanrun",
  "pk": 2,
  "fields": {
    "scan_date": "2026-04-08",
    "started_at": "2026-04-07T23:10:13.484Z",
    "completed_at": "2026-04-07T23:10:13.508Z",
    "anomaly_count": 1,
    "auto_case_created_count": 0,
    "auto_case_reused_count": 1,
    "status": "completed"
  }
},
{
  "model": "accounts.storedanomaly",
  "pk": 2,
  "fields": {
    "run": 2,
    "anomaly_date": "2026-04-08",
    "anomaly_type": "repeated_cashier_shortage",
    "severity": "medium",
    "score": 65,
    "title": "Repeated shortages detected for admin",
    "description": "Cashier admin has 4 shortage shifts in recent closed shift history.",
    "metadata": {
      "cashier_username": "admin",
      "shortage_shift_count": 4
    },
    "source_reference": "cashier-shortage:admin:4",
    "case": 10,
    "created_at": "2026-04-07T23:10:13.503Z"
  }
},
{
  "model": "inventory.product",
  "pk": 1,
  "fields": {
    "name": "Rice 10kg",
    "sku": "PRD-001",
    "barcode": "100000001",
    "description": "",
    "cost_price": "3.00",
    "selling_price": "18.00",
    "reorder_level": 5,
    "is_active": true,
    "tax_rate": 1,
    "created_at": "2026-03-24T00:09:36.849Z"
  }
},
{
  "model": "inventory.product",
  "pk": 2,
  "fields": {
    "name": "Cooking Oil 2L",
    "sku": "PRD-002",
    "barcode": "100000002",
    "description": "",
    "cost_price": "4.00",
    "selling_price": "4.80",
    "reorder_level": 5,
    "is_active": true,
    "tax_rate": 1,
    "created_at": "2026-03-24T00:09:36.866Z"
  }
},
{
  "model": "inventory.product",
  "pk": 3,
  "fields": {
    "name": "Sugar 2kg",
    "sku": "PRD-003",
    "barcode": "100000003",
    "description": "",
    "cost_price": "1.90",
    "selling_price": "2.70",
    "reorder_level": 5,
    "is_active": true,
    "tax_rate": 1,
    "created_at": "2026-03-24T00:09:36.882Z"
  }
},
{
  "model": "inventory.product",
  "pk": 4,
  "fields": {
    "name": "Liquid soap",
    "sku": "PRD-004",
    "barcode": "100000004",
    "description": "1L",
    "cost_price": "3.00",
    "selling_price": "5.00",
    "reorder_level": 5,
    "is_active": true,
    "tax_rate": 1,
    "created_at": "2026-03-24T00:13:46.613Z"
  }
},
{
  "model": "inventory.product",
  "pk": 5,
  "fields": {
    "name": "Mixed fruits",
    "sku": "PRD-005",
    "barcode": "1000000044",
    "description": "Mixed dry fruits",
    "cost_price": "3.00",
    "selling_price": "5.00",
    "reorder_level": 5,
    "is_active": true,
    "tax_rate": 1,
    "created_at": "2026-03-25T01:22:55.207Z"
  }
},
{
  "model": "inventory.product",
  "pk": 6,
  "fields": {
    "name": "Flour",
    "sku": "PRD-006",
    "barcode": "1000000051",
    "description": "2kg flour",
    "cost_price": "3.50",
    "selling_price": "5.00",
    "reorder_level": 5,
    "is_active": true,
    "tax_rate": 1,
    "created_at": "2026-04-03T16:57:48.147Z"
  }
},
{
  "model": "inventory.product",
  "pk": 7,
  "fields": {
    "name": "Sugar",
    "sku": "PRD-007",
    "barcode": "1000000052",
    "description": "2kg sugar",
    "cost_price": "2.00",
    "selling_price": "4.00",
    "reorder_level": 5,
    "is_active": true,
    "tax_rate": 1,
    "created_at": "2026-04-03T17:05:14.782Z"
  }
},
{
  "model": "inventory.product",
  "pk": 8,
  "fields": {
    "name": "Orange juice",
    "sku": "PRD-008",
    "barcode": "1000000053",
    "description": "1litre",
    "cost_price": "1.50",
    "selling_price": "3.00",
    "reorder_level": 0,
    "is_active": true,
    "tax_rate": null,
    "created_at": "2026-04-03T17:07:45.573Z"
  }
},
{
  "model": "inventory.product",
  "pk": 9,
  "fields": {
    "name": "Coffee beans",
    "sku": "PRD-009",
    "barcode": "1000000054",
    "description": "1kg",
    "cost_price": "2.00",
    "selling_price": "4.00",
    "reorder_level": 0,
    "is_active": true,
    "tax_rate": 1,
    "created_at": "2026-04-03T17:20:02.154Z"
  }
},
{
  "model": "inventory.warehouse",
  "pk": 1,
  "fields": {
    "name": "Main Warehouse",
    "code": "MAIN",
    "location": "HQ",
    "is_active": true,
    "created_at": "2026-03-24T00:09:36.836Z"
  }
},
{
  "model": "inventory.warehouse",
  "pk": 2,
  "fields": {
    "name": "Branch Warehouse",
    "code": "BR01",
    "location": "Branch 1",
    "is_active": true,
    "created_at": "2026-03-24T00:09:36.843Z"
  }
},
{
  "model": "inventory.stock",
  "pk": 13,
  "fields": {
    "product": 9,
    "warehouse": 1,
    "quantity": 39,
    "updated_at": "2026-05-18T13:46:27.366Z"
  }
},
{
  "model": "inventory.stock",
  "pk": 14,
  "fields": {
    "product": 2,
    "warehouse": 1,
    "quantity": 99,
    "updated_at": "2026-05-10T10:46:41.471Z"
  }
},
{
  "model": "inventory.stock",
  "pk": 15,
  "fields": {
    "product": 8,
    "warehouse": 1,
    "quantity": 15,
    "updated_at": "2026-05-10T10:40:14.737Z"
  }
},
{
  "model": "inventory.stock",
  "pk": 16,
  "fields": {
    "product": 6,
    "warehouse": 1,
    "quantity": 200,
    "updated_at": "2026-05-18T13:55:37.806Z"
  }
},
{
  "model": "inventory.stock",
  "pk": 17,
  "fields": {
    "product": 4,
    "warehouse": 1,
    "quantity": 150,
    "updated_at": "2026-05-10T10:39:51.146Z"
  }
},
{
  "model": "inventory.stock",
  "pk": 18,
  "fields": {
    "product": 5,
    "warehouse": 1,
    "quantity": 60,
    "updated_at": "2026-05-10T10:40:02.481Z"
  }
},
{
  "model": "inventory.stock",
  "pk": 19,
  "fields": {
    "product": 1,
    "warehouse": 1,
    "quantity": 90,
    "updated_at": "2026-05-10T10:41:48.949Z"
  }
},
{
  "model": "inventory.stock",
  "pk": 20,
  "fields": {
    "product": 7,
    "warehouse": 1,
    "quantity": 100,
    "updated_at": "2026-05-10T10:40:50.025Z"
  }
},
{
  "model": "inventory.stock",
  "pk": 21,
  "fields": {
    "product": 9,
    "warehouse": 2,
    "quantity": 46,
    "updated_at": "2026-05-20T21:51:54.316Z"
  }
},
{
  "model": "inventory.stock",
  "pk": 22,
  "fields": {
    "product": 2,
    "warehouse": 2,
    "quantity": 28,
    "updated_at": "2026-05-20T14:53:38.498Z"
  }
},
{
  "model": "inventory.stock",
  "pk": 23,
  "fields": {
    "product": 6,
    "warehouse": 2,
    "quantity": 0,
    "updated_at": "2026-05-19T22:25:50.203Z"
  }
},
{
  "model": "inventory.stock",
  "pk": 24,
  "fields": {
    "product": 4,
    "warehouse": 2,
    "quantity": 14,
    "updated_at": "2026-05-20T22:25:27.301Z"
  }
},
{
  "model": "inventory.stock",
  "pk": 25,
  "fields": {
    "product": 5,
    "warehouse": 2,
    "quantity": 2,
    "updated_at": "2026-05-20T22:25:27.299Z"
  }
},
{
  "model": "inventory.stock",
  "pk": 26,
  "fields": {
    "product": 8,
    "warehouse": 2,
    "quantity": 22,
    "updated_at": "2026-05-21T11:41:38.819Z"
  }
},
{
  "model": "inventory.stock",
  "pk": 27,
  "fields": {
    "product": 1,
    "warehouse": 2,
    "quantity": 21,
    "updated_at": "2026-05-21T11:41:38.822Z"
  }
},
{
  "model": "inventory.stock",
  "pk": 28,
  "fields": {
    "product": 7,
    "warehouse": 2,
    "quantity": 46,
    "updated_at": "2026-05-20T15:06:40.148Z"
  }
},
{
  "model": "inventory.supplier",
  "pk": 1,
  "fields": {
    "name": "Jaggers wholesalers",
    "contact_person": "",
    "email": "demo@hute.com",
    "phone": "01233666",
    "address": "Harare",
    "is_active": true,
    "created_at": "2026-03-25T01:15:58.827Z"
  }
},
{
  "model": "inventory.supplier",
  "pk": 2,
  "fields": {
    "name": "Mohammed wholesalers",
    "contact_person": "",
    "email": "demo@hute.com",
    "phone": "12355588",
    "address": "Norton",
    "is_active": true,
    "created_at": "2026-03-25T01:16:24.786Z"
  }
},
{
  "model": "inventory.supplier",
  "pk": 3,
  "fields": {
    "name": "Olivine industries",
    "contact_person": "",
    "email": "demo@hute.com",
    "phone": "4788555",
    "address": "Bulawayo",
    "is_active": true,
    "created_at": "2026-03-25T01:16:51.240Z"
  }
},
{
  "model": "inventory.supplier",
  "pk": 4,
  "fields": {
    "name": "Amato wholesalers",
    "contact_person": "Makamba",
    "email": "demo@hute.com",
    "phone": "0682222",
    "address": "Masasa, Harare",
    "is_active": true,
    "created_at": "2026-04-03T17:25:20.535Z"
  }
},
{
  "model": "inventory.purchaseorder",
  "pk": 1,
  "fields": {
    "po_number": "123456",
    "supplier": 1,
    "warehouse": 1,
    "status": "received",
    "notes": "25 x Cooking 2L COOKING OIL",
    "created_by": null,
    "created_at": "2026-03-25T01:18:53.660Z"
  }
},
{
  "model": "inventory.purchaseorder",
  "pk": 2,
  "fields": {
    "po_number": "1234567",
    "supplier": 2,
    "warehouse": 1,
    "status": "submitted",
    "notes": "Liquid soap order",
    "created_by": null,
    "created_at": "2026-03-25T01:19:49.036Z"
  }
},
{
  "model": "inventory.purchaseorder",
  "pk": 3,
  "fields": {
    "po_number": "PO-E6CCAAE5",
    "supplier": 1,
    "warehouse": 1,
    "status": "partial",
    "notes": "Cooking oil order",
    "created_by": null,
    "created_at": "2026-03-26T00:30:40.305Z"
  }
},
{
  "model": "inventory.purchaseorder",
  "pk": 4,
  "fields": {
    "po_number": "PO-0E684D15",
    "supplier": 2,
    "warehouse": 2,
    "status": "submitted",
    "notes": "Liquid soap restock",
    "created_by": null,
    "created_at": "2026-03-26T00:35:40.976Z"
  }
},
{
  "model": "inventory.purchaseorder",
  "pk": 5,
  "fields": {
    "po_number": "PO-20260326225135706972",
    "supplier": 1,
    "warehouse": 1,
    "status": "received",
    "notes": "Stock update",
    "created_by": null,
    "created_at": "2026-03-26T22:51:35.707Z"
  }
},
{
  "model": "inventory.purchaseorder",
  "pk": 6,
  "fields": {
    "po_number": "PO-20260330223839005117",
    "supplier": 1,
    "warehouse": 2,
    "status": "submitted",
    "notes": "restock",
    "created_by": null,
    "created_at": "2026-03-30T22:38:39.005Z"
  }
},
{
  "model": "inventory.purchaseorder",
  "pk": 7,
  "fields": {
    "po_number": "PO-20260403170001538542",
    "supplier": 1,
    "warehouse": 2,
    "status": "partial",
    "notes": "stock refill",
    "created_by": null,
    "created_at": "2026-04-03T17:00:01.538Z"
  }
},
{
  "model": "inventory.purchaseorder",
  "pk": 8,
  "fields": {
    "po_number": "PO-20260417105412653696",
    "supplier": 4,
    "warehouse": 1,
    "status": "partial",
    "notes": "",
    "created_by": 5,
    "created_at": "2026-04-17T10:54:12.653Z"
  }
},
{
  "model": "inventory.purchaseorder",
  "pk": 9,
  "fields": {
    "po_number": "PO-20260417113422325943",
    "supplier": 2,
    "warehouse": 2,
    "status": "submitted",
    "notes": "",
    "created_by": 5,
    "created_at": "2026-04-17T11:34:22.326Z"
  }
},
{
  "model": "inventory.purchaseorder",
  "pk": 10,
  "fields": {
    "po_number": "PO-20260420234914682882",
    "supplier": 3,
    "warehouse": 1,
    "status": "submitted",
    "notes": "stock replenish",
    "created_by": 5,
    "created_at": "2026-04-20T23:49:14.683Z"
  }
},
{
  "model": "inventory.purchaseorder",
  "pk": 11,
  "fields": {
    "po_number": "PO-20260503002209919732",
    "supplier": 1,
    "warehouse": 1,
    "status": "partial",
    "notes": "Stocking",
    "created_by": 5,
    "created_at": "2026-05-03T00:22:09.920Z"
  }
},
{
  "model": "inventory.purchaseorder",
  "pk": 12,
  "fields": {
    "po_number": "PO-20260518134711526525",
    "supplier": 1,
    "warehouse": 1,
    "status": "partial",
    "notes": "stock update",
    "created_by": 5,
    "created_at": "2026-05-18T13:47:11.526Z"
  }
},
{
  "model": "inventory.purchaseorderitem",
  "pk": 1,
  "fields": {
    "purchase_order": 1,
    "product": 2,
    "quantity": 20,
    "received_quantity": 0,
    "unit_cost": "4.00"
  }
},
{
  "model": "inventory.purchaseorderitem",
  "pk": 2,
  "fields": {
    "purchase_order": 2,
    "product": 4,
    "quantity": 20,
    "received_quantity": 20,
    "unit_cost": "3.00"
  }
},
{
  "model": "inventory.purchaseorderitem",
  "pk": 3,
  "fields": {
    "purchase_order": 3,
    "product": 2,
    "quantity": 20,
    "received_quantity": 20,
    "unit_cost": "3.99"
  }
},
{
  "model": "inventory.purchaseorderitem",
  "pk": 4,
  "fields": {
    "purchase_order": 4,
    "product": 4,
    "quantity": 15,
    "received_quantity": 15,
    "unit_cost": "3.00"
  }
},
{
  "model": "inventory.purchaseorderitem",
  "pk": 5,
  "fields": {
    "purchase_order": 5,
    "product": 5,
    "quantity": 100,
    "received_quantity": 0,
    "unit_cost": "3.00"
  }
},
{
  "model": "inventory.purchaseorderitem",
  "pk": 6,
  "fields": {
    "purchase_order": 6,
    "product": 1,
    "quantity": 20,
    "received_quantity": 20,
    "unit_cost": "3.00"
  }
},
{
  "model": "inventory.purchaseorderitem",
  "pk": 7,
  "fields": {
    "purchase_order": 7,
    "product": 6,
    "quantity": 50,
    "received_quantity": 50,
    "unit_cost": "3.50"
  }
},
{
  "model": "inventory.purchaseorderitem",
  "pk": 8,
  "fields": {
    "purchase_order": 8,
    "product": 1,
    "quantity": 50,
    "received_quantity": 50,
    "unit_cost": "4.50"
  }
},
{
  "model": "inventory.purchaseorderitem",
  "pk": 9,
  "fields": {
    "purchase_order": 9,
    "product": 7,
    "quantity": 100,
    "received_quantity": 100,
    "unit_cost": "0.00"
  }
},
{
  "model": "inventory.purchaseorderitem",
  "pk": 10,
  "fields": {
    "purchase_order": 10,
    "product": 2,
    "quantity": 100,
    "received_quantity": 100,
    "unit_cost": "2.50"
  }
},
{
  "model": "inventory.purchaseorderitem",
  "pk": 11,
  "fields": {
    "purchase_order": 11,
    "product": 9,
    "quantity": 100,
    "received_quantity": 100,
    "unit_cost": "2.50"
  }
},
{
  "model": "inventory.purchaseorderitem",
  "pk": 12,
  "fields": {
    "purchase_order": 11,
    "product": 2,
    "quantity": 150,
    "received_quantity": 150,
    "unit_cost": "3.50"
  }
},
{
  "model": "inventory.purchaseorderitem",
  "pk": 13,
  "fields": {
    "purchase_order": 11,
    "product": 8,
    "quantity": 50,
    "received_quantity": 50,
    "unit_cost": "1.50"
  }
},
{
  "model": "inventory.purchaseorderitem",
  "pk": 14,
  "fields": {
    "purchase_order": 11,
    "product": 6,
    "quantity": 120,
    "received_quantity": 120,
    "unit_cost": "3.00"
  }
},
{
  "model": "inventory.purchaseorderitem",
  "pk": 15,
  "fields": {
    "purchase_order": 11,
    "product": 4,
    "quantity": 180,
    "received_quantity": 180,
    "unit_cost": "1.20"
  }
},
{
  "model": "inventory.purchaseorderitem",
  "pk": 16,
  "fields": {
    "purchase_order": 11,
    "product": 5,
    "quantity": 80,
    "received_quantity": 80,
    "unit_cost": "1.50"
  }
},
{
  "model": "inventory.purchaseorderitem",
  "pk": 17,
  "fields": {
    "purchase_order": 11,
    "product": 1,
    "quantity": 115,
    "received_quantity": 115,
    "unit_cost": "2.50"
  }
},
{
  "model": "inventory.purchaseorderitem",
  "pk": 18,
  "fields": {
    "purchase_order": 11,
    "product": 7,
    "quantity": 150,
    "received_quantity": 150,
    "unit_cost": "1.20"
  }
},
{
  "model": "inventory.purchaseorderitem",
  "pk": 19,
  "fields": {
    "purchase_order": 12,
    "product": 6,
    "quantity": 100,
    "received_quantity": 100,
    "unit_cost": "2.50"
  }
},
{
  "model": "inventory.goodsreceivednote",
  "pk": 1,
  "fields": {
    "grn_number": "GRN-AEF2172B",
    "purchase_order": 4,
    "notes": "Stock received through frontend",
    "created_by": null,
    "created_at": "2026-03-26T00:49:51.981Z"
  }
},
{
  "model": "inventory.goodsreceivednote",
  "pk": 2,
  "fields": {
    "grn_number": "GRN-3485EBD3",
    "purchase_order": 3,
    "notes": "Stock received through frontend",
    "created_by": null,
    "created_at": "2026-03-26T00:49:53.829Z"
  }
},
{
  "model": "inventory.goodsreceivednote",
  "pk": 3,
  "fields": {
    "grn_number": "GRN-C865DA93",
    "purchase_order": 2,
    "notes": "Stock received through frontend",
    "created_by": null,
    "created_at": "2026-03-26T00:51:40.396Z"
  }
},
{
  "model": "inventory.goodsreceivednote",
  "pk": 4,
  "fields": {
    "grn_number": "GRN-20260326225149622611",
    "purchase_order": 5,
    "notes": "Stock received through frontend",
    "created_by": null,
    "created_at": "2026-03-26T22:51:49.622Z"
  }
},
{
  "model": "inventory.goodsreceivednote",
  "pk": 5,
  "fields": {
    "grn_number": "GRN-20260326225240902627",
    "purchase_order": 1,
    "notes": "Stock received through frontend",
    "created_by": null,
    "created_at": "2026-03-26T22:52:40.902Z"
  }
},
{
  "model": "inventory.goodsreceivednote",
  "pk": 6,
  "fields": {
    "grn_number": "GRN-20260330223913439826",
    "purchase_order": 6,
    "notes": "Stock received through frontend",
    "created_by": null,
    "created_at": "2026-03-30T22:39:13.439Z"
  }
},
{
  "model": "inventory.goodsreceivednote",
  "pk": 7,
  "fields": {
    "grn_number": "GRN-20260403170146316917",
    "purchase_order": 7,
    "notes": "Stock received through frontend",
    "created_by": null,
    "created_at": "2026-04-03T17:01:46.317Z"
  }
},
{
  "model": "inventory.goodsreceivednote",
  "pk": 10,
  "fields": {
    "grn_number": "GRN-20260417091556476871",
    "purchase_order": 4,
    "notes": "",
    "created_by": 5,
    "created_at": "2026-04-17T09:15:56.477Z"
  }
},
{
  "model": "inventory.goodsreceivednote",
  "pk": 11,
  "fields": {
    "grn_number": "GRN-20260417093953785540",
    "purchase_order": 7,
    "notes": "",
    "created_by": 5,
    "created_at": "2026-04-17T09:39:53.785Z"
  }
},
{
  "model": "inventory.goodsreceivednote",
  "pk": 12,
  "fields": {
    "grn_number": "GRN-20260417094007400448",
    "purchase_order": 6,
    "notes": "",
    "created_by": 5,
    "created_at": "2026-04-17T09:40:07.400Z"
  }
},
{
  "model": "inventory.goodsreceivednote",
  "pk": 13,
  "fields": {
    "grn_number": "GRN-20260417094017898381",
    "purchase_order": 3,
    "notes": "",
    "created_by": 5,
    "created_at": "2026-04-17T09:40:17.898Z"
  }
},
{
  "model": "inventory.goodsreceivednote",
  "pk": 14,
  "fields": {
    "grn_number": "GRN-20260417094023161577",
    "purchase_order": 2,
    "notes": "",
    "created_by": 5,
    "created_at": "2026-04-17T09:40:23.161Z"
  }
},
{
  "model": "inventory.goodsreceivednote",
  "pk": 15,
  "fields": {
    "grn_number": "GRN-20260417094827471085",
    "purchase_order": 3,
    "notes": "",
    "created_by": 5,
    "created_at": "2026-04-17T09:48:27.471Z"
  }
},
{
  "model": "inventory.goodsreceivednote",
  "pk": 16,
  "fields": {
    "grn_number": "GRN-20260417094835921287",
    "purchase_order": 7,
    "notes": "",
    "created_by": 5,
    "created_at": "2026-04-17T09:48:35.921Z"
  }
},
{
  "model": "inventory.goodsreceivednote",
  "pk": 17,
  "fields": {
    "grn_number": "GRN-20260417105441940747",
    "purchase_order": 8,
    "notes": "",
    "created_by": 5,
    "created_at": "2026-04-17T10:54:41.940Z"
  }
},
{
  "model": "inventory.goodsreceivednote",
  "pk": 18,
  "fields": {
    "grn_number": "GRN-20260417105516428744",
    "purchase_order": 8,
    "notes": "",
    "created_by": 5,
    "created_at": "2026-04-17T10:55:16.428Z"
  }
},
{
  "model": "inventory.goodsreceivednote",
  "pk": 19,
  "fields": {
    "grn_number": "GRN-20260420235014678782",
    "purchase_order": 10,
    "notes": "",
    "created_by": 5,
    "created_at": "2026-04-20T23:50:14.678Z"
  }
},
{
  "model": "inventory.goodsreceivednote",
  "pk": 20,
  "fields": {
    "grn_number": "GRN-20260420235321764105",
    "purchase_order": 9,
    "notes": "",
    "created_by": 5,
    "created_at": "2026-04-20T23:53:21.764Z"
  }
},
{
  "model": "inventory.goodsreceivednote",
  "pk": 21,
  "fields": {
    "grn_number": "GRN-20260510103408916994",
    "purchase_order": 11,
    "notes": "",
    "created_by": 5,
    "created_at": "2026-05-10T10:34:08.917Z"
  }
},
{
  "model": "inventory.goodsreceivednote",
  "pk": 22,
  "fields": {
    "grn_number": "GRN-20260510103546693680",
    "purchase_order": 11,
    "notes": "",
    "created_by": 5,
    "created_at": "2026-05-10T10:35:46.693Z"
  }
},
{
  "model": "inventory.goodsreceivednote",
  "pk": 23,
  "fields": {
    "grn_number": "GRN-20260510103826227155",
    "purchase_order": 11,
    "notes": "",
    "created_by": 5,
    "created_at": "2026-05-10T10:38:26.227Z"
  }
},
{
  "model": "inventory.goodsreceivednote",
  "pk": 24,
  "fields": {
    "grn_number": "GRN-20260510104148946076",
    "purchase_order": 11,
    "notes": "",
    "created_by": 5,
    "created_at": "2026-05-10T10:41:48.946Z"
  }
},
{
  "model": "inventory.goodsreceivednote",
  "pk": 25,
  "fields": {
    "grn_number": "GRN-20260518134753708922",
    "purchase_order": 12,
    "notes": "part order",
    "created_by": 5,
    "created_at": "2026-05-18T13:47:53.709Z"
  }
},
{
  "model": "inventory.goodsreceivednote",
  "pk": 26,
  "fields": {
    "grn_number": "GRN-20260518135537803374",
    "purchase_order": 12,
    "notes": "",
    "created_by": 5,
    "created_at": "2026-05-18T13:55:37.803Z"
  }
},
{
  "model": "inventory.goodsreceivednoteitem",
  "pk": 1,
  "fields": {
    "grn": 10,
    "purchase_order_item": 4,
    "product": 4,
    "batch_number": "",
    "expiry_date": null,
    "quantity_received": 15,
    "unit_cost": "3.00"
  }
},
{
  "model": "inventory.goodsreceivednoteitem",
  "pk": 2,
  "fields": {
    "grn": 11,
    "purchase_order_item": 7,
    "product": 6,
    "batch_number": "",
    "expiry_date": null,
    "quantity_received": 40,
    "unit_cost": "3.50"
  }
},
{
  "model": "inventory.goodsreceivednoteitem",
  "pk": 3,
  "fields": {
    "grn": 12,
    "purchase_order_item": 6,
    "product": 1,
    "batch_number": "",
    "expiry_date": null,
    "quantity_received": 20,
    "unit_cost": "3.00"
  }
},
{
  "model": "inventory.goodsreceivednoteitem",
  "pk": 4,
  "fields": {
    "grn": 13,
    "purchase_order_item": 3,
    "product": 2,
    "batch_number": "",
    "expiry_date": null,
    "quantity_received": 10,
    "unit_cost": "3.99"
  }
},
{
  "model": "inventory.goodsreceivednoteitem",
  "pk": 5,
  "fields": {
    "grn": 14,
    "purchase_order_item": 2,
    "product": 4,
    "batch_number": "",
    "expiry_date": null,
    "quantity_received": 20,
    "unit_cost": "3.00"
  }
},
{
  "model": "inventory.goodsreceivednoteitem",
  "pk": 6,
  "fields": {
    "grn": 15,
    "purchase_order_item": 3,
    "product": 2,
    "batch_number": "",
    "expiry_date": null,
    "quantity_received": 10,
    "unit_cost": "3.99"
  }
},
{
  "model": "inventory.goodsreceivednoteitem",
  "pk": 7,
  "fields": {
    "grn": 16,
    "purchase_order_item": 7,
    "product": 6,
    "batch_number": "",
    "expiry_date": null,
    "quantity_received": 10,
    "unit_cost": "3.50"
  }
},
{
  "model": "inventory.goodsreceivednoteitem",
  "pk": 8,
  "fields": {
    "grn": 17,
    "purchase_order_item": 8,
    "product": 1,
    "batch_number": "",
    "expiry_date": null,
    "quantity_received": 35,
    "unit_cost": "4.50"
  }
},
{
  "model": "inventory.goodsreceivednoteitem",
  "pk": 9,
  "fields": {
    "grn": 18,
    "purchase_order_item": 8,
    "product": 1,
    "batch_number": "",
    "expiry_date": null,
    "quantity_received": 15,
    "unit_cost": "4.50"
  }
},
{
  "model": "inventory.goodsreceivednoteitem",
  "pk": 10,
  "fields": {
    "grn": 19,
    "purchase_order_item": 10,
    "product": 2,
    "batch_number": "CO100",
    "expiry_date": "2026-04-28",
    "quantity_received": 100,
    "unit_cost": "2.50"
  }
},
{
  "model": "inventory.goodsreceivednoteitem",
  "pk": 11,
  "fields": {
    "grn": 20,
    "purchase_order_item": 9,
    "product": 7,
    "batch_number": "SG100",
    "expiry_date": "2026-04-30",
    "quantity_received": 100,
    "unit_cost": "0.00"
  }
},
{
  "model": "inventory.goodsreceivednoteitem",
  "pk": 12,
  "fields": {
    "grn": 21,
    "purchase_order_item": 11,
    "product": 9,
    "batch_number": "BATCH-PO-20260503002209919732-11",
    "expiry_date": "2027-05-10",
    "quantity_received": 100,
    "unit_cost": "2.50"
  }
},
{
  "model": "inventory.goodsreceivednoteitem",
  "pk": 13,
  "fields": {
    "grn": 21,
    "purchase_order_item": 12,
    "product": 2,
    "batch_number": "BATCH-PO-20260503002209919732-12",
    "expiry_date": "2027-05-10",
    "quantity_received": 150,
    "unit_cost": "3.50"
  }
},
{
  "model": "inventory.goodsreceivednoteitem",
  "pk": 14,
  "fields": {
    "grn": 21,
    "purchase_order_item": 13,
    "product": 8,
    "batch_number": "BATCH-PO-20260503002209919732-13",
    "expiry_date": "2027-05-10",
    "quantity_received": 45,
    "unit_cost": "1.50"
  }
},
{
  "model": "inventory.goodsreceivednoteitem",
  "pk": 15,
  "fields": {
    "grn": 22,
    "purchase_order_item": 14,
    "product": 6,
    "batch_number": "BATCH-PO-20260503002209919732-14",
    "expiry_date": "2027-05-10",
    "quantity_received": 120,
    "unit_cost": "3.00"
  }
},
{
  "model": "inventory.goodsreceivednoteitem",
  "pk": 16,
  "fields": {
    "grn": 22,
    "purchase_order_item": 15,
    "product": 4,
    "batch_number": "BATCH-PO-20260503002209919732-15",
    "expiry_date": "2027-05-10",
    "quantity_received": 180,
    "unit_cost": "1.20"
  }
},
{
  "model": "inventory.goodsreceivednoteitem",
  "pk": 17,
  "fields": {
    "grn": 22,
    "purchase_order_item": 16,
    "product": 5,
    "batch_number": "BATCH-PO-20260503002209919732-16",
    "expiry_date": "2027-05-10",
    "quantity_received": 50,
    "unit_cost": "1.50"
  }
},
{
  "model": "inventory.goodsreceivednoteitem",
  "pk": 18,
  "fields": {
    "grn": 22,
    "purchase_order_item": 17,
    "product": 1,
    "batch_number": "BATCH-PO-20260503002209919732-17",
    "expiry_date": "2027-05-10",
    "quantity_received": 110,
    "unit_cost": "2.50"
  }
},
{
  "model": "inventory.goodsreceivednoteitem",
  "pk": 19,
  "fields": {
    "grn": 22,
    "purchase_order_item": 18,
    "product": 7,
    "batch_number": "BATCH-PO-20260503002209919732-18",
    "expiry_date": "2027-05-10",
    "quantity_received": 150,
    "unit_cost": "1.20"
  }
},
{
  "model": "inventory.goodsreceivednoteitem",
  "pk": 20,
  "fields": {
    "grn": 23,
    "purchase_order_item": 13,
    "product": 8,
    "batch_number": "BATCH-PO-20260503002209919732-13",
    "expiry_date": "2027-05-10",
    "quantity_received": 5,
    "unit_cost": "1.50"
  }
},
{
  "model": "inventory.goodsreceivednoteitem",
  "pk": 21,
  "fields": {
    "grn": 23,
    "purchase_order_item": 16,
    "product": 5,
    "batch_number": "BATCH-PO-20260503002209919732-16",
    "expiry_date": "2027-05-10",
    "quantity_received": 30,
    "unit_cost": "1.50"
  }
},
{
  "model": "inventory.goodsreceivednoteitem",
  "pk": 22,
  "fields": {
    "grn": 24,
    "purchase_order_item": 17,
    "product": 1,
    "batch_number": "BATCH-PO-20260503002209919732-17",
    "expiry_date": "2027-05-10",
    "quantity_received": 5,
    "unit_cost": "2.50"
  }
},
{
  "model": "inventory.goodsreceivednoteitem",
  "pk": 23,
  "fields": {
    "grn": 25,
    "purchase_order_item": 19,
    "product": 6,
    "batch_number": "BATCH-PO-20260518134711526525-19",
    "expiry_date": "2027-05-18",
    "quantity_received": 50,
    "unit_cost": "2.50"
  }
},
{
  "model": "inventory.goodsreceivednoteitem",
  "pk": 24,
  "fields": {
    "grn": 26,
    "purchase_order_item": 19,
    "product": 6,
    "batch_number": "BATCH-PO-20260518134711526525-19",
    "expiry_date": "2027-05-18",
    "quantity_received": 50,
    "unit_cost": "2.50"
  }
},
{
  "model": "inventory.stockbatch",
  "pk": 3,
  "fields": {
    "product": 9,
    "warehouse": 1,
    "grn": 21,
    "grn_item": 12,
    "purchase_order_item": 11,
    "batch_number": "BATCH-PO-20260503002209919732-11",
    "received_date": "2026-05-10",
    "expiry_date": "2027-05-10",
    "quantity_received": 100,
    "quantity_available": 99,
    "unit_cost": "2.50",
    "status": "active",
    "created_at": "2026-05-10T10:34:08.927Z"
  }
},
{
  "model": "inventory.stockbatch",
  "pk": 4,
  "fields": {
    "product": 2,
    "warehouse": 1,
    "grn": 21,
    "grn_item": 13,
    "purchase_order_item": 12,
    "batch_number": "BATCH-PO-20260503002209919732-12",
    "received_date": "2026-05-10",
    "expiry_date": "2027-05-10",
    "quantity_received": 150,
    "quantity_available": 149,
    "unit_cost": "3.50",
    "status": "active",
    "created_at": "2026-05-10T10:34:08.935Z"
  }
},
{
  "model": "inventory.stockbatch",
  "pk": 5,
  "fields": {
    "product": 8,
    "warehouse": 1,
    "grn": 21,
    "grn_item": 14,
    "purchase_order_item": 13,
    "batch_number": "BATCH-PO-20260503002209919732-13",
    "received_date": "2026-05-10",
    "expiry_date": "2027-05-10",
    "quantity_received": 45,
    "quantity_available": 45,
    "unit_cost": "1.50",
    "status": "active",
    "created_at": "2026-05-10T10:34:08.939Z"
  }
},
{
  "model": "inventory.stockbatch",
  "pk": 6,
  "fields": {
    "product": 6,
    "warehouse": 1,
    "grn": 22,
    "grn_item": 15,
    "purchase_order_item": 14,
    "batch_number": "BATCH-PO-20260503002209919732-14",
    "received_date": "2026-05-10",
    "expiry_date": "2027-05-10",
    "quantity_received": 120,
    "quantity_available": 120,
    "unit_cost": "3.00",
    "status": "active",
    "created_at": "2026-05-10T10:35:46.699Z"
  }
},
{
  "model": "inventory.stockbatch",
  "pk": 7,
  "fields": {
    "product": 4,
    "warehouse": 1,
    "grn": 22,
    "grn_item": 16,
    "purchase_order_item": 15,
    "batch_number": "BATCH-PO-20260503002209919732-15",
    "received_date": "2026-05-10",
    "expiry_date": "2027-05-10",
    "quantity_received": 180,
    "quantity_available": 180,
    "unit_cost": "1.20",
    "status": "active",
    "created_at": "2026-05-10T10:35:46.702Z"
  }
},
{
  "model": "inventory.stockbatch",
  "pk": 8,
  "fields": {
    "product": 5,
    "warehouse": 1,
    "grn": 22,
    "grn_item": 17,
    "purchase_order_item": 16,
    "batch_number": "BATCH-PO-20260503002209919732-16",
    "received_date": "2026-05-10",
    "expiry_date": "2027-05-10",
    "quantity_received": 50,
    "quantity_available": 50,
    "unit_cost": "1.50",
    "status": "active",
    "created_at": "2026-05-10T10:35:46.705Z"
  }
},
{
  "model": "inventory.stockbatch",
  "pk": 9,
  "fields": {
    "product": 1,
    "warehouse": 1,
    "grn": 22,
    "grn_item": 18,
    "purchase_order_item": 17,
    "batch_number": "BATCH-PO-20260503002209919732-17",
    "received_date": "2026-05-10",
    "expiry_date": "2027-05-10",
    "quantity_received": 110,
    "quantity_available": 110,
    "unit_cost": "2.50",
    "status": "active",
    "created_at": "2026-05-10T10:35:46.708Z"
  }
},
{
  "model": "inventory.stockbatch",
  "pk": 10,
  "fields": {
    "product": 7,
    "warehouse": 1,
    "grn": 22,
    "grn_item": 19,
    "purchase_order_item": 18,
    "batch_number": "BATCH-PO-20260503002209919732-18",
    "received_date": "2026-05-10",
    "expiry_date": "2027-05-10",
    "quantity_received": 150,
    "quantity_available": 150,
    "unit_cost": "1.20",
    "status": "active",
    "created_at": "2026-05-10T10:35:46.711Z"
  }
},
{
  "model": "inventory.stockbatch",
  "pk": 11,
  "fields": {
    "product": 8,
    "warehouse": 1,
    "grn": 23,
    "grn_item": 20,
    "purchase_order_item": 13,
    "batch_number": "BATCH-PO-20260503002209919732-13",
    "received_date": "2026-05-10",
    "expiry_date": "2027-05-10",
    "quantity_received": 5,
    "quantity_available": 5,
    "unit_cost": "1.50",
    "status": "active",
    "created_at": "2026-05-10T10:38:26.231Z"
  }
},
{
  "model": "inventory.stockbatch",
  "pk": 12,
  "fields": {
    "product": 5,
    "warehouse": 1,
    "grn": 23,
    "grn_item": 21,
    "purchase_order_item": 16,
    "batch_number": "BATCH-PO-20260503002209919732-16",
    "received_date": "2026-05-10",
    "expiry_date": "2027-05-10",
    "quantity_received": 30,
    "quantity_available": 30,
    "unit_cost": "1.50",
    "status": "active",
    "created_at": "2026-05-10T10:38:26.234Z"
  }
},
{
  "model": "inventory.stockbatch",
  "pk": 13,
  "fields": {
    "product": 1,
    "warehouse": 1,
    "grn": 24,
    "grn_item": 22,
    "purchase_order_item": 17,
    "batch_number": "BATCH-PO-20260503002209919732-17",
    "received_date": "2026-05-10",
    "expiry_date": "2027-05-10",
    "quantity_received": 5,
    "quantity_available": 5,
    "unit_cost": "2.50",
    "status": "active",
    "created_at": "2026-05-10T10:41:48.950Z"
  }
},
{
  "model": "inventory.stockbatch",
  "pk": 14,
  "fields": {
    "product": 6,
    "warehouse": 1,
    "grn": 25,
    "grn_item": 23,
    "purchase_order_item": 19,
    "batch_number": "BATCH-PO-20260518134711526525-19",
    "received_date": "2026-05-18",
    "expiry_date": "2027-05-18",
    "quantity_received": 50,
    "quantity_available": 50,
    "unit_cost": "2.50",
    "status": "active",
    "created_at": "2026-05-18T13:47:53.714Z"
  }
},
{
  "model": "inventory.stockbatch",
  "pk": 15,
  "fields": {
    "product": 6,
    "warehouse": 1,
    "grn": 26,
    "grn_item": 24,
    "purchase_order_item": 19,
    "batch_number": "BATCH-PO-20260518134711526525-19",
    "received_date": "2026-05-18",
    "expiry_date": "2027-05-18",
    "quantity_received": 50,
    "quantity_available": 50,
    "unit_cost": "2.50",
    "status": "active",
    "created_at": "2026-05-18T13:55:37.807Z"
  }
},
{
  "model": "inventory.stocktransfer",
  "pk": 1,
  "fields": {
    "product": 1,
    "from_warehouse": 2,
    "to_warehouse": 1,
    "quantity": 2,
    "created_by": null,
    "created_at": "2026-03-24T00:15:00.520Z"
  }
},
{
  "model": "inventory.stocktransfer",
  "pk": 2,
  "fields": {
    "product": 2,
    "from_warehouse": 1,
    "to_warehouse": 2,
    "quantity": 4,
    "created_by": null,
    "created_at": "2026-03-24T23:41:50.051Z"
  }
},
{
  "model": "inventory.stocktransfer",
  "pk": 3,
  "fields": {
    "product": 4,
    "from_warehouse": 1,
    "to_warehouse": 2,
    "quantity": 1,
    "created_by": null,
    "created_at": "2026-03-24T23:44:46.961Z"
  }
},
{
  "model": "inventory.stocktransfer",
  "pk": 4,
  "fields": {
    "product": 4,
    "from_warehouse": 1,
    "to_warehouse": 2,
    "quantity": 7,
    "created_by": null,
    "created_at": "2026-03-24T23:53:58.481Z"
  }
},
{
  "model": "inventory.stocktransfer",
  "pk": 5,
  "fields": {
    "product": 2,
    "from_warehouse": 1,
    "to_warehouse": 2,
    "quantity": 5,
    "created_by": null,
    "created_at": "2026-03-25T00:57:09.255Z"
  }
},
{
  "model": "inventory.stocktransfer",
  "pk": 6,
  "fields": {
    "product": 2,
    "from_warehouse": 2,
    "to_warehouse": 1,
    "quantity": 10,
    "created_by": null,
    "created_at": "2026-03-26T01:20:53.064Z"
  }
},
{
  "model": "inventory.stocktransfer",
  "pk": 7,
  "fields": {
    "product": 2,
    "from_warehouse": 2,
    "to_warehouse": 1,
    "quantity": 4,
    "created_by": null,
    "created_at": "2026-03-26T19:32:48.008Z"
  }
},
{
  "model": "inventory.stocktransfer",
  "pk": 8,
  "fields": {
    "product": 1,
    "from_warehouse": 1,
    "to_warehouse": 2,
    "quantity": 2,
    "created_by": 1,
    "created_at": "2026-03-26T20:08:10.857Z"
  }
},
{
  "model": "inventory.stocktransfer",
  "pk": 9,
  "fields": {
    "product": 4,
    "from_warehouse": 1,
    "to_warehouse": 2,
    "quantity": 1,
    "created_by": 1,
    "created_at": "2026-03-26T20:08:40.985Z"
  }
},
{
  "model": "inventory.stocktransfer",
  "pk": 10,
  "fields": {
    "product": 6,
    "from_warehouse": 1,
    "to_warehouse": 2,
    "quantity": 10,
    "created_by": 1,
    "created_at": "2026-04-03T17:25:59.446Z"
  }
},
{
  "model": "inventory.stocktransfer",
  "pk": 11,
  "fields": {
    "product": 5,
    "from_warehouse": 1,
    "to_warehouse": 2,
    "quantity": 10,
    "created_by": 1,
    "created_at": "2026-04-05T21:11:07.809Z"
  }
},
{
  "model": "inventory.stocktransfer",
  "pk": 12,
  "fields": {
    "product": 5,
    "from_warehouse": 1,
    "to_warehouse": 2,
    "quantity": 20,
    "created_by": 5,
    "created_at": "2026-04-14T23:50:56.955Z"
  }
},
{
  "model": "inventory.stocktransfer",
  "pk": 13,
  "fields": {
    "product": 9,
    "from_warehouse": 1,
    "to_warehouse": 2,
    "quantity": 50,
    "created_by": 5,
    "created_at": "2026-05-10T10:39:17.532Z"
  }
},
{
  "model": "inventory.stocktransfer",
  "pk": 14,
  "fields": {
    "product": 2,
    "from_warehouse": 1,
    "to_warehouse": 2,
    "quantity": 50,
    "created_by": 5,
    "created_at": "2026-05-10T10:39:28.122Z"
  }
},
{
  "model": "inventory.stocktransfer",
  "pk": 15,
  "fields": {
    "product": 6,
    "from_warehouse": 1,
    "to_warehouse": 2,
    "quantity": 20,
    "created_by": 5,
    "created_at": "2026-05-10T10:39:38.074Z"
  }
},
{
  "model": "inventory.stocktransfer",
  "pk": 16,
  "fields": {
    "product": 4,
    "from_warehouse": 1,
    "to_warehouse": 2,
    "quantity": 30,
    "created_by": 5,
    "created_at": "2026-05-10T10:39:51.146Z"
  }
},
{
  "model": "inventory.stocktransfer",
  "pk": 17,
  "fields": {
    "product": 5,
    "from_warehouse": 1,
    "to_warehouse": 2,
    "quantity": 20,
    "created_by": 5,
    "created_at": "2026-05-10T10:40:02.482Z"
  }
},
{
  "model": "inventory.stocktransfer",
  "pk": 18,
  "fields": {
    "product": 8,
    "from_warehouse": 1,
    "to_warehouse": 2,
    "quantity": 35,
    "created_by": 5,
    "created_at": "2026-05-10T10:40:14.738Z"
  }
},
{
  "model": "inventory.stocktransfer",
  "pk": 19,
  "fields": {
    "product": 1,
    "from_warehouse": 1,
    "to_warehouse": 2,
    "quantity": 25,
    "created_by": 5,
    "created_at": "2026-05-10T10:40:38.715Z"
  }
},
{
  "model": "inventory.stocktransfer",
  "pk": 20,
  "fields": {
    "product": 7,
    "from_warehouse": 1,
    "to_warehouse": 2,
    "quantity": 50,
    "created_by": 5,
    "created_at": "2026-05-10T10:40:50.026Z"
  }
},
{
  "model": "inventory.stocktransfer",
  "pk": 21,
  "fields": {
    "product": 9,
    "from_warehouse": 1,
    "to_warehouse": 2,
    "quantity": 10,
    "created_by": 5,
    "created_at": "2026-05-18T13:46:27.368Z"
  }
},
{
  "model": "sales.sale",
  "pk": 1,
  "fields": {
    "receipt_number": "",
    "warehouse": 2,
    "cashier": 1,
    "shift": null,
    "payment_method": "cash",
    "subtotal_amount": "0.00",
    "tax_amount": "0.00",
    "total_amount": "2.70",
    "terminal_id": "",
    "terminal_name": "",
    "created_at": "2026-03-24T23:27:32.864Z"
  }
},
{
  "model": "sales.sale",
  "pk": 2,
  "fields": {
    "receipt_number": "RCPT-8857CF7253",
    "warehouse": 2,
    "cashier": 1,
    "shift": null,
    "payment_method": "cash",
    "subtotal_amount": "0.00",
    "tax_amount": "0.00",
    "total_amount": "18.00",
    "terminal_id": "",
    "terminal_name": "",
    "created_at": "2026-03-24T23:39:27.777Z"
  }
},
{
  "model": "sales.sale",
  "pk": 3,
  "fields": {
    "receipt_number": "RCPT-3ED3773CE3",
    "warehouse": 2,
    "cashier": 1,
    "shift": null,
    "payment_method": "cash",
    "subtotal_amount": "0.00",
    "tax_amount": "0.00",
    "total_amount": "4.80",
    "terminal_id": "",
    "terminal_name": "",
    "created_at": "2026-03-24T23:39:32.033Z"
  }
},
{
  "model": "sales.sale",
  "pk": 4,
  "fields": {
    "receipt_number": "RCPT-A34B9D3535",
    "warehouse": 2,
    "cashier": 1,
    "shift": null,
    "payment_method": "cash",
    "subtotal_amount": "0.00",
    "tax_amount": "0.00",
    "total_amount": "2.70",
    "terminal_id": "",
    "terminal_name": "",
    "created_at": "2026-03-24T23:39:34.568Z"
  }
},
{
  "model": "sales.sale",
  "pk": 5,
  "fields": {
    "receipt_number": "RCPT-5FFADDEFF3",
    "warehouse": 2,
    "cashier": 1,
    "shift": null,
    "payment_method": "cash",
    "subtotal_amount": "0.00",
    "tax_amount": "0.00",
    "total_amount": "18.00",
    "terminal_id": "",
    "terminal_name": "",
    "created_at": "2026-03-24T23:40:29.206Z"
  }
},
{
  "model": "sales.sale",
  "pk": 6,
  "fields": {
    "receipt_number": "RCPT-5ED9F3E807",
    "warehouse": 2,
    "cashier": 1,
    "shift": null,
    "payment_method": "cash",
    "subtotal_amount": "0.00",
    "tax_amount": "0.00",
    "total_amount": "10.00",
    "terminal_id": "",
    "terminal_name": "",
    "created_at": "2026-03-24T23:45:26.839Z"
  }
},
{
  "model": "sales.sale",
  "pk": 7,
  "fields": {
    "receipt_number": "RCPT-F061D67B2F",
    "warehouse": 2,
    "cashier": 1,
    "shift": null,
    "payment_method": "cash",
    "subtotal_amount": "0.00",
    "tax_amount": "0.00",
    "total_amount": "25.00",
    "terminal_id": "",
    "terminal_name": "",
    "created_at": "2026-03-24T23:54:39.102Z"
  }
},
{
  "model": "sales.sale",
  "pk": 8,
  "fields": {
    "receipt_number": "RCPT-2236225595",
    "warehouse": 2,
    "cashier": 1,
    "shift": null,
    "payment_method": "cash",
    "subtotal_amount": "0.00",
    "tax_amount": "0.00",
    "total_amount": "20.00",
    "terminal_id": "",
    "terminal_name": "",
    "created_at": "2026-03-24T23:55:15.757Z"
  }
},
{
  "model": "sales.sale",
  "pk": 9,
  "fields": {
    "receipt_number": "RCPT-FBC549542B",
    "warehouse": 2,
    "cashier": 1,
    "shift": null,
    "payment_method": "cash",
    "subtotal_amount": "0.00",
    "tax_amount": "0.00",
    "total_amount": "72.00",
    "terminal_id": "",
    "terminal_name": "",
    "created_at": "2026-03-25T00:38:33.183Z"
  }
},
{
  "model": "sales.sale",
  "pk": 10,
  "fields": {
    "receipt_number": "RCPT-8A45F768E1",
    "warehouse": 2,
    "cashier": 1,
    "shift": null,
    "payment_method": "cash",
    "subtotal_amount": "0.00",
    "tax_amount": "0.00",
    "total_amount": "5.00",
    "terminal_id": "",
    "terminal_name": "",
    "created_at": "2026-03-25T00:38:37.801Z"
  }
},
{
  "model": "sales.sale",
  "pk": 11,
  "fields": {
    "receipt_number": "RCPT-287116276B",
    "warehouse": 2,
    "cashier": 1,
    "shift": null,
    "payment_method": "cash",
    "subtotal_amount": "0.00",
    "tax_amount": "0.00",
    "total_amount": "10.80",
    "terminal_id": "",
    "terminal_name": "",
    "created_at": "2026-03-25T00:38:42.240Z"
  }
},
{
  "model": "sales.sale",
  "pk": 12,
  "fields": {
    "receipt_number": "RCPT-B058041F42",
    "warehouse": 2,
    "cashier": 1,
    "shift": null,
    "payment_method": "cash",
    "subtotal_amount": "0.00",
    "tax_amount": "0.00",
    "total_amount": "18.00",
    "terminal_id": "",
    "terminal_name": "",
    "created_at": "2026-03-25T00:48:14.917Z"
  }
},
{
  "model": "sales.sale",
  "pk": 13,
  "fields": {
    "receipt_number": "RCPT-828F95D584",
    "warehouse": 1,
    "cashier": 1,
    "shift": null,
    "payment_method": "cash",
    "subtotal_amount": "0.00",
    "tax_amount": "0.00",
    "total_amount": "5.00",
    "terminal_id": "",
    "terminal_name": "",
    "created_at": "2026-03-25T00:56:30.124Z"
  }
},
{
  "model": "sales.sale",
  "pk": 14,
  "fields": {
    "receipt_number": "RCPT-EEC559DF05",
    "warehouse": 1,
    "cashier": 1,
    "shift": null,
    "payment_method": "cash",
    "subtotal_amount": "0.00",
    "tax_amount": "0.00",
    "total_amount": "2.70",
    "terminal_id": "",
    "terminal_name": "",
    "created_at": "2026-03-25T00:56:32.077Z"
  }
},
{
  "model": "sales.sale",
  "pk": 15,
  "fields": {
    "receipt_number": "RCPT-C729EBAF33",
    "warehouse": 2,
    "cashier": 1,
    "shift": null,
    "payment_method": "cash",
    "subtotal_amount": "0.00",
    "tax_amount": "0.00",
    "total_amount": "2.70",
    "terminal_id": "",
    "terminal_name": "",
    "created_at": "2026-03-25T01:03:48.363Z"
  }
},
{
  "model": "sales.sale",
  "pk": 16,
  "fields": {
    "receipt_number": "RCPT-62C31EAFE1",
    "warehouse": 2,
    "cashier": 1,
    "shift": null,
    "payment_method": "cash",
    "subtotal_amount": "0.00",
    "tax_amount": "0.00",
    "total_amount": "18.00",
    "terminal_id": "",
    "terminal_name": "",
    "created_at": "2026-03-26T19:33:07.437Z"
  }
},
{
  "model": "sales.sale",
  "pk": 17,
  "fields": {
    "receipt_number": "RCPT-6E9EF1790D",
    "warehouse": 2,
    "cashier": 1,
    "shift": null,
    "payment_method": "cash",
    "subtotal_amount": "0.00",
    "tax_amount": "0.00",
    "total_amount": "18.00",
    "terminal_id": "",
    "terminal_name": "",
    "created_at": "2026-03-26T22:02:14.282Z"
  }
},
{
  "model": "sales.sale",
  "pk": 18,
  "fields": {
    "receipt_number": "RCPT-7D5A7269CB",
    "warehouse": 2,
    "cashier": 1,
    "shift": null,
    "payment_method": "cash",
    "subtotal_amount": "0.00",
    "tax_amount": "0.00",
    "total_amount": "5.00",
    "terminal_id": "",
    "terminal_name": "",
    "created_at": "2026-03-26T22:03:45.073Z"
  }
},
{
  "model": "sales.sale",
  "pk": 19,
  "fields": {
    "receipt_number": "RCPT-1A73690818",
    "warehouse": 2,
    "cashier": 1,
    "shift": null,
    "payment_method": "cash",
    "subtotal_amount": "0.00",
    "tax_amount": "0.00",
    "total_amount": "5.00",
    "terminal_id": "",
    "terminal_name": "",
    "created_at": "2026-03-29T20:54:07.793Z"
  }
},
{
  "model": "sales.sale",
  "pk": 20,
  "fields": {
    "receipt_number": "RCPT-20260403164748490391",
    "warehouse": 2,
    "cashier": 2,
    "shift": null,
    "payment_method": "cash",
    "subtotal_amount": "0.00",
    "tax_amount": "0.00",
    "total_amount": "0.00",
    "terminal_id": "",
    "terminal_name": "",
    "created_at": "2026-04-03T16:47:48.490Z"
  }
},
{
  "model": "sales.sale",
  "pk": 21,
  "fields": {
    "receipt_number": "RCPT-20260403164755209597",
    "warehouse": 2,
    "cashier": 2,
    "shift": null,
    "payment_method": "cash",
    "subtotal_amount": "0.00",
    "tax_amount": "0.00",
    "total_amount": "0.00",
    "terminal_id": "",
    "terminal_name": "",
    "created_at": "2026-04-03T16:47:55.209Z"
  }
},
{
  "model": "sales.sale",
  "pk": 22,
  "fields": {
    "receipt_number": "RCPT-20260403164757970730",
    "warehouse": 2,
    "cashier": 2,
    "shift": null,
    "payment_method": "cash",
    "subtotal_amount": "0.00",
    "tax_amount": "0.00",
    "total_amount": "0.00",
    "terminal_id": "",
    "terminal_name": "",
    "created_at": "2026-04-03T16:47:57.970Z"
  }
},
{
  "model": "sales.sale",
  "pk": 23,
  "fields": {
    "receipt_number": "RCPT-20260403164813929712",
    "warehouse": 1,
    "cashier": 2,
    "shift": null,
    "payment_method": "cash",
    "subtotal_amount": "0.00",
    "tax_amount": "0.00",
    "total_amount": "5.00",
    "terminal_id": "",
    "terminal_name": "",
    "created_at": "2026-04-03T16:48:13.929Z"
  }
},
{
  "model": "sales.sale",
  "pk": 24,
  "fields": {
    "receipt_number": "RCPT-20260403172118570254",
    "warehouse": 2,
    "cashier": 1,
    "shift": null,
    "payment_method": "cash",
    "subtotal_amount": "0.00",
    "tax_amount": "0.00",
    "total_amount": "5.00",
    "terminal_id": "",
    "terminal_name": "",
    "created_at": "2026-04-03T17:21:18.570Z"
  }
},
{
  "model": "sales.sale",
  "pk": 25,
  "fields": {
    "receipt_number": "RCPT-20260403235653097766",
    "warehouse": 2,
    "cashier": 1,
    "shift": null,
    "payment_method": "cash",
    "subtotal_amount": "0.00",
    "tax_amount": "0.00",
    "total_amount": "0.00",
    "terminal_id": "",
    "terminal_name": "",
    "created_at": "2026-04-03T23:56:53.098Z"
  }
},
{
  "model": "sales.sale",
  "pk": 26,
  "fields": {
    "receipt_number": "RCPT-20260403235700182488",
    "warehouse": 2,
    "cashier": 1,
    "shift": null,
    "payment_method": "cash",
    "subtotal_amount": "0.00",
    "tax_amount": "0.00",
    "total_amount": "4.80",
    "terminal_id": "",
    "terminal_name": "",
    "created_at": "2026-04-03T23:57:00.182Z"
  }
},
{
  "model": "sales.sale",
  "pk": 27,
  "fields": {
    "receipt_number": "RCPT-20260403235714479295",
    "warehouse": 2,
    "cashier": 1,
    "shift": null,
    "payment_method": "cash",
    "subtotal_amount": "0.00",
    "tax_amount": "0.00",
    "total_amount": "0.00",
    "terminal_id": "",
    "terminal_name": "",
    "created_at": "2026-04-03T23:57:14.479Z"
  }
},
{
  "model": "sales.sale",
  "pk": 28,
  "fields": {
    "receipt_number": "RCPT-20260404000342757539",
    "warehouse": 2,
    "cashier": 1,
    "shift": null,
    "payment_method": "cash",
    "subtotal_amount": "0.00",
    "tax_amount": "0.00",
    "total_amount": "0.00",
    "terminal_id": "",
    "terminal_name": "",
    "created_at": "2026-04-04T00:03:42.757Z"
  }
},
{
  "model": "sales.sale",
  "pk": 29,
  "fields": {
    "receipt_number": "RCPT-20260404000433268516",
    "warehouse": 2,
    "cashier": 1,
    "shift": null,
    "payment_method": "cash",
    "subtotal_amount": "0.00",
    "tax_amount": "0.00",
    "total_amount": "5.00",
    "terminal_id": "",
    "terminal_name": "",
    "created_at": "2026-04-04T00:04:33.268Z"
  }
},
{
  "model": "sales.sale",
  "pk": 30,
  "fields": {
    "receipt_number": "RCPT-20260404002920031447",
    "warehouse": 2,
    "cashier": 1,
    "shift": null,
    "payment_method": "cash",
    "subtotal_amount": "0.00",
    "tax_amount": "0.00",
    "total_amount": "5.00",
    "terminal_id": "",
    "terminal_name": "",
    "created_at": "2026-04-04T00:29:20.031Z"
  }
},
{
  "model": "sales.sale",
  "pk": 31,
  "fields": {
    "receipt_number": "RCPT-20260404181102105199",
    "warehouse": 2,
    "cashier": 1,
    "shift": null,
    "payment_method": "cash",
    "subtotal_amount": "0.00",
    "tax_amount": "0.00",
    "total_amount": "0.00",
    "terminal_id": "",
    "terminal_name": "",
    "created_at": "2026-04-04T18:11:02.105Z"
  }
},
{
  "model": "sales.sale",
  "pk": 32,
  "fields": {
    "receipt_number": "RCPT-20260404181151255145",
    "warehouse": 2,
    "cashier": 1,
    "shift": null,
    "payment_method": "cash",
    "subtotal_amount": "0.00",
    "tax_amount": "0.00",
    "total_amount": "0.00",
    "terminal_id": "",
    "terminal_name": "",
    "created_at": "2026-04-04T18:11:51.255Z"
  }
},
{
  "model": "sales.sale",
  "pk": 33,
  "fields": {
    "receipt_number": "RCPT-20260404193922616058",
    "warehouse": 2,
    "cashier": 1,
    "shift": null,
    "payment_method": "cash",
    "subtotal_amount": "0.00",
    "tax_amount": "0.00",
    "total_amount": "0.00",
    "terminal_id": "",
    "terminal_name": "",
    "created_at": "2026-04-04T19:39:22.616Z"
  }
},
{
  "model": "sales.sale",
  "pk": 34,
  "fields": {
    "receipt_number": "RCPT-20260404194142510034",
    "warehouse": 2,
    "cashier": 1,
    "shift": null,
    "payment_method": "cash",
    "subtotal_amount": "0.00",
    "tax_amount": "0.00",
    "total_amount": "0.00",
    "terminal_id": "",
    "terminal_name": "",
    "created_at": "2026-04-04T19:41:42.510Z"
  }
},
{
  "model": "sales.sale",
  "pk": 35,
  "fields": {
    "receipt_number": "RCPT-20260404200038773812",
    "warehouse": 2,
    "cashier": 1,
    "shift": null,
    "payment_method": "cash",
    "subtotal_amount": "0.00",
    "tax_amount": "0.00",
    "total_amount": "4.80",
    "terminal_id": "",
    "terminal_name": "",
    "created_at": "2026-04-04T20:00:38.774Z"
  }
},
{
  "model": "sales.sale",
  "pk": 36,
  "fields": {
    "receipt_number": "RCPT-20260404202002314413",
    "warehouse": 2,
    "cashier": 1,
    "shift": null,
    "payment_method": "cash",
    "subtotal_amount": "0.00",
    "tax_amount": "0.00",
    "total_amount": "5.00",
    "terminal_id": "",
    "terminal_name": "",
    "created_at": "2026-04-04T20:20:02.314Z"
  }
},
{
  "model": "sales.sale",
  "pk": 37,
  "fields": {
    "receipt_number": "RCPT-20260404202524800084",
    "warehouse": 2,
    "cashier": 1,
    "shift": null,
    "payment_method": "cash",
    "subtotal_amount": "0.00",
    "tax_amount": "0.00",
    "total_amount": "5.00",
    "terminal_id": "",
    "terminal_name": "",
    "created_at": "2026-04-04T20:25:24.800Z"
  }
},
{
  "model": "sales.sale",
  "pk": 38,
  "fields": {
    "receipt_number": "RCPT-20260404202740138856",
    "warehouse": 2,
    "cashier": 1,
    "shift": null,
    "payment_method": "cash",
    "subtotal_amount": "0.00",
    "tax_amount": "0.00",
    "total_amount": "2.70",
    "terminal_id": "",
    "terminal_name": "",
    "created_at": "2026-04-04T20:27:40.139Z"
  }
},
{
  "model": "sales.sale",
  "pk": 39,
  "fields": {
    "receipt_number": "RCPT-20260405025013771387",
    "warehouse": 2,
    "cashier": 1,
    "shift": null,
    "payment_method": "cash",
    "subtotal_amount": "0.00",
    "tax_amount": "0.00",
    "total_amount": "0.00",
    "terminal_id": "",
    "terminal_name": "",
    "created_at": "2026-04-05T02:50:13.771Z"
  }
},
{
  "model": "sales.sale",
  "pk": 40,
  "fields": {
    "receipt_number": "RCPT-20260405025019208238",
    "warehouse": 2,
    "cashier": 1,
    "shift": null,
    "payment_method": "cash",
    "subtotal_amount": "0.00",
    "tax_amount": "0.00",
    "total_amount": "0.00",
    "terminal_id": "",
    "terminal_name": "",
    "created_at": "2026-04-05T02:50:19.208Z"
  }
},
{
  "model": "sales.sale",
  "pk": 41,
  "fields": {
    "receipt_number": "RCPT-20260405025025114381",
    "warehouse": 2,
    "cashier": 1,
    "shift": null,
    "payment_method": "cash",
    "subtotal_amount": "0.00",
    "tax_amount": "0.00",
    "total_amount": "0.00",
    "terminal_id": "",
    "terminal_name": "",
    "created_at": "2026-04-05T02:50:25.114Z"
  }
},
{
  "model": "sales.sale",
  "pk": 42,
  "fields": {
    "receipt_number": "RCPT-20260405025613225824",
    "warehouse": 2,
    "cashier": 2,
    "shift": null,
    "payment_method": "cash",
    "subtotal_amount": "0.00",
    "tax_amount": "0.00",
    "total_amount": "5.00",
    "terminal_id": "",
    "terminal_name": "",
    "created_at": "2026-04-05T02:56:13.225Z"
  }
},
{
  "model": "sales.sale",
  "pk": 43,
  "fields": {
    "receipt_number": "RCPT-20260405025630632882",
    "warehouse": 2,
    "cashier": 2,
    "shift": null,
    "payment_method": "cash",
    "subtotal_amount": "0.00",
    "tax_amount": "0.00",
    "total_amount": "18.00",
    "terminal_id": "",
    "terminal_name": "",
    "created_at": "2026-04-05T02:56:30.633Z"
  }
},
{
  "model": "sales.sale",
  "pk": 44,
  "fields": {
    "receipt_number": "RCPT-20260405202417869493",
    "warehouse": 2,
    "cashier": 1,
    "shift": null,
    "payment_method": "cash",
    "subtotal_amount": "0.00",
    "tax_amount": "0.00",
    "total_amount": "0.00",
    "terminal_id": "",
    "terminal_name": "",
    "created_at": "2026-04-05T20:24:17.869Z"
  }
},
{
  "model": "sales.sale",
  "pk": 45,
  "fields": {
    "receipt_number": "RCPT-20260405204016026271",
    "warehouse": 2,
    "cashier": 1,
    "shift": null,
    "payment_method": "cash",
    "subtotal_amount": "0.00",
    "tax_amount": "0.00",
    "total_amount": "0.00",
    "terminal_id": "",
    "terminal_name": "",
    "created_at": "2026-04-05T20:40:16.026Z"
  }
},
{
  "model": "sales.sale",
  "pk": 46,
  "fields": {
    "receipt_number": "RCPT-20260405211012909165",
    "warehouse": 2,
    "cashier": 1,
    "shift": "5",
    "payment_method": "cash",
    "subtotal_amount": "0.00",
    "tax_amount": "0.00",
    "total_amount": "0.00",
    "terminal_id": "",
    "terminal_name": "",
    "created_at": "2026-04-05T21:10:12.909Z"
  }
},
{
  "model": "sales.sale",
  "pk": 47,
  "fields": {
    "receipt_number": "RCPT-20260405211645810854",
    "warehouse": 2,
    "cashier": 1,
    "shift": "6",
    "payment_method": "cash",
    "subtotal_amount": "0.00",
    "tax_amount": "0.00",
    "total_amount": "0.00",
    "terminal_id": "",
    "terminal_name": "",
    "created_at": "2026-04-05T21:16:45.811Z"
  }
},
{
  "model": "sales.sale",
  "pk": 48,
  "fields": {
    "receipt_number": "RCPT-20260405213213071328",
    "warehouse": 2,
    "cashier": 1,
    "shift": "7",
    "payment_method": "cash",
    "subtotal_amount": "0.00",
    "tax_amount": "0.00",
    "total_amount": "0.00",
    "terminal_id": "",
    "terminal_name": "",
    "created_at": "2026-04-05T21:32:13.071Z"
  }
},
{
  "model": "sales.sale",
  "pk": 49,
  "fields": {
    "receipt_number": "RCPT-20260405213258694710",
    "warehouse": 2,
    "cashier": 2,
    "shift": "8",
    "payment_method": "cash",
    "subtotal_amount": "0.00",
    "tax_amount": "0.00",
    "total_amount": "0.00",
    "terminal_id": "",
    "terminal_name": "",
    "created_at": "2026-04-05T21:32:58.694Z"
  }
},
{
  "model": "sales.sale",
  "pk": 50,
  "fields": {
    "receipt_number": "RCPT-20260405231834259293",
    "warehouse": 2,
    "cashier": 1,
    "shift": "9",
    "payment_method": "cash",
    "subtotal_amount": "0.00",
    "tax_amount": "0.00",
    "total_amount": "10.00",
    "terminal_id": "",
    "terminal_name": "",
    "created_at": "2026-04-05T23:18:34.259Z"
  }
},
{
  "model": "sales.sale",
  "pk": 51,
  "fields": {
    "receipt_number": "RCPT-20260405233903917457",
    "warehouse": 2,
    "cashier": 1,
    "shift": "10",
    "payment_method": "cash",
    "subtotal_amount": "0.00",
    "tax_amount": "0.00",
    "total_amount": "0.00",
    "terminal_id": "",
    "terminal_name": "",
    "created_at": "2026-04-05T23:39:03.917Z"
  }
},
{
  "model": "sales.sale",
  "pk": 52,
  "fields": {
    "receipt_number": "RCPT-20260405233907084413",
    "warehouse": 2,
    "cashier": 1,
    "shift": "10",
    "payment_method": "cash",
    "subtotal_amount": "0.00",
    "tax_amount": "0.00",
    "total_amount": "0.00",
    "terminal_id": "",
    "terminal_name": "",
    "created_at": "2026-04-05T23:39:07.084Z"
  }
},
{
  "model": "sales.sale",
  "pk": 53,
  "fields": {
    "receipt_number": "RCPT-20260407231854778517",
    "warehouse": 2,
    "cashier": 1,
    "shift": "11",
    "payment_method": "cash",
    "subtotal_amount": "0.00",
    "tax_amount": "0.00",
    "total_amount": "0.00",
    "terminal_id": "",
    "terminal_name": "",
    "created_at": "2026-04-07T23:18:54.778Z"
  }
},
{
  "model": "sales.sale",
  "pk": 54,
  "fields": {
    "receipt_number": "RCPT-20260407232018871351",
    "warehouse": 2,
    "cashier": 1,
    "shift": "12",
    "payment_method": "cash",
    "subtotal_amount": "0.00",
    "tax_amount": "0.00",
    "total_amount": "0.00",
    "terminal_id": "",
    "terminal_name": "",
    "created_at": "2026-04-07T23:20:18.871Z"
  }
},
{
  "model": "sales.sale",
  "pk": 55,
  "fields": {
    "receipt_number": "RCPT-20260413105342188825",
    "warehouse": 2,
    "cashier": 1,
    "shift": "13",
    "payment_method": "cash",
    "subtotal_amount": "0.00",
    "tax_amount": "0.00",
    "total_amount": "20.00",
    "terminal_id": "",
    "terminal_name": "",
    "created_at": "2026-04-13T10:53:42.189Z"
  }
},
{
  "model": "sales.sale",
  "pk": 56,
  "fields": {
    "receipt_number": "RCPT-20260413142223600144",
    "warehouse": 2,
    "cashier": 1,
    "shift": "14",
    "payment_method": "cash",
    "subtotal_amount": "0.00",
    "tax_amount": "0.00",
    "total_amount": "10.00",
    "terminal_id": "",
    "terminal_name": "",
    "created_at": "2026-04-13T14:22:23.600Z"
  }
},
{
  "model": "sales.sale",
  "pk": 57,
  "fields": {
    "receipt_number": "RCPT-20260413143615197100",
    "warehouse": 2,
    "cashier": 1,
    "shift": "15",
    "payment_method": "cash",
    "subtotal_amount": "0.00",
    "tax_amount": "0.00",
    "total_amount": "28.00",
    "terminal_id": "",
    "terminal_name": "",
    "created_at": "2026-04-13T14:36:15.197Z"
  }
},
{
  "model": "sales.sale",
  "pk": 58,
  "fields": {
    "receipt_number": "RCPT-20260413151217003285",
    "warehouse": 2,
    "cashier": 1,
    "shift": "16",
    "payment_method": "cash",
    "subtotal_amount": "0.00",
    "tax_amount": "0.00",
    "total_amount": "0.00",
    "terminal_id": "",
    "terminal_name": "",
    "created_at": "2026-04-13T15:12:17.003Z"
  }
},
{
  "model": "sales.sale",
  "pk": 59,
  "fields": {
    "receipt_number": "RCPT-20260413215525290198",
    "warehouse": 2,
    "cashier": 5,
    "shift": "18",
    "payment_method": "cash",
    "subtotal_amount": "0.00",
    "tax_amount": "0.00",
    "total_amount": "0.00",
    "terminal_id": "",
    "terminal_name": "",
    "created_at": "2026-04-13T21:55:25.290Z"
  }
},
{
  "model": "sales.sale",
  "pk": 60,
  "fields": {
    "receipt_number": "RCPT-20260413215528033059",
    "warehouse": 2,
    "cashier": 5,
    "shift": "18",
    "payment_method": "cash",
    "subtotal_amount": "0.00",
    "tax_amount": "0.00",
    "total_amount": "0.00",
    "terminal_id": "",
    "terminal_name": "",
    "created_at": "2026-04-13T21:55:28.033Z"
  }
},
{
  "model": "sales.sale",
  "pk": 61,
  "fields": {
    "receipt_number": "RCPT-20260413215535680832",
    "warehouse": 2,
    "cashier": 5,
    "shift": "18",
    "payment_method": "cash",
    "subtotal_amount": "0.00",
    "tax_amount": "0.00",
    "total_amount": "0.00",
    "terminal_id": "",
    "terminal_name": "",
    "created_at": "2026-04-13T21:55:35.681Z"
  }
},
{
  "model": "sales.sale",
  "pk": 62,
  "fields": {
    "receipt_number": "RCPT-20260413215607018012",
    "warehouse": 2,
    "cashier": 5,
    "shift": "18",
    "payment_method": "cash",
    "subtotal_amount": "0.00",
    "tax_amount": "0.00",
    "total_amount": "0.00",
    "terminal_id": "",
    "terminal_name": "",
    "created_at": "2026-04-13T21:56:07.018Z"
  }
},
{
  "model": "sales.sale",
  "pk": 63,
  "fields": {
    "receipt_number": "RCPT-20260413215620917973",
    "warehouse": 2,
    "cashier": 5,
    "shift": "18",
    "payment_method": "cash",
    "subtotal_amount": "0.00",
    "tax_amount": "0.00",
    "total_amount": "0.00",
    "terminal_id": "",
    "terminal_name": "",
    "created_at": "2026-04-13T21:56:20.918Z"
  }
},
{
  "model": "sales.sale",
  "pk": 64,
  "fields": {
    "receipt_number": "RCPT-20260413215638719612",
    "warehouse": 2,
    "cashier": 5,
    "shift": "18",
    "payment_method": "cash",
    "subtotal_amount": "0.00",
    "tax_amount": "0.00",
    "total_amount": "56.70",
    "terminal_id": "",
    "terminal_name": "",
    "created_at": "2026-04-13T21:56:38.719Z"
  }
},
{
  "model": "sales.sale",
  "pk": 65,
  "fields": {
    "receipt_number": "RCPT-20260413224354094974",
    "warehouse": 2,
    "cashier": 5,
    "shift": "19",
    "payment_method": "cash",
    "subtotal_amount": "0.00",
    "tax_amount": "0.00",
    "total_amount": "9.80",
    "terminal_id": "",
    "terminal_name": "",
    "created_at": "2026-04-13T22:43:54.095Z"
  }
},
{
  "model": "sales.sale",
  "pk": 66,
  "fields": {
    "receipt_number": "SALE-20260414163836883531",
    "warehouse": 2,
    "cashier": 5,
    "shift": "20",
    "payment_method": "cash",
    "subtotal_amount": "0.00",
    "tax_amount": "0.00",
    "total_amount": "20.00",
    "terminal_id": "TERM-1775322922152-FH4GMO",
    "terminal_name": "POS Terminal 1",
    "created_at": "2026-04-14T15:38:36.883Z"
  }
},
{
  "model": "sales.sale",
  "pk": 67,
  "fields": {
    "receipt_number": "SALE-20260414172834819198",
    "warehouse": 2,
    "cashier": 5,
    "shift": "21",
    "payment_method": "cash",
    "subtotal_amount": "0.00",
    "tax_amount": "0.00",
    "total_amount": "9.80",
    "terminal_id": "TERM-1775322922152-FH4GMO",
    "terminal_name": "POS Terminal 1",
    "created_at": "2026-04-14T16:28:34.819Z"
  }
},
{
  "model": "sales.sale",
  "pk": 68,
  "fields": {
    "receipt_number": "SALE-20260414173145089838",
    "warehouse": 2,
    "cashier": 5,
    "shift": "21",
    "payment_method": "cash",
    "subtotal_amount": "0.00",
    "tax_amount": "0.00",
    "total_amount": "5.75",
    "terminal_id": "TERM-1775322922152-FH4GMO",
    "terminal_name": "POS Terminal 1",
    "created_at": "2026-04-14T16:31:45.090Z"
  }
},
{
  "model": "sales.sale",
  "pk": 69,
  "fields": {
    "receipt_number": "SALE-20260414173233370646",
    "warehouse": 2,
    "cashier": 5,
    "shift": "21",
    "payment_method": "cash",
    "subtotal_amount": "0.00",
    "tax_amount": "0.00",
    "total_amount": "26.45",
    "terminal_id": "TERM-1775322922152-FH4GMO",
    "terminal_name": "POS Terminal 1",
    "created_at": "2026-04-14T16:32:33.370Z"
  }
},
{
  "model": "sales.sale",
  "pk": 70,
  "fields": {
    "receipt_number": "SALE-20260415004908120100",
    "warehouse": 2,
    "cashier": 5,
    "shift": "21",
    "payment_method": "cash",
    "subtotal_amount": "0.00",
    "tax_amount": "0.00",
    "total_amount": "41.06",
    "terminal_id": "TERM-1775322922152-FH4GMO",
    "terminal_name": "POS Terminal 1",
    "created_at": "2026-04-14T23:49:08.120Z"
  }
},
{
  "model": "sales.sale",
  "pk": 71,
  "fields": {
    "receipt_number": "SALE-20260417104321680168",
    "warehouse": 2,
    "cashier": 5,
    "shift": "22",
    "payment_method": "cash",
    "subtotal_amount": "0.00",
    "tax_amount": "0.00",
    "total_amount": "28.52",
    "terminal_id": "TERM-1775322922152-FH4GMO",
    "terminal_name": "POS Terminal 1",
    "created_at": "2026-04-17T09:43:21.680Z"
  }
},
{
  "model": "sales.sale",
  "pk": 72,
  "fields": {
    "receipt_number": "SALE-20260417125923181155",
    "warehouse": 2,
    "cashier": 5,
    "shift": "23",
    "payment_method": "cash",
    "subtotal_amount": "0.00",
    "tax_amount": "0.00",
    "total_amount": "46.92",
    "terminal_id": "TERM-1775322922152-FH4GMO",
    "terminal_name": "POS Terminal 1",
    "created_at": "2026-04-17T11:59:23.181Z"
  }
},
{
  "model": "sales.sale",
  "pk": 73,
  "fields": {
    "receipt_number": "SALE-20260417130015517442",
    "warehouse": 2,
    "cashier": 5,
    "shift": "24",
    "payment_method": "cash",
    "subtotal_amount": "0.00",
    "tax_amount": "0.00",
    "total_amount": "5.52",
    "terminal_id": "TERM-1775322922152-FH4GMO",
    "terminal_name": "POS Terminal 1",
    "created_at": "2026-04-17T12:00:15.517Z"
  }
},
{
  "model": "sales.sale",
  "pk": 74,
  "fields": {
    "receipt_number": "RCPT-20260510104641461936",
    "warehouse": 1,
    "cashier": 5,
    "shift": null,
    "payment_method": "cash",
    "subtotal_amount": "8.80",
    "tax_amount": "1.32",
    "total_amount": "10.12",
    "terminal_id": "TERM-1777598582875-IUPAXI",
    "terminal_name": "POS Terminal 1",
    "created_at": "2026-05-10T10:46:41.462Z"
  }
},
{
  "model": "sales.sale",
  "pk": 75,
  "fields": {
    "receipt_number": "RCPT-20260510104819836626",
    "warehouse": 2,
    "cashier": 5,
    "shift": null,
    "payment_method": "cash",
    "subtotal_amount": "22.00",
    "tax_amount": "3.30",
    "total_amount": "25.30",
    "terminal_id": "TERM-1777598582875-IUPAXI",
    "terminal_name": "POS Terminal 1",
    "created_at": "2026-05-10T10:48:19.836Z"
  }
},
{
  "model": "sales.sale",
  "pk": 76,
  "fields": {
    "receipt_number": "RCPT-20260510104850365733",
    "warehouse": 2,
    "cashier": 5,
    "shift": null,
    "payment_method": "cash",
    "subtotal_amount": "23.60",
    "tax_amount": "3.54",
    "total_amount": "27.14",
    "terminal_id": "TERM-1777598582875-IUPAXI",
    "terminal_name": "POS Terminal 1",
    "created_at": "2026-05-10T10:48:50.366Z"
  }
},
{
  "model": "sales.sale",
  "pk": 77,
  "fields": {
    "receipt_number": "RCPT-20260510134605162499",
    "warehouse": 2,
    "cashier": 5,
    "shift": null,
    "payment_method": "cash",
    "subtotal_amount": "39.60",
    "tax_amount": "5.04",
    "total_amount": "44.64",
    "terminal_id": "TERM-1777598582875-IUPAXI",
    "terminal_name": "POS Terminal 1",
    "created_at": "2026-05-10T13:46:05.162Z"
  }
},
{
  "model": "sales.sale",
  "pk": 78,
  "fields": {
    "receipt_number": "RCPT-20260510135252974556",
    "warehouse": 2,
    "cashier": 5,
    "shift": null,
    "payment_method": "cash",
    "subtotal_amount": "25.00",
    "tax_amount": "3.75",
    "total_amount": "28.75",
    "terminal_id": "TERM-1777598582875-IUPAXI",
    "terminal_name": "POS Terminal 1",
    "created_at": "2026-05-10T13:52:52.974Z"
  }
},
{
  "model": "sales.sale",
  "pk": 79,
  "fields": {
    "receipt_number": "RCPT-20260513161114986960",
    "warehouse": 2,
    "cashier": 5,
    "shift": null,
    "payment_method": "cash",
    "subtotal_amount": "52.60",
    "tax_amount": "6.99",
    "total_amount": "59.59",
    "terminal_id": "TERM-1777598582875-IUPAXI",
    "terminal_name": "POS Terminal 1",
    "created_at": "2026-05-13T16:11:14.987Z"
  }
},
{
  "model": "sales.sale",
  "pk": 80,
  "fields": {
    "receipt_number": "RCPT-20260515132640120449",
    "warehouse": 2,
    "cashier": 5,
    "shift": "1778851580",
    "payment_method": "cash",
    "subtotal_amount": "33.60",
    "tax_amount": "5.04",
    "total_amount": "38.64",
    "terminal_id": "TERM-1777598582875-IUPAXI",
    "terminal_name": "POS Terminal 1",
    "created_at": "2026-05-15T13:26:40.120Z"
  }
},
{
  "model": "sales.sale",
  "pk": 81,
  "fields": {
    "receipt_number": "RCPT-20260516220319930731",
    "warehouse": 2,
    "cashier": 5,
    "shift": "1778968990",
    "payment_method": "cash",
    "subtotal_amount": "13.60",
    "tax_amount": "2.04",
    "total_amount": "15.64",
    "terminal_id": "TERM-1777598582875-IUPAXI",
    "terminal_name": "POS Terminal 1",
    "created_at": "2026-05-16T22:03:19.931Z"
  }
},
{
  "model": "sales.sale",
  "pk": 82,
  "fields": {
    "receipt_number": "RCPT-20260516222034815036",
    "warehouse": 2,
    "cashier": 5,
    "shift": "1778970026",
    "payment_method": "cash",
    "subtotal_amount": "15.00",
    "tax_amount": "2.25",
    "total_amount": "17.25",
    "terminal_id": "TERM-1777598582875-IUPAXI",
    "terminal_name": "POS Terminal 1",
    "created_at": "2026-05-16T22:20:34.815Z"
  }
},
{
  "model": "sales.sale",
  "pk": 83,
  "fields": {
    "receipt_number": "RCPT-20260516224316995035",
    "warehouse": 2,
    "cashier": 5,
    "shift": "1778971387",
    "payment_method": "cash",
    "subtotal_amount": "14.80",
    "tax_amount": "2.22",
    "total_amount": "17.02",
    "terminal_id": "TERM-1777598582875-IUPAXI",
    "terminal_name": "POS Terminal 1",
    "created_at": "2026-05-16T22:43:16.995Z"
  }
},
{
  "model": "sales.sale",
  "pk": 84,
  "fields": {
    "receipt_number": "RCPT-20260517072732469521",
    "warehouse": 2,
    "cashier": 5,
    "shift": "1779002843",
    "payment_method": "cash",
    "subtotal_amount": "18.60",
    "tax_amount": "2.79",
    "total_amount": "21.39",
    "terminal_id": "TERM-1777598582875-IUPAXI",
    "terminal_name": "POS Terminal 1",
    "created_at": "2026-05-17T07:27:32.469Z"
  }
},
{
  "model": "sales.sale",
  "pk": 85,
  "fields": {
    "receipt_number": "RCPT-20260517102812184954",
    "warehouse": 2,
    "cashier": 5,
    "shift": "1779013654",
    "payment_method": "cash",
    "subtotal_amount": "13.60",
    "tax_amount": "2.04",
    "total_amount": "15.64",
    "terminal_id": "TERM-1777598582875-IUPAXI",
    "terminal_name": "POS Terminal 1",
    "created_at": "2026-05-17T10:28:12.185Z"
  }
},
{
  "model": "sales.sale",
  "pk": 86,
  "fields": {
    "receipt_number": "RCPT-20260517134529425816",
    "warehouse": 2,
    "cashier": 5,
    "shift": "1779025520",
    "payment_method": "cash",
    "subtotal_amount": "18.60",
    "tax_amount": "2.79",
    "total_amount": "21.39",
    "terminal_id": "TERM-1777598582875-IUPAXI",
    "terminal_name": "POS Terminal 1",
    "created_at": "2026-05-17T13:45:29.426Z"
  }
},
{
  "model": "sales.sale",
  "pk": 87,
  "fields": {
    "receipt_number": "RCPT-20260517170851038160",
    "warehouse": 2,
    "cashier": 5,
    "shift": "1779037718",
    "payment_method": "cash",
    "subtotal_amount": "19.80",
    "tax_amount": "2.97",
    "total_amount": "22.77",
    "terminal_id": "TERM-1777598582875-IUPAXI",
    "terminal_name": "POS Terminal 1",
    "created_at": "2026-05-17T17:08:51.038Z"
  }
},
{
  "model": "sales.sale",
  "pk": 88,
  "fields": {
    "receipt_number": "RCPT-20260517172039752405",
    "warehouse": 2,
    "cashier": 5,
    "shift": "1779038430",
    "payment_method": "cash",
    "subtotal_amount": "30.00",
    "tax_amount": "3.60",
    "total_amount": "33.60",
    "terminal_id": "TERM-1777598582875-IUPAXI",
    "terminal_name": "POS Terminal 1",
    "created_at": "2026-05-17T17:20:39.752Z"
  }
},
{
  "model": "sales.sale",
  "pk": 89,
  "fields": {
    "receipt_number": "RCPT-20260518090225409029",
    "warehouse": 2,
    "cashier": 5,
    "shift": "1779094937",
    "payment_method": "cash",
    "subtotal_amount": "21.00",
    "tax_amount": "2.25",
    "total_amount": "23.25",
    "terminal_id": "TERM-1777598582875-IUPAXI",
    "terminal_name": "POS Terminal 1",
    "created_at": "2026-05-18T09:02:25.409Z"
  }
},
{
  "model": "sales.sale",
  "pk": 90,
  "fields": {
    "receipt_number": "RCPT-20260518091704682296",
    "warehouse": 2,
    "cashier": 5,
    "shift": "1779095812",
    "payment_method": "cash",
    "subtotal_amount": "29.00",
    "tax_amount": "3.45",
    "total_amount": "32.45",
    "terminal_id": "TERM-1777598582875-IUPAXI",
    "terminal_name": "POS Terminal 1",
    "created_at": "2026-05-18T09:17:04.682Z"
  }
},
{
  "model": "sales.sale",
  "pk": 91,
  "fields": {
    "receipt_number": "RCPT-20260518092701480747",
    "warehouse": 2,
    "cashier": 5,
    "shift": "1779096411",
    "payment_method": "cash",
    "subtotal_amount": "15.00",
    "tax_amount": "2.25",
    "total_amount": "17.25",
    "terminal_id": "TERM-1777598582875-IUPAXI",
    "terminal_name": "POS Terminal 1",
    "created_at": "2026-05-18T09:27:01.480Z"
  }
},
{
  "model": "sales.sale",
  "pk": 92,
  "fields": {
    "receipt_number": "RCPT-20260518134312344816",
    "warehouse": 2,
    "cashier": 5,
    "shift": "1779111759",
    "payment_method": "cash",
    "subtotal_amount": "19.00",
    "tax_amount": "2.85",
    "total_amount": "21.85",
    "terminal_id": "TERM-1777598582875-IUPAXI",
    "terminal_name": "POS Terminal 1",
    "created_at": "2026-05-18T13:43:12.345Z"
  }
},
{
  "model": "sales.sale",
  "pk": 93,
  "fields": {
    "receipt_number": "RCPT-20260519150121880666",
    "warehouse": 2,
    "cashier": 5,
    "shift": "1779202873",
    "payment_method": "cash",
    "subtotal_amount": "24.00",
    "tax_amount": "2.25",
    "total_amount": "26.25",
    "terminal_id": "TERM-1777598582875-IUPAXI",
    "terminal_name": "POS Terminal 1",
    "created_at": "2026-05-19T15:01:21.880Z"
  }
},
{
  "model": "sales.sale",
  "pk": 94,
  "fields": {
    "receipt_number": "RCPT-20260519215118735701",
    "warehouse": 2,
    "cashier": 5,
    "shift": "1779227470",
    "payment_method": "cash",
    "subtotal_amount": "18.60",
    "tax_amount": "2.79",
    "total_amount": "21.39",
    "terminal_id": "TERM-1777598582875-IUPAXI",
    "terminal_name": "POS Terminal 1",
    "created_at": "2026-05-19T21:51:18.735Z"
  }
},
{
  "model": "sales.sale",
  "pk": 95,
  "fields": {
    "receipt_number": "RCPT-20260519221754721359",
    "warehouse": 2,
    "cashier": 5,
    "shift": "1779229045",
    "payment_method": "cash",
    "subtotal_amount": "20.00",
    "tax_amount": "3.00",
    "total_amount": "23.00",
    "terminal_id": "TERM-1777598582875-IUPAXI",
    "terminal_name": "POS Terminal 1",
    "created_at": "2026-05-19T22:17:54.721Z"
  }
},
{
  "model": "sales.sale",
  "pk": 96,
  "fields": {
    "receipt_number": "RCPT-20260519222550192629",
    "warehouse": 2,
    "cashier": 5,
    "shift": "1779229537",
    "payment_method": "cash",
    "subtotal_amount": "23.60",
    "tax_amount": "3.54",
    "total_amount": "27.14",
    "terminal_id": "TERM-1777598582875-IUPAXI",
    "terminal_name": "POS Terminal 1",
    "created_at": "2026-05-19T22:25:50.192Z"
  }
},
{
  "model": "sales.sale",
  "pk": 97,
  "fields": {
    "receipt_number": "RCPT-20260519224442443982",
    "warehouse": 2,
    "cashier": 5,
    "shift": "1779230498",
    "payment_method": "cash",
    "subtotal_amount": "27.00",
    "tax_amount": "4.05",
    "total_amount": "31.05",
    "terminal_id": "TERM-1777598582875-IUPAXI",
    "terminal_name": "POS Terminal 1",
    "created_at": "2026-05-19T22:44:42.444Z"
  }
},
{
  "model": "sales.sale",
  "pk": 98,
  "fields": {
    "receipt_number": "RCPT-20260519230207240099",
    "warehouse": 2,
    "cashier": 5,
    "shift": "1779231711",
    "payment_method": "cash",
    "subtotal_amount": "4.00",
    "tax_amount": "0.60",
    "total_amount": "4.60",
    "terminal_id": "TERM-1777598582875-IUPAXI",
    "terminal_name": "POS Terminal 1",
    "created_at": "2026-05-19T23:02:07.240Z"
  }
},
{
  "model": "sales.sale",
  "pk": 99,
  "fields": {
    "receipt_number": "RCPT-20260519234219848114",
    "warehouse": 2,
    "cashier": 5,
    "shift": "1779234096",
    "payment_method": "cash",
    "subtotal_amount": "4.00",
    "tax_amount": "0.60",
    "total_amount": "4.60",
    "terminal_id": "TERM-1777598582875-IUPAXI",
    "terminal_name": "POS Terminal 1",
    "created_at": "2026-05-19T23:42:19.848Z"
  }
},
{
  "model": "sales.sale",
  "pk": 100,
  "fields": {
    "receipt_number": "RCPT-20260519235654468816",
    "warehouse": 2,
    "cashier": 5,
    "shift": "1779234960",
    "payment_method": "cash",
    "subtotal_amount": "4.00",
    "tax_amount": "0.60",
    "total_amount": "4.60",
    "terminal_id": "TERM-1777598582875-IUPAXI",
    "terminal_name": "POS Terminal 1",
    "created_at": "2026-05-19T23:56:54.469Z"
  }
},
{
  "model": "sales.sale",
  "pk": 101,
  "fields": {
    "receipt_number": "RCPT-20260520000928492228",
    "warehouse": 2,
    "cashier": 5,
    "shift": "1779234960",
    "payment_method": "cash",
    "subtotal_amount": "10.00",
    "tax_amount": "1.50",
    "total_amount": "11.50",
    "terminal_id": "TERM-1777598582875-IUPAXI",
    "terminal_name": "POS Terminal 1",
    "created_at": "2026-05-20T00:09:28.492Z"
  }
},
{
  "model": "sales.sale",
  "pk": 102,
  "fields": {
    "receipt_number": "RCPT-20260520145159453554",
    "warehouse": 2,
    "cashier": 5,
    "shift": "1779288695",
    "payment_method": "cash",
    "subtotal_amount": "17.60",
    "tax_amount": "2.64",
    "total_amount": "20.24",
    "terminal_id": "TERM-1777598582875-IUPAXI",
    "terminal_name": "POS Terminal 1",
    "created_at": "2026-05-20T14:51:59.453Z"
  }
},
{
  "model": "sales.sale",
  "pk": 103,
  "fields": {
    "receipt_number": "RCPT-20260520215154309092",
    "warehouse": 2,
    "cashier": 5,
    "shift": "1779313892",
    "payment_method": "cash",
    "subtotal_amount": "9.00",
    "tax_amount": "1.35",
    "total_amount": "10.35",
    "terminal_id": "TERM-1777598582875-IUPAXI",
    "terminal_name": "POS Terminal 1",
    "created_at": "2026-05-20T21:51:54.309Z"
  }
},
{
  "model": "sales.sale",
  "pk": 104,
  "fields": {
    "receipt_number": "RCPT-20260520221859944376",
    "warehouse": 2,
    "cashier": 5,
    "shift": "1779315532",
    "payment_method": "cash",
    "subtotal_amount": "10.00",
    "tax_amount": "1.50",
    "total_amount": "11.50",
    "terminal_id": "TERM-1777598582875-IUPAXI",
    "terminal_name": "POS Terminal 1",
    "created_at": "2026-05-20T22:18:59.944Z"
  }
},
{
  "model": "sales.sale",
  "pk": 105,
  "fields": {
    "receipt_number": "RCPT-20260521113716410062",
    "warehouse": 2,
    "cashier": 5,
    "shift": "1779363426",
    "payment_method": "cash",
    "subtotal_amount": "39.00",
    "tax_amount": "5.40",
    "total_amount": "44.40",
    "terminal_id": "TERM-1777598582875-IUPAXI",
    "terminal_name": "POS Terminal 1",
    "created_at": "2026-05-21T11:37:16.410Z"
  }
},
{
  "model": "sales.saleitem",
  "pk": 1,
  "fields": {
    "sale": 1,
    "product": 3,
    "quantity": 1,
    "unit_price": "2.70",
    "unit_cost": "1.90",
    "tax_rate_percent": "0.00",
    "line_subtotal": "0.00",
    "tax_amount": "0.00",
    "line_total": "2.70",
    "line_profit": "0.00",
    "created_at": "2026-04-14T15:28:45.772Z"
  }
},
{
  "model": "sales.saleitem",
  "pk": 2,
  "fields": {
    "sale": 2,
    "product": 1,
    "quantity": 1,
    "unit_price": "18.00",
    "unit_cost": "13.50",
    "tax_rate_percent": "0.00",
    "line_subtotal": "0.00",
    "tax_amount": "0.00",
    "line_total": "18.00",
    "line_profit": "0.00",
    "created_at": "2026-04-14T15:28:45.772Z"
  }
},
{
  "model": "sales.saleitem",
  "pk": 3,
  "fields": {
    "sale": 3,
    "product": 2,
    "quantity": 1,
    "unit_price": "4.80",
    "unit_cost": "3.20",
    "tax_rate_percent": "0.00",
    "line_subtotal": "0.00",
    "tax_amount": "0.00",
    "line_total": "4.80",
    "line_profit": "0.00",
    "created_at": "2026-04-14T15:28:45.772Z"
  }
},
{
  "model": "sales.saleitem",
  "pk": 4,
  "fields": {
    "sale": 4,
    "product": 3,
    "quantity": 1,
    "unit_price": "2.70",
    "unit_cost": "1.90",
    "tax_rate_percent": "0.00",
    "line_subtotal": "0.00",
    "tax_amount": "0.00",
    "line_total": "2.70",
    "line_profit": "0.00",
    "created_at": "2026-04-14T15:28:45.772Z"
  }
},
{
  "model": "sales.saleitem",
  "pk": 5,
  "fields": {
    "sale": 5,
    "product": 1,
    "quantity": 1,
    "unit_price": "18.00",
    "unit_cost": "13.50",
    "tax_rate_percent": "0.00",
    "line_subtotal": "0.00",
    "tax_amount": "0.00",
    "line_total": "18.00",
    "line_profit": "0.00",
    "created_at": "2026-04-14T15:28:45.772Z"
  }
},
{
  "model": "sales.saleitem",
  "pk": 6,
  "fields": {
    "sale": 6,
    "product": 4,
    "quantity": 2,
    "unit_price": "5.00",
    "unit_cost": "3.00",
    "tax_rate_percent": "0.00",
    "line_subtotal": "0.00",
    "tax_amount": "0.00",
    "line_total": "10.00",
    "line_profit": "0.00",
    "created_at": "2026-04-14T15:28:45.772Z"
  }
},
{
  "model": "sales.saleitem",
  "pk": 7,
  "fields": {
    "sale": 7,
    "product": 4,
    "quantity": 5,
    "unit_price": "5.00",
    "unit_cost": "3.00",
    "tax_rate_percent": "0.00",
    "line_subtotal": "0.00",
    "tax_amount": "0.00",
    "line_total": "25.00",
    "line_profit": "0.00",
    "created_at": "2026-04-14T15:28:45.772Z"
  }
},
{
  "model": "sales.saleitem",
  "pk": 8,
  "fields": {
    "sale": 8,
    "product": 4,
    "quantity": 4,
    "unit_price": "5.00",
    "unit_cost": "3.00",
    "tax_rate_percent": "0.00",
    "line_subtotal": "0.00",
    "tax_amount": "0.00",
    "line_total": "20.00",
    "line_profit": "0.00",
    "created_at": "2026-04-14T15:28:45.772Z"
  }
},
{
  "model": "sales.saleitem",
  "pk": 9,
  "fields": {
    "sale": 9,
    "product": 1,
    "quantity": 4,
    "unit_price": "18.00",
    "unit_cost": "13.50",
    "tax_rate_percent": "0.00",
    "line_subtotal": "0.00",
    "tax_amount": "0.00",
    "line_total": "72.00",
    "line_profit": "0.00",
    "created_at": "2026-04-14T15:28:45.772Z"
  }
},
{
  "model": "sales.saleitem",
  "pk": 10,
  "fields": {
    "sale": 10,
    "product": 4,
    "quantity": 1,
    "unit_price": "5.00",
    "unit_cost": "3.00",
    "tax_rate_percent": "0.00",
    "line_subtotal": "0.00",
    "tax_amount": "0.00",
    "line_total": "5.00",
    "line_profit": "0.00",
    "created_at": "2026-04-14T15:28:45.772Z"
  }
},
{
  "model": "sales.saleitem",
  "pk": 11,
  "fields": {
    "sale": 11,
    "product": 3,
    "quantity": 4,
    "unit_price": "2.70",
    "unit_cost": "1.90",
    "tax_rate_percent": "0.00",
    "line_subtotal": "0.00",
    "tax_amount": "0.00",
    "line_total": "10.80",
    "line_profit": "0.00",
    "created_at": "2026-04-14T15:28:45.772Z"
  }
},
{
  "model": "sales.saleitem",
  "pk": 12,
  "fields": {
    "sale": 12,
    "product": 1,
    "quantity": 1,
    "unit_price": "18.00",
    "unit_cost": "13.50",
    "tax_rate_percent": "0.00",
    "line_subtotal": "0.00",
    "tax_amount": "0.00",
    "line_total": "18.00",
    "line_profit": "0.00",
    "created_at": "2026-04-14T15:28:45.772Z"
  }
},
{
  "model": "sales.saleitem",
  "pk": 13,
  "fields": {
    "sale": 13,
    "product": 4,
    "quantity": 1,
    "unit_price": "5.00",
    "unit_cost": "3.00",
    "tax_rate_percent": "0.00",
    "line_subtotal": "0.00",
    "tax_amount": "0.00",
    "line_total": "5.00",
    "line_profit": "0.00",
    "created_at": "2026-04-14T15:28:45.772Z"
  }
},
{
  "model": "sales.saleitem",
  "pk": 14,
  "fields": {
    "sale": 14,
    "product": 3,
    "quantity": 1,
    "unit_price": "2.70",
    "unit_cost": "1.90",
    "tax_rate_percent": "0.00",
    "line_subtotal": "0.00",
    "tax_amount": "0.00",
    "line_total": "2.70",
    "line_profit": "0.00",
    "created_at": "2026-04-14T15:28:45.772Z"
  }
},
{
  "model": "sales.saleitem",
  "pk": 15,
  "fields": {
    "sale": 15,
    "product": 3,
    "quantity": 1,
    "unit_price": "2.70",
    "unit_cost": "1.90",
    "tax_rate_percent": "0.00",
    "line_subtotal": "0.00",
    "tax_amount": "0.00",
    "line_total": "2.70",
    "line_profit": "0.00",
    "created_at": "2026-04-14T15:28:45.772Z"
  }
},
{
  "model": "sales.saleitem",
  "pk": 16,
  "fields": {
    "sale": 16,
    "product": 1,
    "quantity": 1,
    "unit_price": "18.00",
    "unit_cost": "13.50",
    "tax_rate_percent": "0.00",
    "line_subtotal": "0.00",
    "tax_amount": "0.00",
    "line_total": "18.00",
    "line_profit": "0.00",
    "created_at": "2026-04-14T15:28:45.772Z"
  }
},
{
  "model": "sales.saleitem",
  "pk": 17,
  "fields": {
    "sale": 17,
    "product": 1,
    "quantity": 1,
    "unit_price": "18.00",
    "unit_cost": "13.50",
    "tax_rate_percent": "0.00",
    "line_subtotal": "0.00",
    "tax_amount": "0.00",
    "line_total": "18.00",
    "line_profit": "0.00",
    "created_at": "2026-04-14T15:28:45.772Z"
  }
},
{
  "model": "sales.saleitem",
  "pk": 18,
  "fields": {
    "sale": 18,
    "product": 4,
    "quantity": 1,
    "unit_price": "5.00",
    "unit_cost": "3.00",
    "tax_rate_percent": "0.00",
    "line_subtotal": "0.00",
    "tax_amount": "0.00",
    "line_total": "5.00",
    "line_profit": "0.00",
    "created_at": "2026-04-14T15:28:45.772Z"
  }
},
{
  "model": "sales.saleitem",
  "pk": 19,
  "fields": {
    "sale": 19,
    "product": 4,
    "quantity": 1,
    "unit_price": "5.00",
    "unit_cost": "3.00",
    "tax_rate_percent": "0.00",
    "line_subtotal": "0.00",
    "tax_amount": "0.00",
    "line_total": "5.00",
    "line_profit": "0.00",
    "created_at": "2026-04-14T15:28:45.772Z"
  }
},
{
  "model": "sales.saleitem",
  "pk": 20,
  "fields": {
    "sale": 23,
    "product": 5,
    "quantity": 1,
    "unit_price": "5.00",
    "unit_cost": "3.00",
    "tax_rate_percent": "0.00",
    "line_subtotal": "0.00",
    "tax_amount": "0.00",
    "line_total": "5.00",
    "line_profit": "0.00",
    "created_at": "2026-04-14T15:28:45.772Z"
  }
},
{
  "model": "sales.saleitem",
  "pk": 21,
  "fields": {
    "sale": 24,
    "product": 6,
    "quantity": 1,
    "unit_price": "5.00",
    "unit_cost": "3.50",
    "tax_rate_percent": "0.00",
    "line_subtotal": "0.00",
    "tax_amount": "0.00",
    "line_total": "5.00",
    "line_profit": "0.00",
    "created_at": "2026-04-14T15:28:45.772Z"
  }
},
{
  "model": "sales.saleitem",
  "pk": 22,
  "fields": {
    "sale": 26,
    "product": 2,
    "quantity": 1,
    "unit_price": "4.80",
    "unit_cost": "4.00",
    "tax_rate_percent": "0.00",
    "line_subtotal": "0.00",
    "tax_amount": "0.00",
    "line_total": "4.80",
    "line_profit": "0.00",
    "created_at": "2026-04-14T15:28:45.772Z"
  }
},
{
  "model": "sales.saleitem",
  "pk": 23,
  "fields": {
    "sale": 29,
    "product": 6,
    "quantity": 1,
    "unit_price": "5.00",
    "unit_cost": "3.50",
    "tax_rate_percent": "0.00",
    "line_subtotal": "0.00",
    "tax_amount": "0.00",
    "line_total": "5.00",
    "line_profit": "0.00",
    "created_at": "2026-04-14T15:28:45.772Z"
  }
},
{
  "model": "sales.saleitem",
  "pk": 24,
  "fields": {
    "sale": 30,
    "product": 6,
    "quantity": 1,
    "unit_price": "5.00",
    "unit_cost": "3.50",
    "tax_rate_percent": "0.00",
    "line_subtotal": "0.00",
    "tax_amount": "0.00",
    "line_total": "5.00",
    "line_profit": "0.00",
    "created_at": "2026-04-14T15:28:45.772Z"
  }
},
{
  "model": "sales.saleitem",
  "pk": 25,
  "fields": {
    "sale": 31,
    "product": 6,
    "quantity": 1,
    "unit_price": "5.00",
    "unit_cost": "3.50",
    "tax_rate_percent": "0.00",
    "line_subtotal": "0.00",
    "tax_amount": "0.00",
    "line_total": "5.00",
    "line_profit": "0.00",
    "created_at": "2026-04-14T15:28:45.772Z"
  }
},
{
  "model": "sales.saleitem",
  "pk": 26,
  "fields": {
    "sale": 35,
    "product": 2,
    "quantity": 1,
    "unit_price": "4.80",
    "unit_cost": "4.00",
    "tax_rate_percent": "0.00",
    "line_subtotal": "0.00",
    "tax_amount": "0.00",
    "line_total": "4.80",
    "line_profit": "0.00",
    "created_at": "2026-04-14T15:28:45.772Z"
  }
},
{
  "model": "sales.saleitem",
  "pk": 27,
  "fields": {
    "sale": 36,
    "product": 6,
    "quantity": 1,
    "unit_price": "5.00",
    "unit_cost": "3.50",
    "tax_rate_percent": "0.00",
    "line_subtotal": "0.00",
    "tax_amount": "0.00",
    "line_total": "5.00",
    "line_profit": "0.00",
    "created_at": "2026-04-14T15:28:45.772Z"
  }
},
{
  "model": "sales.saleitem",
  "pk": 28,
  "fields": {
    "sale": 37,
    "product": 4,
    "quantity": 1,
    "unit_price": "5.00",
    "unit_cost": "3.00",
    "tax_rate_percent": "0.00",
    "line_subtotal": "0.00",
    "tax_amount": "0.00",
    "line_total": "5.00",
    "line_profit": "0.00",
    "created_at": "2026-04-14T15:28:45.772Z"
  }
},
{
  "model": "sales.saleitem",
  "pk": 29,
  "fields": {
    "sale": 38,
    "product": 3,
    "quantity": 1,
    "unit_price": "2.70",
    "unit_cost": "1.90",
    "tax_rate_percent": "0.00",
    "line_subtotal": "0.00",
    "tax_amount": "0.00",
    "line_total": "2.70",
    "line_profit": "0.00",
    "created_at": "2026-04-14T15:28:45.772Z"
  }
},
{
  "model": "sales.saleitem",
  "pk": 30,
  "fields": {
    "sale": 42,
    "product": 4,
    "quantity": 1,
    "unit_price": "5.00",
    "unit_cost": "3.00",
    "tax_rate_percent": "0.00",
    "line_subtotal": "0.00",
    "tax_amount": "0.00",
    "line_total": "5.00",
    "line_profit": "0.00",
    "created_at": "2026-04-14T15:28:45.772Z"
  }
},
{
  "model": "sales.saleitem",
  "pk": 31,
  "fields": {
    "sale": 43,
    "product": 1,
    "quantity": 1,
    "unit_price": "18.00",
    "unit_cost": "3.00",
    "tax_rate_percent": "0.00",
    "line_subtotal": "0.00",
    "tax_amount": "0.00",
    "line_total": "18.00",
    "line_profit": "0.00",
    "created_at": "2026-04-14T15:28:45.772Z"
  }
},
{
  "model": "sales.saleitem",
  "pk": 32,
  "fields": {
    "sale": 44,
    "product": 1,
    "quantity": 1,
    "unit_price": "18.00",
    "unit_cost": "3.00",
    "tax_rate_percent": "0.00",
    "line_subtotal": "0.00",
    "tax_amount": "0.00",
    "line_total": "18.00",
    "line_profit": "0.00",
    "created_at": "2026-04-14T15:28:45.772Z"
  }
},
{
  "model": "sales.saleitem",
  "pk": 33,
  "fields": {
    "sale": 45,
    "product": 6,
    "quantity": 1,
    "unit_price": "5.00",
    "unit_cost": "3.50",
    "tax_rate_percent": "0.00",
    "line_subtotal": "0.00",
    "tax_amount": "0.00",
    "line_total": "5.00",
    "line_profit": "0.00",
    "created_at": "2026-04-14T15:28:45.772Z"
  }
},
{
  "model": "sales.saleitem",
  "pk": 34,
  "fields": {
    "sale": 45,
    "product": 4,
    "quantity": 2,
    "unit_price": "5.00",
    "unit_cost": "3.00",
    "tax_rate_percent": "0.00",
    "line_subtotal": "0.00",
    "tax_amount": "0.00",
    "line_total": "10.00",
    "line_profit": "0.00",
    "created_at": "2026-04-14T15:28:45.772Z"
  }
},
{
  "model": "sales.saleitem",
  "pk": 35,
  "fields": {
    "sale": 46,
    "product": 4,
    "quantity": 1,
    "unit_price": "5.00",
    "unit_cost": "3.00",
    "tax_rate_percent": "0.00",
    "line_subtotal": "0.00",
    "tax_amount": "0.00",
    "line_total": "5.00",
    "line_profit": "0.00",
    "created_at": "2026-04-14T15:28:45.772Z"
  }
},
{
  "model": "sales.saleitem",
  "pk": 36,
  "fields": {
    "sale": 48,
    "product": 1,
    "quantity": 1,
    "unit_price": "18.00",
    "unit_cost": "3.00",
    "tax_rate_percent": "0.00",
    "line_subtotal": "0.00",
    "tax_amount": "0.00",
    "line_total": "18.00",
    "line_profit": "0.00",
    "created_at": "2026-04-14T15:28:45.772Z"
  }
},
{
  "model": "sales.saleitem",
  "pk": 37,
  "fields": {
    "sale": 50,
    "product": 4,
    "quantity": 1,
    "unit_price": "5.00",
    "unit_cost": "3.00",
    "tax_rate_percent": "0.00",
    "line_subtotal": "0.00",
    "tax_amount": "0.00",
    "line_total": "5.00",
    "line_profit": "0.00",
    "created_at": "2026-04-14T15:28:45.772Z"
  }
},
{
  "model": "sales.saleitem",
  "pk": 38,
  "fields": {
    "sale": 50,
    "product": 5,
    "quantity": 1,
    "unit_price": "5.00",
    "unit_cost": "3.00",
    "tax_rate_percent": "0.00",
    "line_subtotal": "0.00",
    "tax_amount": "0.00",
    "line_total": "5.00",
    "line_profit": "0.00",
    "created_at": "2026-04-14T15:28:45.772Z"
  }
},
{
  "model": "sales.saleitem",
  "pk": 39,
  "fields": {
    "sale": 53,
    "product": 1,
    "quantity": 1,
    "unit_price": "18.00",
    "unit_cost": "3.00",
    "tax_rate_percent": "0.00",
    "line_subtotal": "0.00",
    "tax_amount": "0.00",
    "line_total": "18.00",
    "line_profit": "0.00",
    "created_at": "2026-04-14T15:28:45.772Z"
  }
},
{
  "model": "sales.saleitem",
  "pk": 40,
  "fields": {
    "sale": 55,
    "product": 6,
    "quantity": 1,
    "unit_price": "5.00",
    "unit_cost": "3.50",
    "tax_rate_percent": "0.00",
    "line_subtotal": "0.00",
    "tax_amount": "0.00",
    "line_total": "5.00",
    "line_profit": "0.00",
    "created_at": "2026-04-14T15:28:45.772Z"
  }
},
{
  "model": "sales.saleitem",
  "pk": 41,
  "fields": {
    "sale": 55,
    "product": 4,
    "quantity": 2,
    "unit_price": "5.00",
    "unit_cost": "3.00",
    "tax_rate_percent": "0.00",
    "line_subtotal": "0.00",
    "tax_amount": "0.00",
    "line_total": "10.00",
    "line_profit": "0.00",
    "created_at": "2026-04-14T15:28:45.772Z"
  }
},
{
  "model": "sales.saleitem",
  "pk": 42,
  "fields": {
    "sale": 55,
    "product": 5,
    "quantity": 1,
    "unit_price": "5.00",
    "unit_cost": "3.00",
    "tax_rate_percent": "0.00",
    "line_subtotal": "0.00",
    "tax_amount": "0.00",
    "line_total": "5.00",
    "line_profit": "0.00",
    "created_at": "2026-04-14T15:28:45.772Z"
  }
},
{
  "model": "sales.saleitem",
  "pk": 43,
  "fields": {
    "sale": 56,
    "product": 6,
    "quantity": 1,
    "unit_price": "5.00",
    "unit_cost": "3.50",
    "tax_rate_percent": "0.00",
    "line_subtotal": "0.00",
    "tax_amount": "0.00",
    "line_total": "5.00",
    "line_profit": "0.00",
    "created_at": "2026-04-14T15:28:45.772Z"
  }
},
{
  "model": "sales.saleitem",
  "pk": 44,
  "fields": {
    "sale": 56,
    "product": 4,
    "quantity": 1,
    "unit_price": "5.00",
    "unit_cost": "3.00",
    "tax_rate_percent": "0.00",
    "line_subtotal": "0.00",
    "tax_amount": "0.00",
    "line_total": "5.00",
    "line_profit": "0.00",
    "created_at": "2026-04-14T15:28:45.772Z"
  }
},
{
  "model": "sales.saleitem",
  "pk": 45,
  "fields": {
    "sale": 57,
    "product": 1,
    "quantity": 1,
    "unit_price": "18.00",
    "unit_cost": "3.00",
    "tax_rate_percent": "0.00",
    "line_subtotal": "0.00",
    "tax_amount": "0.00",
    "line_total": "18.00",
    "line_profit": "0.00",
    "created_at": "2026-04-14T15:28:45.772Z"
  }
},
{
  "model": "sales.saleitem",
  "pk": 46,
  "fields": {
    "sale": 57,
    "product": 5,
    "quantity": 1,
    "unit_price": "5.00",
    "unit_cost": "3.00",
    "tax_rate_percent": "0.00",
    "line_subtotal": "0.00",
    "tax_amount": "0.00",
    "line_total": "5.00",
    "line_profit": "0.00",
    "created_at": "2026-04-14T15:28:45.772Z"
  }
},
{
  "model": "sales.saleitem",
  "pk": 47,
  "fields": {
    "sale": 57,
    "product": 6,
    "quantity": 1,
    "unit_price": "5.00",
    "unit_cost": "3.50",
    "tax_rate_percent": "0.00",
    "line_subtotal": "0.00",
    "tax_amount": "0.00",
    "line_total": "5.00",
    "line_profit": "0.00",
    "created_at": "2026-04-14T15:28:45.772Z"
  }
},
{
  "model": "sales.saleitem",
  "pk": 48,
  "fields": {
    "sale": 59,
    "product": 5,
    "quantity": 1,
    "unit_price": "5.00",
    "unit_cost": "3.00",
    "tax_rate_percent": "0.00",
    "line_subtotal": "0.00",
    "tax_amount": "0.00",
    "line_total": "5.00",
    "line_profit": "0.00",
    "created_at": "2026-04-14T15:28:45.772Z"
  }
},
{
  "model": "sales.saleitem",
  "pk": 49,
  "fields": {
    "sale": 60,
    "product": 5,
    "quantity": 1,
    "unit_price": "5.00",
    "unit_cost": "3.00",
    "tax_rate_percent": "0.00",
    "line_subtotal": "0.00",
    "tax_amount": "0.00",
    "line_total": "5.00",
    "line_profit": "0.00",
    "created_at": "2026-04-14T15:28:45.772Z"
  }
},
{
  "model": "sales.saleitem",
  "pk": 50,
  "fields": {
    "sale": 62,
    "product": 5,
    "quantity": 1,
    "unit_price": "5.00",
    "unit_cost": "3.00",
    "tax_rate_percent": "0.00",
    "line_subtotal": "0.00",
    "tax_amount": "0.00",
    "line_total": "5.00",
    "line_profit": "0.00",
    "created_at": "2026-04-14T15:28:45.772Z"
  }
},
{
  "model": "sales.saleitem",
  "pk": 51,
  "fields": {
    "sale": 64,
    "product": 1,
    "quantity": 3,
    "unit_price": "18.00",
    "unit_cost": "3.00",
    "tax_rate_percent": "0.00",
    "line_subtotal": "0.00",
    "tax_amount": "0.00",
    "line_total": "54.00",
    "line_profit": "0.00",
    "created_at": "2026-04-14T15:28:45.772Z"
  }
},
{
  "model": "sales.saleitem",
  "pk": 52,
  "fields": {
    "sale": 64,
    "product": 3,
    "quantity": 1,
    "unit_price": "2.70",
    "unit_cost": "1.90",
    "tax_rate_percent": "0.00",
    "line_subtotal": "0.00",
    "tax_amount": "0.00",
    "line_total": "2.70",
    "line_profit": "0.00",
    "created_at": "2026-04-14T15:28:45.772Z"
  }
},
{
  "model": "sales.saleitem",
  "pk": 53,
  "fields": {
    "sale": 65,
    "product": 6,
    "quantity": 1,
    "unit_price": "5.00",
    "unit_cost": "3.50",
    "tax_rate_percent": "0.00",
    "line_subtotal": "0.00",
    "tax_amount": "0.00",
    "line_total": "5.00",
    "line_profit": "0.00",
    "created_at": "2026-04-14T15:28:45.772Z"
  }
},
{
  "model": "sales.saleitem",
  "pk": 54,
  "fields": {
    "sale": 65,
    "product": 2,
    "quantity": 1,
    "unit_price": "4.80",
    "unit_cost": "4.00",
    "tax_rate_percent": "0.00",
    "line_subtotal": "0.00",
    "tax_amount": "0.00",
    "line_total": "4.80",
    "line_profit": "0.00",
    "created_at": "2026-04-14T15:28:45.772Z"
  }
},
{
  "model": "sales.saleitem",
  "pk": 55,
  "fields": {
    "sale": 66,
    "product": 6,
    "quantity": 1,
    "unit_price": "5.00",
    "unit_cost": "3.50",
    "tax_rate_percent": "0.00",
    "line_subtotal": "5.00",
    "tax_amount": "0.00",
    "line_total": "5.00",
    "line_profit": "0.00",
    "created_at": "2026-04-14T15:38:36.885Z"
  }
},
{
  "model": "sales.saleitem",
  "pk": 56,
  "fields": {
    "sale": 66,
    "product": 4,
    "quantity": 2,
    "unit_price": "5.00",
    "unit_cost": "3.00",
    "tax_rate_percent": "0.00",
    "line_subtotal": "10.00",
    "tax_amount": "0.00",
    "line_total": "10.00",
    "line_profit": "0.00",
    "created_at": "2026-04-14T15:38:36.886Z"
  }
},
{
  "model": "sales.saleitem",
  "pk": 57,
  "fields": {
    "sale": 66,
    "product": 5,
    "quantity": 1,
    "unit_price": "5.00",
    "unit_cost": "3.00",
    "tax_rate_percent": "0.00",
    "line_subtotal": "5.00",
    "tax_amount": "0.00",
    "line_total": "5.00",
    "line_profit": "0.00",
    "created_at": "2026-04-14T15:38:36.887Z"
  }
},
{
  "model": "sales.saleitem",
  "pk": 58,
  "fields": {
    "sale": 67,
    "product": 5,
    "quantity": 1,
    "unit_price": "5.00",
    "unit_cost": "3.00",
    "tax_rate_percent": "0.00",
    "line_subtotal": "5.00",
    "tax_amount": "0.00",
    "line_total": "5.00",
    "line_profit": "0.00",
    "created_at": "2026-04-14T16:28:34.820Z"
  }
},
{
  "model": "sales.saleitem",
  "pk": 59,
  "fields": {
    "sale": 67,
    "product": 2,
    "quantity": 1,
    "unit_price": "4.80",
    "unit_cost": "4.00",
    "tax_rate_percent": "0.00",
    "line_subtotal": "4.80",
    "tax_amount": "0.00",
    "line_total": "4.80",
    "line_profit": "0.00",
    "created_at": "2026-04-14T16:28:34.821Z"
  }
},
{
  "model": "sales.saleitem",
  "pk": 60,
  "fields": {
    "sale": 68,
    "product": 6,
    "quantity": 1,
    "unit_price": "5.00",
    "unit_cost": "3.50",
    "tax_rate_percent": "15.00",
    "line_subtotal": "5.00",
    "tax_amount": "0.75",
    "line_total": "5.75",
    "line_profit": "0.00",
    "created_at": "2026-04-14T16:31:45.091Z"
  }
},
{
  "model": "sales.saleitem",
  "pk": 61,
  "fields": {
    "sale": 69,
    "product": 1,
    "quantity": 1,
    "unit_price": "18.00",
    "unit_cost": "3.00",
    "tax_rate_percent": "15.00",
    "line_subtotal": "18.00",
    "tax_amount": "2.70",
    "line_total": "20.70",
    "line_profit": "0.00",
    "created_at": "2026-04-14T16:32:33.372Z"
  }
},
{
  "model": "sales.saleitem",
  "pk": 62,
  "fields": {
    "sale": 69,
    "product": 4,
    "quantity": 1,
    "unit_price": "5.00",
    "unit_cost": "3.00",
    "tax_rate_percent": "15.00",
    "line_subtotal": "5.00",
    "tax_amount": "0.75",
    "line_total": "5.75",
    "line_profit": "0.00",
    "created_at": "2026-04-14T16:32:33.372Z"
  }
},
{
  "model": "sales.saleitem",
  "pk": 63,
  "fields": {
    "sale": 70,
    "product": 4,
    "quantity": 1,
    "unit_price": "5.00",
    "unit_cost": "3.00",
    "tax_rate_percent": "15.00",
    "line_subtotal": "5.00",
    "tax_amount": "0.75",
    "line_total": "5.75",
    "line_profit": "0.00",
    "created_at": "2026-04-14T23:49:08.121Z"
  }
},
{
  "model": "sales.saleitem",
  "pk": 64,
  "fields": {
    "sale": 70,
    "product": 5,
    "quantity": 2,
    "unit_price": "5.00",
    "unit_cost": "3.00",
    "tax_rate_percent": "15.00",
    "line_subtotal": "10.00",
    "tax_amount": "1.50",
    "line_total": "11.50",
    "line_profit": "0.00",
    "created_at": "2026-04-14T23:49:08.122Z"
  }
},
{
  "model": "sales.saleitem",
  "pk": 65,
  "fields": {
    "sale": 70,
    "product": 1,
    "quantity": 1,
    "unit_price": "18.00",
    "unit_cost": "3.00",
    "tax_rate_percent": "15.00",
    "line_subtotal": "18.00",
    "tax_amount": "2.70",
    "line_total": "20.70",
    "line_profit": "0.00",
    "created_at": "2026-04-14T23:49:08.122Z"
  }
},
{
  "model": "sales.saleitem",
  "pk": 66,
  "fields": {
    "sale": 70,
    "product": 3,
    "quantity": 1,
    "unit_price": "2.70",
    "unit_cost": "1.90",
    "tax_rate_percent": "15.00",
    "line_subtotal": "2.70",
    "tax_amount": "0.41",
    "line_total": "3.11",
    "line_profit": "0.00",
    "created_at": "2026-04-14T23:49:08.122Z"
  }
},
{
  "model": "sales.saleitem",
  "pk": 67,
  "fields": {
    "sale": 71,
    "product": 2,
    "quantity": 1,
    "unit_price": "4.80",
    "unit_cost": "4.00",
    "tax_rate_percent": "15.00",
    "line_subtotal": "4.80",
    "tax_amount": "0.72",
    "line_total": "5.52",
    "line_profit": "0.00",
    "created_at": "2026-04-17T09:43:21.682Z"
  }
},
{
  "model": "sales.saleitem",
  "pk": 68,
  "fields": {
    "sale": 71,
    "product": 6,
    "quantity": 2,
    "unit_price": "5.00",
    "unit_cost": "3.50",
    "tax_rate_percent": "15.00",
    "line_subtotal": "10.00",
    "tax_amount": "1.50",
    "line_total": "11.50",
    "line_profit": "0.00",
    "created_at": "2026-04-17T09:43:21.682Z"
  }
},
{
  "model": "sales.saleitem",
  "pk": 69,
  "fields": {
    "sale": 71,
    "product": 4,
    "quantity": 2,
    "unit_price": "5.00",
    "unit_cost": "3.00",
    "tax_rate_percent": "15.00",
    "line_subtotal": "10.00",
    "tax_amount": "1.50",
    "line_total": "11.50",
    "line_profit": "0.00",
    "created_at": "2026-04-17T09:43:21.683Z"
  }
},
{
  "model": "sales.saleitem",
  "pk": 70,
  "fields": {
    "sale": 72,
    "product": 1,
    "quantity": 2,
    "unit_price": "18.00",
    "unit_cost": "3.00",
    "tax_rate_percent": "15.00",
    "line_subtotal": "36.00",
    "tax_amount": "5.40",
    "line_total": "41.40",
    "line_profit": "0.00",
    "created_at": "2026-04-17T11:59:23.182Z"
  }
},
{
  "model": "sales.saleitem",
  "pk": 71,
  "fields": {
    "sale": 72,
    "product": 2,
    "quantity": 1,
    "unit_price": "4.80",
    "unit_cost": "4.00",
    "tax_rate_percent": "15.00",
    "line_subtotal": "4.80",
    "tax_amount": "0.72",
    "line_total": "5.52",
    "line_profit": "0.00",
    "created_at": "2026-04-17T11:59:23.183Z"
  }
},
{
  "model": "sales.saleitem",
  "pk": 72,
  "fields": {
    "sale": 73,
    "product": 2,
    "quantity": 1,
    "unit_price": "4.80",
    "unit_cost": "4.00",
    "tax_rate_percent": "15.00",
    "line_subtotal": "4.80",
    "tax_amount": "0.72",
    "line_total": "5.52",
    "line_profit": "0.00",
    "created_at": "2026-04-17T12:00:15.519Z"
  }
},
{
  "model": "sales.saleitem",
  "pk": 73,
  "fields": {
    "sale": 74,
    "product": 9,
    "quantity": 1,
    "unit_price": "4.00",
    "unit_cost": "2.00",
    "tax_rate_percent": "15.00",
    "line_subtotal": "4.00",
    "tax_amount": "0.60",
    "line_total": "4.60",
    "line_profit": "0.00",
    "created_at": "2026-05-10T10:46:41.465Z"
  }
},
{
  "model": "sales.saleitem",
  "pk": 74,
  "fields": {
    "sale": 74,
    "product": 2,
    "quantity": 1,
    "unit_price": "4.80",
    "unit_cost": "4.00",
    "tax_rate_percent": "15.00",
    "line_subtotal": "4.80",
    "tax_amount": "0.72",
    "line_total": "5.52",
    "line_profit": "0.00",
    "created_at": "2026-05-10T10:46:41.469Z"
  }
},
{
  "model": "sales.saleitem",
  "pk": 75,
  "fields": {
    "sale": 75,
    "product": 7,
    "quantity": 1,
    "unit_price": "4.00",
    "unit_cost": "2.00",
    "tax_rate_percent": "15.00",
    "line_subtotal": "4.00",
    "tax_amount": "0.60",
    "line_total": "4.60",
    "line_profit": "0.00",
    "created_at": "2026-05-10T10:48:19.841Z"
  }
},
{
  "model": "sales.saleitem",
  "pk": 76,
  "fields": {
    "sale": 75,
    "product": 1,
    "quantity": 1,
    "unit_price": "18.00",
    "unit_cost": "3.00",
    "tax_rate_percent": "15.00",
    "line_subtotal": "18.00",
    "tax_amount": "2.70",
    "line_total": "20.70",
    "line_profit": "0.00",
    "created_at": "2026-05-10T10:48:19.844Z"
  }
},
{
  "model": "sales.saleitem",
  "pk": 77,
  "fields": {
    "sale": 76,
    "product": 9,
    "quantity": 1,
    "unit_price": "4.00",
    "unit_cost": "2.00",
    "tax_rate_percent": "15.00",
    "line_subtotal": "4.00",
    "tax_amount": "0.60",
    "line_total": "4.60",
    "line_profit": "0.00",
    "created_at": "2026-05-10T10:48:50.369Z"
  }
},
{
  "model": "sales.saleitem",
  "pk": 78,
  "fields": {
    "sale": 76,
    "product": 2,
    "quantity": 2,
    "unit_price": "4.80",
    "unit_cost": "4.00",
    "tax_rate_percent": "15.00",
    "line_subtotal": "9.60",
    "tax_amount": "1.44",
    "line_total": "11.04",
    "line_profit": "0.00",
    "created_at": "2026-05-10T10:48:50.373Z"
  }
},
{
  "model": "sales.saleitem",
  "pk": 79,
  "fields": {
    "sale": 76,
    "product": 6,
    "quantity": 2,
    "unit_price": "5.00",
    "unit_cost": "3.50",
    "tax_rate_percent": "15.00",
    "line_subtotal": "10.00",
    "tax_amount": "1.50",
    "line_total": "11.50",
    "line_profit": "0.00",
    "created_at": "2026-05-10T10:48:50.376Z"
  }
},
{
  "model": "sales.saleitem",
  "pk": 80,
  "fields": {
    "sale": 77,
    "product": 9,
    "quantity": 1,
    "unit_price": "4.00",
    "unit_cost": "2.00",
    "tax_rate_percent": "15.00",
    "line_subtotal": "4.00",
    "tax_amount": "0.60",
    "line_total": "4.60",
    "line_profit": "0.00",
    "created_at": "2026-05-10T13:46:05.165Z"
  }
},
{
  "model": "sales.saleitem",
  "pk": 81,
  "fields": {
    "sale": 77,
    "product": 2,
    "quantity": 2,
    "unit_price": "4.80",
    "unit_cost": "4.00",
    "tax_rate_percent": "15.00",
    "line_subtotal": "9.60",
    "tax_amount": "1.44",
    "line_total": "11.04",
    "line_profit": "0.00",
    "created_at": "2026-05-10T13:46:05.168Z"
  }
},
{
  "model": "sales.saleitem",
  "pk": 82,
  "fields": {
    "sale": 77,
    "product": 6,
    "quantity": 2,
    "unit_price": "5.00",
    "unit_cost": "3.50",
    "tax_rate_percent": "15.00",
    "line_subtotal": "10.00",
    "tax_amount": "1.50",
    "line_total": "11.50",
    "line_profit": "0.00",
    "created_at": "2026-05-10T13:46:05.171Z"
  }
},
{
  "model": "sales.saleitem",
  "pk": 83,
  "fields": {
    "sale": 77,
    "product": 5,
    "quantity": 2,
    "unit_price": "5.00",
    "unit_cost": "3.00",
    "tax_rate_percent": "15.00",
    "line_subtotal": "10.00",
    "tax_amount": "1.50",
    "line_total": "11.50",
    "line_profit": "0.00",
    "created_at": "2026-05-10T13:46:05.174Z"
  }
},
{
  "model": "sales.saleitem",
  "pk": 84,
  "fields": {
    "sale": 77,
    "product": 8,
    "quantity": 2,
    "unit_price": "3.00",
    "unit_cost": "1.50",
    "tax_rate_percent": "0.00",
    "line_subtotal": "6.00",
    "tax_amount": "0.00",
    "line_total": "6.00",
    "line_profit": "0.00",
    "created_at": "2026-05-10T13:46:05.176Z"
  }
},
{
  "model": "sales.saleitem",
  "pk": 85,
  "fields": {
    "sale": 78,
    "product": 6,
    "quantity": 1,
    "unit_price": "5.00",
    "unit_cost": "3.50",
    "tax_rate_percent": "15.00",
    "line_subtotal": "5.00",
    "tax_amount": "0.75",
    "line_total": "5.75",
    "line_profit": "0.00",
    "created_at": "2026-05-10T13:52:52.978Z"
  }
},
{
  "model": "sales.saleitem",
  "pk": 86,
  "fields": {
    "sale": 78,
    "product": 4,
    "quantity": 2,
    "unit_price": "5.00",
    "unit_cost": "3.00",
    "tax_rate_percent": "15.00",
    "line_subtotal": "10.00",
    "tax_amount": "1.50",
    "line_total": "11.50",
    "line_profit": "0.00",
    "created_at": "2026-05-10T13:52:52.981Z"
  }
},
{
  "model": "sales.saleitem",
  "pk": 87,
  "fields": {
    "sale": 78,
    "product": 5,
    "quantity": 2,
    "unit_price": "5.00",
    "unit_cost": "3.00",
    "tax_rate_percent": "15.00",
    "line_subtotal": "10.00",
    "tax_amount": "1.50",
    "line_total": "11.50",
    "line_profit": "0.00",
    "created_at": "2026-05-10T13:52:52.984Z"
  }
},
{
  "model": "sales.saleitem",
  "pk": 88,
  "fields": {
    "sale": 79,
    "product": 9,
    "quantity": 1,
    "unit_price": "4.00",
    "unit_cost": "2.00",
    "tax_rate_percent": "15.00",
    "line_subtotal": "4.00",
    "tax_amount": "0.60",
    "line_total": "4.60",
    "line_profit": "0.00",
    "created_at": "2026-05-13T16:11:14.991Z"
  }
},
{
  "model": "sales.saleitem",
  "pk": 89,
  "fields": {
    "sale": 79,
    "product": 2,
    "quantity": 2,
    "unit_price": "4.80",
    "unit_cost": "4.00",
    "tax_rate_percent": "15.00",
    "line_subtotal": "9.60",
    "tax_amount": "1.44",
    "line_total": "11.04",
    "line_profit": "0.00",
    "created_at": "2026-05-13T16:11:14.994Z"
  }
},
{
  "model": "sales.saleitem",
  "pk": 90,
  "fields": {
    "sale": 79,
    "product": 6,
    "quantity": 2,
    "unit_price": "5.00",
    "unit_cost": "3.50",
    "tax_rate_percent": "15.00",
    "line_subtotal": "10.00",
    "tax_amount": "1.50",
    "line_total": "11.50",
    "line_profit": "0.00",
    "created_at": "2026-05-13T16:11:14.997Z"
  }
},
{
  "model": "sales.saleitem",
  "pk": 91,
  "fields": {
    "sale": 79,
    "product": 4,
    "quantity": 1,
    "unit_price": "5.00",
    "unit_cost": "3.00",
    "tax_rate_percent": "15.00",
    "line_subtotal": "5.00",
    "tax_amount": "0.75",
    "line_total": "5.75",
    "line_profit": "0.00",
    "created_at": "2026-05-13T16:11:15.000Z"
  }
},
{
  "model": "sales.saleitem",
  "pk": 92,
  "fields": {
    "sale": 79,
    "product": 8,
    "quantity": 2,
    "unit_price": "3.00",
    "unit_cost": "1.50",
    "tax_rate_percent": "0.00",
    "line_subtotal": "6.00",
    "tax_amount": "0.00",
    "line_total": "6.00",
    "line_profit": "0.00",
    "created_at": "2026-05-13T16:11:15.003Z"
  }
},
{
  "model": "sales.saleitem",
  "pk": 93,
  "fields": {
    "sale": 79,
    "product": 1,
    "quantity": 1,
    "unit_price": "18.00",
    "unit_cost": "3.00",
    "tax_rate_percent": "15.00",
    "line_subtotal": "18.00",
    "tax_amount": "2.70",
    "line_total": "20.70",
    "line_profit": "0.00",
    "created_at": "2026-05-13T16:11:15.005Z"
  }
},
{
  "model": "sales.saleitem",
  "pk": 94,
  "fields": {
    "sale": 80,
    "product": 9,
    "quantity": 1,
    "unit_price": "4.00",
    "unit_cost": "2.00",
    "tax_rate_percent": "15.00",
    "line_subtotal": "4.00",
    "tax_amount": "0.60",
    "line_total": "4.60",
    "line_profit": "0.00",
    "created_at": "2026-05-15T13:26:40.123Z"
  }
},
{
  "model": "sales.saleitem",
  "pk": 95,
  "fields": {
    "sale": 80,
    "product": 2,
    "quantity": 2,
    "unit_price": "4.80",
    "unit_cost": "4.00",
    "tax_rate_percent": "15.00",
    "line_subtotal": "9.60",
    "tax_amount": "1.44",
    "line_total": "11.04",
    "line_profit": "0.00",
    "created_at": "2026-05-15T13:26:40.127Z"
  }
},
{
  "model": "sales.saleitem",
  "pk": 96,
  "fields": {
    "sale": 80,
    "product": 6,
    "quantity": 1,
    "unit_price": "5.00",
    "unit_cost": "3.50",
    "tax_rate_percent": "15.00",
    "line_subtotal": "5.00",
    "tax_amount": "0.75",
    "line_total": "5.75",
    "line_profit": "0.00",
    "created_at": "2026-05-15T13:26:40.130Z"
  }
},
{
  "model": "sales.saleitem",
  "pk": 97,
  "fields": {
    "sale": 80,
    "product": 4,
    "quantity": 2,
    "unit_price": "5.00",
    "unit_cost": "3.00",
    "tax_rate_percent": "15.00",
    "line_subtotal": "10.00",
    "tax_amount": "1.50",
    "line_total": "11.50",
    "line_profit": "0.00",
    "created_at": "2026-05-15T13:26:40.132Z"
  }
},
{
  "model": "sales.saleitem",
  "pk": 98,
  "fields": {
    "sale": 80,
    "product": 5,
    "quantity": 1,
    "unit_price": "5.00",
    "unit_cost": "3.00",
    "tax_rate_percent": "15.00",
    "line_subtotal": "5.00",
    "tax_amount": "0.75",
    "line_total": "5.75",
    "line_profit": "0.00",
    "created_at": "2026-05-15T13:26:40.135Z"
  }
},
{
  "model": "sales.saleitem",
  "pk": 99,
  "fields": {
    "sale": 81,
    "product": 9,
    "quantity": 1,
    "unit_price": "4.00",
    "unit_cost": "2.00",
    "tax_rate_percent": "15.00",
    "line_subtotal": "4.00",
    "tax_amount": "0.60",
    "line_total": "4.60",
    "line_profit": "0.00",
    "created_at": "2026-05-16T22:03:19.934Z"
  }
},
{
  "model": "sales.saleitem",
  "pk": 100,
  "fields": {
    "sale": 81,
    "product": 2,
    "quantity": 2,
    "unit_price": "4.80",
    "unit_cost": "4.00",
    "tax_rate_percent": "15.00",
    "line_subtotal": "9.60",
    "tax_amount": "1.44",
    "line_total": "11.04",
    "line_profit": "0.00",
    "created_at": "2026-05-16T22:03:19.937Z"
  }
},
{
  "model": "sales.saleitem",
  "pk": 101,
  "fields": {
    "sale": 82,
    "product": 6,
    "quantity": 1,
    "unit_price": "5.00",
    "unit_cost": "3.50",
    "tax_rate_percent": "15.00",
    "line_subtotal": "5.00",
    "tax_amount": "0.75",
    "line_total": "5.75",
    "line_profit": "0.00",
    "created_at": "2026-05-16T22:20:34.818Z"
  }
},
{
  "model": "sales.saleitem",
  "pk": 102,
  "fields": {
    "sale": 82,
    "product": 4,
    "quantity": 2,
    "unit_price": "5.00",
    "unit_cost": "3.00",
    "tax_rate_percent": "15.00",
    "line_subtotal": "10.00",
    "tax_amount": "1.50",
    "line_total": "11.50",
    "line_profit": "0.00",
    "created_at": "2026-05-16T22:20:34.822Z"
  }
},
{
  "model": "sales.saleitem",
  "pk": 103,
  "fields": {
    "sale": 83,
    "product": 2,
    "quantity": 1,
    "unit_price": "4.80",
    "unit_cost": "4.00",
    "tax_rate_percent": "15.00",
    "line_subtotal": "4.80",
    "tax_amount": "0.72",
    "line_total": "5.52",
    "line_profit": "0.00",
    "created_at": "2026-05-16T22:43:16.998Z"
  }
},
{
  "model": "sales.saleitem",
  "pk": 104,
  "fields": {
    "sale": 83,
    "product": 6,
    "quantity": 2,
    "unit_price": "5.00",
    "unit_cost": "3.50",
    "tax_rate_percent": "15.00",
    "line_subtotal": "10.00",
    "tax_amount": "1.50",
    "line_total": "11.50",
    "line_profit": "0.00",
    "created_at": "2026-05-16T22:43:17.002Z"
  }
},
{
  "model": "sales.saleitem",
  "pk": 105,
  "fields": {
    "sale": 84,
    "product": 9,
    "quantity": 1,
    "unit_price": "4.00",
    "unit_cost": "2.00",
    "tax_rate_percent": "15.00",
    "line_subtotal": "4.00",
    "tax_amount": "0.60",
    "line_total": "4.60",
    "line_profit": "0.00",
    "created_at": "2026-05-17T07:27:32.479Z"
  }
},
{
  "model": "sales.saleitem",
  "pk": 106,
  "fields": {
    "sale": 84,
    "product": 2,
    "quantity": 2,
    "unit_price": "4.80",
    "unit_cost": "4.00",
    "tax_rate_percent": "15.00",
    "line_subtotal": "9.60",
    "tax_amount": "1.44",
    "line_total": "11.04",
    "line_profit": "0.00",
    "created_at": "2026-05-17T07:27:32.483Z"
  }
},
{
  "model": "sales.saleitem",
  "pk": 107,
  "fields": {
    "sale": 84,
    "product": 6,
    "quantity": 1,
    "unit_price": "5.00",
    "unit_cost": "3.50",
    "tax_rate_percent": "15.00",
    "line_subtotal": "5.00",
    "tax_amount": "0.75",
    "line_total": "5.75",
    "line_profit": "0.00",
    "created_at": "2026-05-17T07:27:32.485Z"
  }
},
{
  "model": "sales.saleitem",
  "pk": 108,
  "fields": {
    "sale": 85,
    "product": 9,
    "quantity": 1,
    "unit_price": "4.00",
    "unit_cost": "2.00",
    "tax_rate_percent": "15.00",
    "line_subtotal": "4.00",
    "tax_amount": "0.60",
    "line_total": "4.60",
    "line_profit": "0.00",
    "created_at": "2026-05-17T10:28:12.188Z"
  }
},
{
  "model": "sales.saleitem",
  "pk": 109,
  "fields": {
    "sale": 85,
    "product": 2,
    "quantity": 2,
    "unit_price": "4.80",
    "unit_cost": "4.00",
    "tax_rate_percent": "15.00",
    "line_subtotal": "9.60",
    "tax_amount": "1.44",
    "line_total": "11.04",
    "line_profit": "0.00",
    "created_at": "2026-05-17T10:28:12.192Z"
  }
},
{
  "model": "sales.saleitem",
  "pk": 110,
  "fields": {
    "sale": 86,
    "product": 9,
    "quantity": 1,
    "unit_price": "4.00",
    "unit_cost": "2.00",
    "tax_rate_percent": "15.00",
    "line_subtotal": "4.00",
    "tax_amount": "0.60",
    "line_total": "4.60",
    "line_profit": "0.00",
    "created_at": "2026-05-17T13:45:29.429Z"
  }
},
{
  "model": "sales.saleitem",
  "pk": 111,
  "fields": {
    "sale": 86,
    "product": 2,
    "quantity": 2,
    "unit_price": "4.80",
    "unit_cost": "4.00",
    "tax_rate_percent": "15.00",
    "line_subtotal": "9.60",
    "tax_amount": "1.44",
    "line_total": "11.04",
    "line_profit": "0.00",
    "created_at": "2026-05-17T13:45:29.432Z"
  }
},
{
  "model": "sales.saleitem",
  "pk": 112,
  "fields": {
    "sale": 86,
    "product": 6,
    "quantity": 1,
    "unit_price": "5.00",
    "unit_cost": "3.50",
    "tax_rate_percent": "15.00",
    "line_subtotal": "5.00",
    "tax_amount": "0.75",
    "line_total": "5.75",
    "line_profit": "0.00",
    "created_at": "2026-05-17T13:45:29.435Z"
  }
},
{
  "model": "sales.saleitem",
  "pk": 113,
  "fields": {
    "sale": 87,
    "product": 5,
    "quantity": 2,
    "unit_price": "5.00",
    "unit_cost": "3.00",
    "tax_rate_percent": "15.00",
    "line_subtotal": "10.00",
    "tax_amount": "1.50",
    "line_total": "11.50",
    "line_profit": "0.00",
    "created_at": "2026-05-17T17:08:51.041Z"
  }
},
{
  "model": "sales.saleitem",
  "pk": 114,
  "fields": {
    "sale": 87,
    "product": 4,
    "quantity": 1,
    "unit_price": "5.00",
    "unit_cost": "3.00",
    "tax_rate_percent": "15.00",
    "line_subtotal": "5.00",
    "tax_amount": "0.75",
    "line_total": "5.75",
    "line_profit": "0.00",
    "created_at": "2026-05-17T17:08:51.045Z"
  }
},
{
  "model": "sales.saleitem",
  "pk": 115,
  "fields": {
    "sale": 87,
    "product": 2,
    "quantity": 1,
    "unit_price": "4.80",
    "unit_cost": "4.00",
    "tax_rate_percent": "15.00",
    "line_subtotal": "4.80",
    "tax_amount": "0.72",
    "line_total": "5.52",
    "line_profit": "0.00",
    "created_at": "2026-05-17T17:08:51.048Z"
  }
},
{
  "model": "sales.saleitem",
  "pk": 116,
  "fields": {
    "sale": 88,
    "product": 4,
    "quantity": 1,
    "unit_price": "5.00",
    "unit_cost": "3.00",
    "tax_rate_percent": "15.00",
    "line_subtotal": "5.00",
    "tax_amount": "0.75",
    "line_total": "5.75",
    "line_profit": "0.00",
    "created_at": "2026-05-17T17:20:39.755Z"
  }
},
{
  "model": "sales.saleitem",
  "pk": 117,
  "fields": {
    "sale": 88,
    "product": 5,
    "quantity": 2,
    "unit_price": "5.00",
    "unit_cost": "3.00",
    "tax_rate_percent": "15.00",
    "line_subtotal": "10.00",
    "tax_amount": "1.50",
    "line_total": "11.50",
    "line_profit": "0.00",
    "created_at": "2026-05-17T17:20:39.759Z"
  }
},
{
  "model": "sales.saleitem",
  "pk": 118,
  "fields": {
    "sale": 88,
    "product": 8,
    "quantity": 2,
    "unit_price": "3.00",
    "unit_cost": "1.50",
    "tax_rate_percent": "0.00",
    "line_subtotal": "6.00",
    "tax_amount": "0.00",
    "line_total": "6.00",
    "line_profit": "0.00",
    "created_at": "2026-05-17T17:20:39.761Z"
  }
},
{
  "model": "sales.saleitem",
  "pk": 119,
  "fields": {
    "sale": 88,
    "product": 6,
    "quantity": 1,
    "unit_price": "5.00",
    "unit_cost": "3.50",
    "tax_rate_percent": "15.00",
    "line_subtotal": "5.00",
    "tax_amount": "0.75",
    "line_total": "5.75",
    "line_profit": "0.00",
    "created_at": "2026-05-17T17:20:39.763Z"
  }
},
{
  "model": "sales.saleitem",
  "pk": 120,
  "fields": {
    "sale": 88,
    "product": 9,
    "quantity": 1,
    "unit_price": "4.00",
    "unit_cost": "2.00",
    "tax_rate_percent": "15.00",
    "line_subtotal": "4.00",
    "tax_amount": "0.60",
    "line_total": "4.60",
    "line_profit": "0.00",
    "created_at": "2026-05-17T17:20:39.766Z"
  }
},
{
  "model": "sales.saleitem",
  "pk": 121,
  "fields": {
    "sale": 89,
    "product": 4,
    "quantity": 1,
    "unit_price": "5.00",
    "unit_cost": "3.00",
    "tax_rate_percent": "15.00",
    "line_subtotal": "5.00",
    "tax_amount": "0.75",
    "line_total": "5.75",
    "line_profit": "0.00",
    "created_at": "2026-05-18T09:02:25.412Z"
  }
},
{
  "model": "sales.saleitem",
  "pk": 122,
  "fields": {
    "sale": 89,
    "product": 5,
    "quantity": 2,
    "unit_price": "5.00",
    "unit_cost": "3.00",
    "tax_rate_percent": "15.00",
    "line_subtotal": "10.00",
    "tax_amount": "1.50",
    "line_total": "11.50",
    "line_profit": "0.00",
    "created_at": "2026-05-18T09:02:25.415Z"
  }
},
{
  "model": "sales.saleitem",
  "pk": 123,
  "fields": {
    "sale": 89,
    "product": 8,
    "quantity": 2,
    "unit_price": "3.00",
    "unit_cost": "1.50",
    "tax_rate_percent": "0.00",
    "line_subtotal": "6.00",
    "tax_amount": "0.00",
    "line_total": "6.00",
    "line_profit": "0.00",
    "created_at": "2026-05-18T09:02:25.418Z"
  }
},
{
  "model": "sales.saleitem",
  "pk": 124,
  "fields": {
    "sale": 90,
    "product": 5,
    "quantity": 1,
    "unit_price": "5.00",
    "unit_cost": "3.00",
    "tax_rate_percent": "15.00",
    "line_subtotal": "5.00",
    "tax_amount": "0.75",
    "line_total": "5.75",
    "line_profit": "0.00",
    "created_at": "2026-05-18T09:17:04.685Z"
  }
},
{
  "model": "sales.saleitem",
  "pk": 125,
  "fields": {
    "sale": 90,
    "product": 8,
    "quantity": 2,
    "unit_price": "3.00",
    "unit_cost": "1.50",
    "tax_rate_percent": "0.00",
    "line_subtotal": "6.00",
    "tax_amount": "0.00",
    "line_total": "6.00",
    "line_profit": "0.00",
    "created_at": "2026-05-18T09:17:04.688Z"
  }
},
{
  "model": "sales.saleitem",
  "pk": 126,
  "fields": {
    "sale": 90,
    "product": 1,
    "quantity": 1,
    "unit_price": "18.00",
    "unit_cost": "3.00",
    "tax_rate_percent": "15.00",
    "line_subtotal": "18.00",
    "tax_amount": "2.70",
    "line_total": "20.70",
    "line_profit": "0.00",
    "created_at": "2026-05-18T09:17:04.691Z"
  }
},
{
  "model": "sales.saleitem",
  "pk": 127,
  "fields": {
    "sale": 91,
    "product": 4,
    "quantity": 1,
    "unit_price": "5.00",
    "unit_cost": "3.00",
    "tax_rate_percent": "15.00",
    "line_subtotal": "5.00",
    "tax_amount": "0.75",
    "line_total": "5.75",
    "line_profit": "0.00",
    "created_at": "2026-05-18T09:27:01.483Z"
  }
},
{
  "model": "sales.saleitem",
  "pk": 128,
  "fields": {
    "sale": 91,
    "product": 5,
    "quantity": 2,
    "unit_price": "5.00",
    "unit_cost": "3.00",
    "tax_rate_percent": "15.00",
    "line_subtotal": "10.00",
    "tax_amount": "1.50",
    "line_total": "11.50",
    "line_profit": "0.00",
    "created_at": "2026-05-18T09:27:01.487Z"
  }
},
{
  "model": "sales.saleitem",
  "pk": 129,
  "fields": {
    "sale": 92,
    "product": 9,
    "quantity": 1,
    "unit_price": "4.00",
    "unit_cost": "2.00",
    "tax_rate_percent": "15.00",
    "line_subtotal": "4.00",
    "tax_amount": "0.60",
    "line_total": "4.60",
    "line_profit": "0.00",
    "created_at": "2026-05-18T13:43:12.348Z"
  }
},
{
  "model": "sales.saleitem",
  "pk": 130,
  "fields": {
    "sale": 92,
    "product": 6,
    "quantity": 2,
    "unit_price": "5.00",
    "unit_cost": "3.50",
    "tax_rate_percent": "15.00",
    "line_subtotal": "10.00",
    "tax_amount": "1.50",
    "line_total": "11.50",
    "line_profit": "0.00",
    "created_at": "2026-05-18T13:43:12.351Z"
  }
},
{
  "model": "sales.saleitem",
  "pk": 131,
  "fields": {
    "sale": 92,
    "product": 4,
    "quantity": 1,
    "unit_price": "5.00",
    "unit_cost": "3.00",
    "tax_rate_percent": "15.00",
    "line_subtotal": "5.00",
    "tax_amount": "0.75",
    "line_total": "5.75",
    "line_profit": "0.00",
    "created_at": "2026-05-18T13:43:12.354Z"
  }
},
{
  "model": "sales.saleitem",
  "pk": 132,
  "fields": {
    "sale": 93,
    "product": 4,
    "quantity": 1,
    "unit_price": "5.00",
    "unit_cost": "3.00",
    "tax_rate_percent": "15.00",
    "line_subtotal": "5.00",
    "tax_amount": "0.75",
    "line_total": "5.75",
    "line_profit": "0.00",
    "created_at": "2026-05-19T15:01:21.884Z"
  }
},
{
  "model": "sales.saleitem",
  "pk": 133,
  "fields": {
    "sale": 93,
    "product": 5,
    "quantity": 2,
    "unit_price": "5.00",
    "unit_cost": "3.00",
    "tax_rate_percent": "15.00",
    "line_subtotal": "10.00",
    "tax_amount": "1.50",
    "line_total": "11.50",
    "line_profit": "0.00",
    "created_at": "2026-05-19T15:01:21.887Z"
  }
},
{
  "model": "sales.saleitem",
  "pk": 134,
  "fields": {
    "sale": 93,
    "product": 8,
    "quantity": 3,
    "unit_price": "3.00",
    "unit_cost": "1.50",
    "tax_rate_percent": "0.00",
    "line_subtotal": "9.00",
    "tax_amount": "0.00",
    "line_total": "9.00",
    "line_profit": "0.00",
    "created_at": "2026-05-19T15:01:21.890Z"
  }
},
{
  "model": "sales.saleitem",
  "pk": 135,
  "fields": {
    "sale": 94,
    "product": 9,
    "quantity": 1,
    "unit_price": "4.00",
    "unit_cost": "2.00",
    "tax_rate_percent": "15.00",
    "line_subtotal": "4.00",
    "tax_amount": "0.60",
    "line_total": "4.60",
    "line_profit": "0.00",
    "created_at": "2026-05-19T21:51:18.740Z"
  }
},
{
  "model": "sales.saleitem",
  "pk": 136,
  "fields": {
    "sale": 94,
    "product": 2,
    "quantity": 2,
    "unit_price": "4.80",
    "unit_cost": "4.00",
    "tax_rate_percent": "15.00",
    "line_subtotal": "9.60",
    "tax_amount": "1.44",
    "line_total": "11.04",
    "line_profit": "0.00",
    "created_at": "2026-05-19T21:51:18.744Z"
  }
},
{
  "model": "sales.saleitem",
  "pk": 137,
  "fields": {
    "sale": 94,
    "product": 6,
    "quantity": 1,
    "unit_price": "5.00",
    "unit_cost": "3.50",
    "tax_rate_percent": "15.00",
    "line_subtotal": "5.00",
    "tax_amount": "0.75",
    "line_total": "5.75",
    "line_profit": "0.00",
    "created_at": "2026-05-19T21:51:18.747Z"
  }
},
{
  "model": "sales.saleitem",
  "pk": 138,
  "fields": {
    "sale": 95,
    "product": 6,
    "quantity": 1,
    "unit_price": "5.00",
    "unit_cost": "3.50",
    "tax_rate_percent": "15.00",
    "line_subtotal": "5.00",
    "tax_amount": "0.75",
    "line_total": "5.75",
    "line_profit": "0.00",
    "created_at": "2026-05-19T22:17:54.724Z"
  }
},
{
  "model": "sales.saleitem",
  "pk": 139,
  "fields": {
    "sale": 95,
    "product": 4,
    "quantity": 2,
    "unit_price": "5.00",
    "unit_cost": "3.00",
    "tax_rate_percent": "15.00",
    "line_subtotal": "10.00",
    "tax_amount": "1.50",
    "line_total": "11.50",
    "line_profit": "0.00",
    "created_at": "2026-05-19T22:17:54.728Z"
  }
},
{
  "model": "sales.saleitem",
  "pk": 140,
  "fields": {
    "sale": 95,
    "product": 5,
    "quantity": 1,
    "unit_price": "5.00",
    "unit_cost": "3.00",
    "tax_rate_percent": "15.00",
    "line_subtotal": "5.00",
    "tax_amount": "0.75",
    "line_total": "5.75",
    "line_profit": "0.00",
    "created_at": "2026-05-19T22:17:54.731Z"
  }
},
{
  "model": "sales.saleitem",
  "pk": 141,
  "fields": {
    "sale": 96,
    "product": 9,
    "quantity": 1,
    "unit_price": "4.00",
    "unit_cost": "2.00",
    "tax_rate_percent": "15.00",
    "line_subtotal": "4.00",
    "tax_amount": "0.60",
    "line_total": "4.60",
    "line_profit": "0.00",
    "created_at": "2026-05-19T22:25:50.196Z"
  }
},
{
  "model": "sales.saleitem",
  "pk": 142,
  "fields": {
    "sale": 96,
    "product": 2,
    "quantity": 2,
    "unit_price": "4.80",
    "unit_cost": "4.00",
    "tax_rate_percent": "15.00",
    "line_subtotal": "9.60",
    "tax_amount": "1.44",
    "line_total": "11.04",
    "line_profit": "0.00",
    "created_at": "2026-05-19T22:25:50.199Z"
  }
},
{
  "model": "sales.saleitem",
  "pk": 143,
  "fields": {
    "sale": 96,
    "product": 6,
    "quantity": 2,
    "unit_price": "5.00",
    "unit_cost": "3.50",
    "tax_rate_percent": "15.00",
    "line_subtotal": "10.00",
    "tax_amount": "1.50",
    "line_total": "11.50",
    "line_profit": "0.00",
    "created_at": "2026-05-19T22:25:50.202Z"
  }
},
{
  "model": "sales.saleitem",
  "pk": 144,
  "fields": {
    "sale": 97,
    "product": 7,
    "quantity": 1,
    "unit_price": "4.00",
    "unit_cost": "2.00",
    "tax_rate_percent": "15.00",
    "line_subtotal": "4.00",
    "tax_amount": "0.60",
    "line_total": "4.60",
    "line_profit": "0.00",
    "created_at": "2026-05-19T22:44:42.447Z"
  }
},
{
  "model": "sales.saleitem",
  "pk": 145,
  "fields": {
    "sale": 97,
    "product": 1,
    "quantity": 1,
    "unit_price": "18.00",
    "unit_cost": "3.00",
    "tax_rate_percent": "15.00",
    "line_subtotal": "18.00",
    "tax_amount": "2.70",
    "line_total": "20.70",
    "line_profit": "0.00",
    "created_at": "2026-05-19T22:44:42.450Z"
  }
},
{
  "model": "sales.saleitem",
  "pk": 146,
  "fields": {
    "sale": 97,
    "product": 5,
    "quantity": 1,
    "unit_price": "5.00",
    "unit_cost": "3.00",
    "tax_rate_percent": "15.00",
    "line_subtotal": "5.00",
    "tax_amount": "0.75",
    "line_total": "5.75",
    "line_profit": "0.00",
    "created_at": "2026-05-19T22:44:42.453Z"
  }
},
{
  "model": "sales.saleitem",
  "pk": 147,
  "fields": {
    "sale": 98,
    "product": 7,
    "quantity": 1,
    "unit_price": "4.00",
    "unit_cost": "2.00",
    "tax_rate_percent": "15.00",
    "line_subtotal": "4.00",
    "tax_amount": "0.60",
    "line_total": "4.60",
    "line_profit": "0.00",
    "created_at": "2026-05-19T23:02:07.243Z"
  }
},
{
  "model": "sales.saleitem",
  "pk": 148,
  "fields": {
    "sale": 99,
    "product": 7,
    "quantity": 1,
    "unit_price": "4.00",
    "unit_cost": "2.00",
    "tax_rate_percent": "15.00",
    "line_subtotal": "4.00",
    "tax_amount": "0.60",
    "line_total": "4.60",
    "line_profit": "0.00",
    "created_at": "2026-05-19T23:42:19.851Z"
  }
},
{
  "model": "sales.saleitem",
  "pk": 149,
  "fields": {
    "sale": 100,
    "product": 7,
    "quantity": 1,
    "unit_price": "4.00",
    "unit_cost": "2.00",
    "tax_rate_percent": "15.00",
    "line_subtotal": "4.00",
    "tax_amount": "0.60",
    "line_total": "4.60",
    "line_profit": "0.00",
    "created_at": "2026-05-19T23:56:54.472Z"
  }
},
{
  "model": "sales.saleitem",
  "pk": 150,
  "fields": {
    "sale": 101,
    "product": 5,
    "quantity": 1,
    "unit_price": "5.00",
    "unit_cost": "3.00",
    "tax_rate_percent": "15.00",
    "line_subtotal": "5.00",
    "tax_amount": "0.75",
    "line_total": "5.75",
    "line_profit": "0.00",
    "created_at": "2026-05-20T00:09:28.495Z"
  }
},
{
  "model": "sales.saleitem",
  "pk": 151,
  "fields": {
    "sale": 101,
    "product": 4,
    "quantity": 1,
    "unit_price": "5.00",
    "unit_cost": "3.00",
    "tax_rate_percent": "15.00",
    "line_subtotal": "5.00",
    "tax_amount": "0.75",
    "line_total": "5.75",
    "line_profit": "0.00",
    "created_at": "2026-05-20T00:09:28.498Z"
  }
},
{
  "model": "sales.saleitem",
  "pk": 152,
  "fields": {
    "sale": 102,
    "product": 9,
    "quantity": 2,
    "unit_price": "4.00",
    "unit_cost": "2.00",
    "tax_rate_percent": "15.00",
    "line_subtotal": "8.00",
    "tax_amount": "1.20",
    "line_total": "9.20",
    "line_profit": "4.00",
    "created_at": "2026-05-20T14:51:59.456Z"
  }
},
{
  "model": "sales.saleitem",
  "pk": 153,
  "fields": {
    "sale": 102,
    "product": 2,
    "quantity": 2,
    "unit_price": "4.80",
    "unit_cost": "4.00",
    "tax_rate_percent": "15.00",
    "line_subtotal": "9.60",
    "tax_amount": "1.44",
    "line_total": "11.04",
    "line_profit": "1.60",
    "created_at": "2026-05-20T14:51:59.459Z"
  }
},
{
  "model": "sales.saleitem",
  "pk": 154,
  "fields": {
    "sale": 103,
    "product": 4,
    "quantity": 1,
    "unit_price": "5.00",
    "unit_cost": "3.00",
    "tax_rate_percent": "15.00",
    "line_subtotal": "5.00",
    "tax_amount": "0.75",
    "line_total": "5.75",
    "line_profit": "2.00",
    "created_at": "2026-05-20T21:51:54.312Z"
  }
},
{
  "model": "sales.saleitem",
  "pk": 155,
  "fields": {
    "sale": 103,
    "product": 9,
    "quantity": 1,
    "unit_price": "4.00",
    "unit_cost": "2.00",
    "tax_rate_percent": "15.00",
    "line_subtotal": "4.00",
    "tax_amount": "0.60",
    "line_total": "4.60",
    "line_profit": "2.00",
    "created_at": "2026-05-20T21:51:54.315Z"
  }
},
{
  "model": "sales.saleitem",
  "pk": 156,
  "fields": {
    "sale": 104,
    "product": 5,
    "quantity": 1,
    "unit_price": "5.00",
    "unit_cost": "3.00",
    "tax_rate_percent": "15.00",
    "line_subtotal": "5.00",
    "tax_amount": "0.75",
    "line_total": "5.75",
    "line_profit": "2.00",
    "created_at": "2026-05-20T22:18:59.947Z"
  }
},
{
  "model": "sales.saleitem",
  "pk": 157,
  "fields": {
    "sale": 104,
    "product": 4,
    "quantity": 1,
    "unit_price": "5.00",
    "unit_cost": "3.00",
    "tax_rate_percent": "15.00",
    "line_subtotal": "5.00",
    "tax_amount": "0.75",
    "line_total": "5.75",
    "line_profit": "2.00",
    "created_at": "2026-05-20T22:18:59.950Z"
  }
},
{
  "model": "sales.saleitem",
  "pk": 158,
  "fields": {
    "sale": 105,
    "product": 8,
    "quantity": 1,
    "unit_price": "3.00",
    "unit_cost": "1.50",
    "tax_rate_percent": "0.00",
    "line_subtotal": "3.00",
    "tax_amount": "0.00",
    "line_total": "3.00",
    "line_profit": "1.50",
    "created_at": "2026-05-21T11:37:16.414Z"
  }
},
{
  "model": "sales.saleitem",
  "pk": 159,
  "fields": {
    "sale": 105,
    "product": 1,
    "quantity": 2,
    "unit_price": "18.00",
    "unit_cost": "3.00",
    "tax_rate_percent": "15.00",
    "line_subtotal": "36.00",
    "tax_amount": "5.40",
    "line_total": "41.40",
    "line_profit": "30.00",
    "created_at": "2026-05-21T11:37:16.418Z"
  }
},
{
  "model": "sales.saleitembatchallocation",
  "pk": 1,
  "fields": {
    "sale_item": 73,
    "stock_batch": 3,
    "quantity_allocated": 1,
    "created_at": "2026-05-10T10:46:41.466Z"
  }
},
{
  "model": "sales.saleitembatchallocation",
  "pk": 2,
  "fields": {
    "sale_item": 74,
    "stock_batch": 4,
    "quantity_allocated": 1,
    "created_at": "2026-05-10T10:46:41.470Z"
  }
},
{
  "model": "sales.refund",
  "pk": 1,
  "fields": {
    "sale": 101,
    "refund_number": "RFND-20260520144719100802",
    "cashier": 5,
    "payment_method": "cash",
    "reason": "",
    "subtotal_amount": "10.00",
    "tax_amount": "1.50",
    "total_amount": "11.50",
    "total_cost": "6.00",
    "total_profit_reversed": "4.00",
    "created_at": "2026-05-20T14:47:19.100Z"
  }
},
{
  "model": "sales.refund",
  "pk": 2,
  "fields": {
    "sale": 102,
    "refund_number": "RFND-20260520145338491016",
    "cashier": 5,
    "payment_method": "cash",
    "reason": "error ",
    "subtotal_amount": "13.60",
    "tax_amount": "2.04",
    "total_amount": "15.64",
    "total_cost": "10.00",
    "total_profit_reversed": "3.60",
    "created_at": "2026-05-20T14:53:38.491Z"
  }
},
{
  "model": "sales.refund",
  "pk": 3,
  "fields": {
    "sale": 100,
    "refund_number": "RFND-20260520150640143555",
    "cashier": 5,
    "payment_method": "cash",
    "reason": "",
    "subtotal_amount": "4.00",
    "tax_amount": "0.60",
    "total_amount": "4.60",
    "total_cost": "2.00",
    "total_profit_reversed": "2.00",
    "created_at": "2026-05-20T15:06:40.143Z"
  }
},
{
  "model": "sales.refund",
  "pk": 4,
  "fields": {
    "sale": 104,
    "refund_number": "RFND-20260520222527294656",
    "cashier": 5,
    "payment_method": "cash",
    "reason": "",
    "subtotal_amount": "10.00",
    "tax_amount": "1.50",
    "total_amount": "11.50",
    "total_cost": "6.00",
    "total_profit_reversed": "4.00",
    "created_at": "2026-05-20T22:25:27.294Z"
  }
},
{
  "model": "sales.refund",
  "pk": 5,
  "fields": {
    "sale": 105,
    "refund_number": "RFND-20260521114138814740",
    "cashier": 5,
    "payment_method": "cash",
    "reason": "",
    "subtotal_amount": "39.00",
    "tax_amount": "5.40",
    "total_amount": "44.40",
    "total_cost": "7.50",
    "total_profit_reversed": "31.50",
    "created_at": "2026-05-21T11:41:38.814Z"
  }
},
{
  "model": "sales.refunditem",
  "pk": 1,
  "fields": {
    "refund": 1,
    "sale_item": 150,
    "product": 5,
    "quantity": 1,
    "unit_price": "5.00",
    "unit_cost": "3.00",
    "tax_rate_percent": "15.00",
    "line_subtotal": "5.00",
    "tax_amount": "0.75",
    "line_total": "5.75",
    "line_profit_reversed": "2.00",
    "returned_to_stock": true,
    "created_at": "2026-05-20T14:47:19.105Z"
  }
},
{
  "model": "sales.refunditem",
  "pk": 2,
  "fields": {
    "refund": 1,
    "sale_item": 151,
    "product": 4,
    "quantity": 1,
    "unit_price": "5.00",
    "unit_cost": "3.00",
    "tax_rate_percent": "15.00",
    "line_subtotal": "5.00",
    "tax_amount": "0.75",
    "line_total": "5.75",
    "line_profit_reversed": "2.00",
    "returned_to_stock": true,
    "created_at": "2026-05-20T14:47:19.108Z"
  }
},
{
  "model": "sales.refunditem",
  "pk": 3,
  "fields": {
    "refund": 2,
    "sale_item": 152,
    "product": 9,
    "quantity": 1,
    "unit_price": "4.00",
    "unit_cost": "2.00",
    "tax_rate_percent": "15.00",
    "line_subtotal": "4.00",
    "tax_amount": "0.60",
    "line_total": "4.60",
    "line_profit_reversed": "2.00",
    "returned_to_stock": true,
    "created_at": "2026-05-20T14:53:38.494Z"
  }
},
{
  "model": "sales.refunditem",
  "pk": 4,
  "fields": {
    "refund": 2,
    "sale_item": 153,
    "product": 2,
    "quantity": 2,
    "unit_price": "4.80",
    "unit_cost": "4.00",
    "tax_rate_percent": "15.00",
    "line_subtotal": "9.60",
    "tax_amount": "1.44",
    "line_total": "11.04",
    "line_profit_reversed": "1.60",
    "returned_to_stock": true,
    "created_at": "2026-05-20T14:53:38.497Z"
  }
},
{
  "model": "sales.refunditem",
  "pk": 5,
  "fields": {
    "refund": 3,
    "sale_item": 149,
    "product": 7,
    "quantity": 1,
    "unit_price": "4.00",
    "unit_cost": "2.00",
    "tax_rate_percent": "15.00",
    "line_subtotal": "4.00",
    "tax_amount": "0.60",
    "line_total": "4.60",
    "line_profit_reversed": "2.00",
    "returned_to_stock": true,
    "created_at": "2026-05-20T15:06:40.147Z"
  }
},
{
  "model": "sales.refunditem",
  "pk": 6,
  "fields": {
    "refund": 4,
    "sale_item": 156,
    "product": 5,
    "quantity": 1,
    "unit_price": "5.00",
    "unit_cost": "3.00",
    "tax_rate_percent": "15.00",
    "line_subtotal": "5.00",
    "tax_amount": "0.75",
    "line_total": "5.75",
    "line_profit_reversed": "2.00",
    "returned_to_stock": true,
    "created_at": "2026-05-20T22:25:27.297Z"
  }
},
{
  "model": "sales.refunditem",
  "pk": 7,
  "fields": {
    "refund": 4,
    "sale_item": 157,
    "product": 4,
    "quantity": 1,
    "unit_price": "5.00",
    "unit_cost": "3.00",
    "tax_rate_percent": "15.00",
    "line_subtotal": "5.00",
    "tax_amount": "0.75",
    "line_total": "5.75",
    "line_profit_reversed": "2.00",
    "returned_to_stock": true,
    "created_at": "2026-05-20T22:25:27.300Z"
  }
},
{
  "model": "sales.refunditem",
  "pk": 8,
  "fields": {
    "refund": 5,
    "sale_item": 158,
    "product": 8,
    "quantity": 1,
    "unit_price": "3.00",
    "unit_cost": "1.50",
    "tax_rate_percent": "0.00",
    "line_subtotal": "3.00",
    "tax_amount": "0.00",
    "line_total": "3.00",
    "line_profit_reversed": "1.50",
    "returned_to_stock": true,
    "created_at": "2026-05-21T11:41:38.818Z"
  }
},
{
  "model": "sales.refunditem",
  "pk": 9,
  "fields": {
    "refund": 5,
    "sale_item": 159,
    "product": 1,
    "quantity": 2,
    "unit_price": "18.00",
    "unit_cost": "3.00",
    "tax_rate_percent": "15.00",
    "line_subtotal": "36.00",
    "tax_amount": "5.40",
    "line_total": "41.40",
    "line_profit_reversed": "30.00",
    "returned_to_stock": true,
    "created_at": "2026-05-21T11:41:38.821Z"
  }
},
{
  "model": "finance.supplierinvoice",
  "pk": 1,
  "fields": {
    "supplier": 1,
    "purchase_order": 5,
    "invoice_number": "INV-PO-20260326225149623508",
    "invoice_date": "2026-03-26",
    "due_date": null,
    "subtotal_amount": "0.00",
    "tax_amount": "0.00",
    "total_amount": "300.00",
    "amount_paid": "300.00",
    "balance_due": "300.00",
    "status": "paid",
    "notes": "",
    "created_at": "2026-03-26T22:51:49.623Z",
    "updated_at": "2026-03-26T23:20:45.744Z"
  }
},
{
  "model": "finance.supplierinvoice",
  "pk": 2,
  "fields": {
    "supplier": 1,
    "purchase_order": 1,
    "invoice_number": "INV-PO-20260326225240903935",
    "invoice_date": "2026-03-26",
    "due_date": null,
    "subtotal_amount": "0.00",
    "tax_amount": "0.00",
    "total_amount": "80.00",
    "amount_paid": "80.00",
    "balance_due": "0.00",
    "status": "paid",
    "notes": "",
    "created_at": "2026-03-26T22:52:40.904Z",
    "updated_at": "2026-03-26T23:11:01.610Z"
  }
},
{
  "model": "finance.supplierinvoice",
  "pk": 3,
  "fields": {
    "supplier": 1,
    "purchase_order": 6,
    "invoice_number": "INV-PO-20260330223913441326",
    "invoice_date": "2026-03-30",
    "due_date": null,
    "subtotal_amount": "0.00",
    "tax_amount": "0.00",
    "total_amount": "60.00",
    "amount_paid": "60.00",
    "balance_due": "60.00",
    "status": "paid",
    "notes": "",
    "created_at": "2026-03-30T22:39:13.441Z",
    "updated_at": "2026-03-30T22:39:51.148Z"
  }
},
{
  "model": "finance.supplierinvoice",
  "pk": 4,
  "fields": {
    "supplier": 1,
    "purchase_order": 7,
    "invoice_number": "INV-PO-20260403170146318034",
    "invoice_date": "2026-04-03",
    "due_date": null,
    "subtotal_amount": "0.00",
    "tax_amount": "0.00",
    "total_amount": "175.00",
    "amount_paid": "0.00",
    "balance_due": "175.00",
    "status": "unpaid",
    "notes": "",
    "created_at": "2026-04-03T17:01:46.318Z",
    "updated_at": "2026-04-03T17:01:46.318Z"
  }
},
{
  "model": "finance.supplierpayment",
  "pk": 1,
  "fields": {
    "invoice": 2,
    "supplier": 1,
    "payment_number": "PAY-20260326231101604618",
    "payment_date": "2026-03-26",
    "amount": "80.00",
    "payment_method": "bank_transfer",
    "reference": "",
    "notes": "",
    "created_by": 1,
    "created_at": "2026-03-26T23:11:01.604Z"
  }
},
{
  "model": "finance.supplierpayment",
  "pk": 2,
  "fields": {
    "invoice": 1,
    "supplier": 1,
    "payment_number": "PAY-20260326232045737575",
    "payment_date": "2026-03-26",
    "amount": "300.00",
    "payment_method": "bank_transfer",
    "reference": "",
    "notes": "",
    "created_by": 1,
    "created_at": "2026-03-26T23:20:45.738Z"
  }
},
{
  "model": "finance.supplierpayment",
  "pk": 3,
  "fields": {
    "invoice": 3,
    "supplier": 1,
    "payment_number": "PAY-20260330223951140977",
    "payment_date": "2026-03-30",
    "amount": "60.00",
    "payment_method": "bank_transfer",
    "reference": "rice",
    "notes": "",
    "created_by": 1,
    "created_at": "2026-03-30T22:39:51.141Z"
  }
},
{
  "model": "finance.taxrate",
  "pk": 1,
  "fields": {
    "name": "Standard VAT",
    "code": "VAT15",
    "rate_percent": "15.00",
    "tax_type": "exclusive",
    "category": "standard",
    "is_active": true,
    "is_default": true,
    "created_at": "2026-04-14T15:32:18.506Z"
  }
}
]
